method,seed,budget,image_count,group_count,total_GT,empty_GT_images,coverage_total,coverage_per_image,coverage_recall,quality_total,quality_per_image,legacy_TP,legacy_FP,legacy_FN,precision,recall,F1,output_records,K_mean,K_median,K_min,K_max,AP,AP50,AP75,AR100,variant_id,class_weight_on,multi_threshold_on,source,multi_iou_coverage_total,multi_iou_coverage_per_image,class50_weighted_coverage_total,class50_weighted_coverage_per_image
LEARN_MICRO,530101,10,2000,50,29966,3,14302,7.151,0.4772742441433625,8478.651349589052,4.239325674794526,14297,5703,15669,0.71485,0.47710738837349,0.5722691430172517,20000,10,8,5,42,0.15256321030574782,0.2501910685168354,0.15463039854665844,0.19786251248828324,M00,false,false,REUSED_P1,9251.3,4.625649999999999,13282.713004592362,6.641356502296182
LEARN_MICRO,530101,15,2000,50,29966,3,16886,8.443,0.5635053060134819,9776.197746438625,4.888098873219313,16864,13136,13102,0.5621333333333334,0.5627711406260428,0.5624520561651603,30000,15,13,5,50,0.16744844573910514,0.2836671953459512,0.16634495477746822,0.23800918191786544,M00,false,false,REUSED_P1,10413.2,5.206600000000001,16058.209479126312,8.029104739563156
LEARN_MICRO,530101,20,2000,50,29966,3,18327,9.1635,0.6115931388907428,10492.235242813382,5.2461176214066905,18300,21700,11666,0.4575,0.6106921177334312,0.5231112254523627,40000,20,18,5,50,0.1745221818534191,0.3014090553438019,0.171042552533625,0.26341807899380126,M00,false,false,REUSED_P1,11048.9,5.52445,17623.877483494023,8.811938741747012
LEARN_MICRO,530101,30,2000,50,29966,3,19934,9.967,0.6652205833277715,11265.063178677705,5.632531589338853,19901,40099,10065,0.33168333333333333,0.6641193352466128,0.4424115777071338,60000,30,30,5,50,0.18029955593065272,0.3139527401734398,0.17513856819321766,0.29403998037191437,M00,false,false,REUSED_P1,11748.6,5.8743,19318.0850024694,9.659042501234701
LEARN_MICRO,530101,40,2000,50,29966,3,20685,10.3425,0.6902823199626243,11639.831896185602,5.819915948092801,20651,59349,9315,0.2581375,0.6891477007274912,0.3755888183620392,80000,40,46,5,50,0.18239724357069495,0.31940062472224245,0.1763214237062137,0.3097814261023827,M00,false,false,REUSED_P1,12089.7,6.04485,20098.160768346424,10.049080384173212
LEARN_MICRO,530102,10,2000,50,29966,3,14299,7.1495,0.477174130681439,8506.975974334819,4.253487987167409,14295,5705,15671,0.71475,0.4770406460655409,0.5721890885802345,20000,10,9,5,38,0.15453481989689347,0.25439745864299645,0.1567574826607056,0.20203526938928204,M00,false,false,REUSED_P1,9262.1,4.63105,13301.05701053799,6.650528505268995
LEARN_MICRO,530102,15,2000,50,29966,3,16899,8.4495,0.5639391310151505,9802.919389611809,4.901459694805904,16881,13119,13085,0.5627,0.5633384502436094,0.5630190441250041,30000,15,13,5,50,0.1689253270464298,0.28704538993818274,0.16778401947423438,0.24184127140368794,M00,false,false,REUSED_P1,10431.1,5.21555,16083.764453804379,8.041882226902189
LEARN_MICRO,530102,20,2000,50,29966,3,18325,9.1625,0.6115263965827938,10492.745048690522,5.246372524345261,18296,21704,11670,0.4574,0.6105586331175332,0.5229968842008975,40000,20,18,5,50,0.17447899395047534,0.3009429801957603,0.17134285340740377,0.2640011209169746,M00,false,false,REUSED_P1,11057.1,5.52855,17591.111299247244,8.795555649623623
LEARN_MICRO,530102,30,2000,50,29966,3,19936,9.968,0.6652873256357205,11262.212889324921,5.631106444662461,19904,40096,10062,0.3317333333333333,0.6642194487085363,0.44247826956850367,60000,30,30,5,50,0.1804893096953594,0.3142453533243771,0.17540810177340846,0.2953263525259868,M00,false,false,REUSED_P1,11746.8,5.873399999999999,19316.490351953267,9.658245175976633
LEARN_MICRO,530102,40,2000,50,29966,3,20677,10.3385,0.6900153507308283,11626.957638666223,5.8134788193331115,20643,59357,9323,0.2580375,0.6888807314956952,0.3754433188440063,80000,40,45,5,50,0.1823532894758338,0.31902389218809796,0.17646673131683924,0.3094945608431318,M00,false,false,REUSED_P1,12082.3,6.04115,20082.074349475904,10.041037174737951
LEARN_MICRO,530103,10,2000,50,29966,3,14292,7.146,0.4769405326036174,8492.855716064048,4.246427858032024,14287,5713,15679,0.71435,0.4767736768337449,0.5718688708321658,20000,10,9,5,42,0.1531625893478563,0.25095866348311663,0.1556279707636473,0.19945076865178274,M00,false,false,REUSED_P1,9256.9,4.62845,13272.461968327536,6.636230984163768
LEARN_MICRO,530103,15,2000,50,29966,3,16912,8.456,0.564372956016819,9796.918251815554,4.8984591259077765,16889,13111,13077,0.5629666666666666,0.5636054194754054,0.5632858619884601,30000,15,13,5,50,0.16889894454576604,0.28673017308563087,0.1674320276870931,0.24165140393173204,M00,false,false,REUSED_P1,10424.3,5.212149999999999,16087.987267925655,8.043993633962828
LEARN_MICRO,530103,20,2000,50,29966,3,18332,9.166,0.6117599946606154,10483.428679221794,5.241714339610897,18304,21696,11662,0.4576,0.6108256023493293,0.5232255667038276,40000,20,18,5,50,0.17442194786027526,0.301330219157524,0.1712498950058283,0.2632370528353725,M00,false,false,REUSED_P1,11051.9,5.52595,17591.231906511064,8.795615953255533
LEARN_MICRO,530103,30,2000,50,29966,3,19948,9.974,0.6656877794834145,11269.574046689691,5.634787023344845,19914,40086,10052,0.3319,0.6645531602482814,0.4427005757730698,60000,30,30,5,50,0.18035527798635206,0.31389851512518263,0.17531055302594067,0.29449385437271147,M00,false,false,REUSED_P1,11752.9,5.87645,19328.898726746356,9.664449363373178
LEARN_MICRO,530103,40,2000,50,29966,3,20695,10.3475,0.6906160315023694,11641.09665582834,5.82054832791417,20660,59340,9306,0.25825,0.6894480411132617,0.3757525053198261,80000,40,46,5,50,0.1824511533451358,0.3192836596141286,0.1765315347391711,0.3102357591133155,M00,false,false,REUSED_P1,12089.5,6.04475,20107.004703644434,10.053502351822218
LEARN_QUALITY,530101,10,2000,50,29966,3,13974,6.987,0.466328505639725,8661.604737210308,4.330802368605154,13969,6031,15997,0.69845,0.4661616498698525,0.5591402153464357,20000,10,8,5,48,0.16003198482243755,0.2619450914829073,0.16284179294138476,0.21851180327695402,M11,true,true,REUSED_P1,9191.1,4.59555,13423.801898442396,6.711900949221198
LEARN_QUALITY,530101,15,2000,50,29966,3,16674,8.337,0.5564306213708871,9951.075655748646,4.975537827874323,16655,13345,13311,0.5551666666666667,0.5557965694453714,0.5554814394823734,30000,15,13,5,50,0.17277695224534528,0.2940131801583264,0.17027327672942555,0.2575431591304431,M11,true,true,REUSED_P1,10401.6,5.2008,16224.48460190982,8.112242300954911
LEARN_QUALITY,530101,20,2000,50,29966,3,18114,9.057,0.6044850830941734,10590.391272260485,5.295195636130242,18088,21912,11878,0.4522,0.6036174330908363,0.5170511391247177,40000,20,18,5,50,0.17725168837905708,0.3057400084575714,0.17334962513102106,0.27776026922681146,M11,true,true,REUSED_P1,11007.9,5.50395,17691.89676386453,8.845948381932265
LEARN_QUALITY,530101,30,2000,50,29966,3,19825,9.9125,0.6615831275445505,11333.552659435993,5.6667763297179965,19790,40210,10176,0.3298333333333333,0.6604151371554429,0.4399439788364493,60000,30,30,5,50,0.18142742796744332,0.3157361214737855,0.17613424241563225,0.30330395463123505,M11,true,true,REUSED_P1,11739,5.8695,19361.182073446696,9.680591036723348
LEARN_QUALITY,530101,40,2000,50,29966,3,20648,10.324,0.6890475872655677,11670.531570549734,5.835265785274867,20614,59386,9352,0.257675,0.6879129680304344,0.37491588309113727,80000,40,46,5,50,0.1825414059959759,0.31909825362501903,0.17672512042816757,0.31249501591140383,M11,true,true,REUSED_P1,12090.1,6.04505,20111.670695696757,10.05583534784838
LEARN_QUALITY,530102,10,2000,50,29966,3,13935,6.9675,0.46502703063471934,8671.077856292712,4.335538928146356,13928,6072,16038,0.6964,0.4647934325568978,0.5574990993875836,20000,10,8,5,48,0.16085447240740183,0.2633935581412383,0.16373233724930297,0.22181245786875733,M11,true,true,REUSED_P1,9182.2,4.5911,13415.221249081944,6.707610624540972
LEARN_QUALITY,530102,15,2000,50,29966,3,16585,8.2925,0.5534605886671561,9912.351613093528,4.956175806546764,16567,13433,13399,0.5522333333333334,0.552859907895615,0.5525464429843577,30000,15,13,5,50,0.17259460743507146,0.2930941531420336,0.17060055421136094,0.25897731439350746,M11,true,true,REUSED_P1,10360.7,5.180350000000001,16124.653532622859,8.062326766311429
LEARN_QUALITY,530102,20,2000,50,29966,3,18074,9.037,0.6031502369351932,10606.36390073265,5.303181950366325,18048,21952,11918,0.4512,0.6022825869318561,0.5159077266100677,40000,20,18,5,50,0.17758979941826017,0.3059894607134072,0.17393203373478097,0.2806119283490177,M11,true,true,REUSED_P1,11006.8,5.5034,17665.59762477862,8.83279881238931
LEARN_QUALITY,530102,30,2000,50,29966,3,19842,9.921,0.6621504371621171,11332.209415545494,5.666104707772747,19808,40192,10158,0.33013333333333333,0.6610158179269839,0.44034413000466843,60000,30,30,5,50,0.1814542678570926,0.31631739269241077,0.17597513302861187,0.3036834671642128,M11,true,true,REUSED_P1,11742.5,5.87125,19372.09144497355,9.686045722486774
LEARN_QUALITY,530102,40,2000,50,29966,3,20640,10.32,0.6887806180337717,11662.48207829367,5.831241039146835,20607,59393,9359,0.2575875,0.6876793699526129,0.3747885710128585,80000,40,46,5,50,0.18252674294973034,0.3190849600737696,0.17671563459475456,0.3122365295240785,M11,true,true,REUSED_P1,12085.7,6.0428500000000005,20100.10144386982,10.050050721934909
LEARN_QUALITY,530103,10,2000,50,29966,3,13960,6.98,0.46586130948408194,8662.982971480345,4.331491485740172,13953,6047,16013,0.69765,0.4656277114062604,0.5584997798502982,20000,10,8,5,48,0.16095609381993028,0.2636681465956186,0.16368385755474543,0.22066675980098155,M11,true,true,REUSED_P1,9188.3,4.59415,13409.541453330176,6.704770726665088
LEARN_QUALITY,530103,15,2000,50,29966,3,16654,8.327,0.5557631982913969,9940.894609368246,4.970447304684123,16634,13366,13332,0.5544666666666667,0.5550957752119068,0.5547810425908014,30000,15,13,5,50,0.17283578589718315,0.29417351056482927,0.17100054525288522,0.2591669799351031,M11,true,true,REUSED_P1,10393.6,5.1968000000000005,16186.374140122864,8.093187070061433
LEARN_QUALITY,530103,20,2000,50,29966,3,18123,9.0615,0.6047854234799439,10600.123469605936,5.300061734802968,18094,21906,11872,0.45235,0.6038176600146833,0.5172226510019152,40000,20,18,5,50,0.1774173870240224,0.30583716411778383,0.1737508926120823,0.2791438331635624,M11,true,true,REUSED_P1,11016.4,5.5081999999999995,17687.543529922295,8.843771764961147
LEARN_QUALITY,530103,30,2000,50,29966,3,19850,9.925,0.6624174063939131,11347.279921019475,5.673639960509738,19816,40184,10150,0.33026666666666665,0.66128278715878,0.44052197496832135,60000,30,30,5,50,0.18149242431047444,0.31636607637039094,0.17600212090230802,0.3041136918484698,M11,true,true,REUSED_P1,11756.2,5.878100000000001,19386.14984795403,9.693074923977015
LEARN_QUALITY,530103,40,2000,50,29966,3,20667,10.3335,0.6896816391910833,11673.260719238298,5.836630359619149,20633,59367,9333,0.2579125,0.68854701995595,0.37526144444646525,80000,40,47,5,50,0.18257298224645166,0.31955504040064986,0.1767219806745087,0.3123508122454258,M11,true,true,REUSED_P1,12095.5,6.04775,20124.63674871388,10.062318374356941
S_ADAPT,-1,10,2000,50,29966,3,13818,6.909,0.4611226056197023,8402.066259577055,4.201033129788528,13811,6189,16155,0.69055,0.4608890075418808,0.552815914822079,20000,10,9,5,32,0.1536753879858031,0.24878108559773923,0.1568156295322357,0.2034422345381616,BASELINE,false,false,REUSED_P1,9072.5,4.53625,12974.645086686975,6.487322543343487
S_ADAPT,-1,15,2000,50,29966,3,16452,8.226,0.549022225188547,9705.779354615213,4.852889677307607,16432,13568,13534,0.5477333333333333,0.548354802109057,0.5480438915385385,30000,15,14,5,46,0.1685191775022739,0.2849258121710403,0.16727555168259428,0.24420169058950672,BASELINE,false,false,REUSED_P1,10265.3,5.13265,15780.93140166261,7.890465700831305
S_ADAPT,-1,20,2000,50,29966,3,17867,8.9335,0.5962424080624708,10380.293765631246,5.190146882815623,17838,22162,12128,0.44595,0.5952746445972101,0.5099048109081553,40000,20,19,5,50,0.1744860246975717,0.29901577228025406,0.17116692875010614,0.2672592834262313,BASELINE,false,false,REUSED_P1,10878.2,5.439100000000001,17283.86873978135,8.641934369890674
S_ADAPT,-1,30,2000,50,29966,3,19630,9.815,0.6550757525195221,11211.049687507597,5.605524843753798,19596,40404,10370,0.3266,0.653941133284389,0.43563123846786567,60000,30,30,5,50,0.1803682958358143,0.3139704567143455,0.17552992658206243,0.29675315738757413,BASELINE,false,false,REUSED_P1,11648.3,5.8241499999999995,19126.37624497866,9.56318812248933
S_ADAPT,-1,40,2000,50,29966,3,20527,10.2635,0.6850096776346526,11605.621806984349,5.802810903492174,20494,59506,9472,0.256175,0.683908429553494,0.37273339032064456,80000,40,45,5,50,0.18221589970405566,0.31836874187893793,0.17662584047580418,0.3100090143564497,BASELINE,false,false,REUSED_P1,12036.5,6.01825,19987.364093514887,9.993682046757444
LEARN_CLASS50,530101,10,2000,50,29966,3,14115,7.0575,0.47103383835013013,8638.010927192794,4.319005463596397,14109,5891,15857,0.70545,0.4708336114262831,0.5647440259376375,20000,10,8,5,48,0.15917408560869295,0.2615300240368781,0.16092544017996394,0.21475712224052104,M10,true,false,NEW_P1A,9172.800000000001,4.5864,13561.527662222083,6.780763831111042
LEARN_CLASS50,530101,15,2000,50,29966,3,16765,8.3825,0.5594673963825669,9894.366220771008,4.947183110385504,16748,13252,13218,0.5582666666666667,0.5589000867650004,0.5585831971450489,30000,15,13,5,50,0.17167356004864104,0.29374070550869413,0.16984060768544684,0.25227276387789016,M10,true,false,NEW_P1A,10374,5.187,16261.623768852563,8.130811884426281
LEARN_CLASS50,530101,20,2000,50,29966,3,18188,9.094,0.6069545484882867,10556.067851216052,5.278033925608026,18163,21837,11803,0.454075,0.6061202696389241,0.5191950375896864,40000,20,17.5,5,50,0.1765999516106708,0.30574606690411515,0.1720986656339419,0.2739940568783311,M10,true,false,NEW_P1A,11000.099999999999,5.500049999999999,17717.995243748825,8.858997621874412
LEARN_CLASS50,530101,30,2000,50,29966,3,19855,9.9275,0.6625842621637856,11308.233298625342,5.654116649312671,19822,40178,10144,0.33036666666666664,0.661483014082627,0.44065535869106104,60000,30,30,5,50,0.18103168651287685,0.31577339402306764,0.17563509209625358,0.30000392081571275,M10,true,false,NEW_P1A,11727.2,5.8636,19363.754411525264,9.681877205762632
LEARN_CLASS50,530101,40,2000,50,29966,3,20668,10.334,0.6897150103450578,11656.97625008841,5.828488125044205,20635,59365,9331,0.2579375,0.688613762263899,0.3752978193259735,80000,40,46,5,50,0.18255369456580053,0.31929507461566153,0.17680237151701542,0.3117455263167827,M10,true,false,NEW_P1A,12083.3,6.04165,20126.302982176625,10.063151491088313
LEARN_CLASS50,530102,10,2000,50,29966,3,14091,7.0455,0.47023293065474203,8655.305895074136,4.327652947537068,14086,5914,15880,0.7043,0.4700660748848695,0.5638233999119402,20000,10,8,5,48,0.16003773726552628,0.2635865776263842,0.16217359108764837,0.21735796873484606,M10,true,false,NEW_P1A,9179.5,4.58975,13544.649151809244,6.772324575904622
LEARN_CLASS50,530102,15,2000,50,29966,3,16755,8.3775,0.5591336848428219,9890.464996240378,4.945232498120189,16740,13260,13226,0.558,0.5586331175332043,0.558316379281593,30000,15,13,5,50,0.17113853705583862,0.2929206735092972,0.1692667666678214,0.2512915261502913,M10,true,false,NEW_P1A,10377.3,5.18865,16237.05190001617,8.118525950008085
LEARN_CLASS50,530102,20,2000,50,29966,3,18190,9.095,0.6070212907962357,10569.938596503453,5.284969298251727,18161,21839,11805,0.454025,0.6060535273309751,0.5191378669639538,40000,20,18,5,50,0.1768694630332512,0.3052368352418274,0.17328992126227186,0.2758534333086614,M10,true,false,NEW_P1A,11011.6,5.5058,17708.330551308267,8.854165275654134
LEARN_CLASS50,530102,30,2000,50,29966,3,19897,9.9485,0.6639858506307148,11322.553711916331,5.661276855958166,19866,40134,10100,0.3311,0.6629513448575052,0.4416335059911522,60000,30,30,5,50,0.18113345944386694,0.3164224400948588,0.17564461682912533,0.30091706167062166,M10,true,false,NEW_P1A,11744.5,5.87225,19396.01589383474,9.69800794691737
LEARN_CLASS50,530102,40,2000,50,29966,3,20670,10.335,0.6897817526530068,11654.16012325387,5.827080061626935,20636,59364,9330,0.25795,0.6886471334178735,0.37531600676572763,80000,40,45,5,50,0.1825571302653917,0.31973831283107934,0.17664356474906567,0.31189819974625904,M10,true,false,NEW_P1A,12079.599999999999,6.0398,20127.60413611692,10.06380206805846
LEARN_CLASS50,530103,10,2000,50,29966,3,14066,7.033,0.46939865180537943,8632.925162558808,4.316462581279404,14061,5939,15905,0.70305,0.4692317960355069,0.5628227194492256,20000,10,8,5,48,0.15988569341251951,0.2630290671874994,0.1622804685523354,0.2170580567348376,M10,true,false,NEW_P1A,9163.4,4.5817,13504.796311680158,6.752398155840079
LEARN_CLASS50,530103,15,2000,50,29966,3,16782,8.391,0.5600347060001335,9909.431229881673,4.954715614940836,16762,13238,13204,0.5587333333333333,0.5593672829206434,0.5590501284060968,30000,15,13,5,50,0.17200478192596771,0.2942214677555327,0.1698158755783494,0.25384537787439226,M10,true,false,NEW_P1A,10385.900000000001,5.192950000000001,16266.790516419609,8.133395258209804
LEARN_CLASS50,530103,20,2000,50,29966,3,18222,9.111,0.6080891677234199,10580.664710680749,5.290332355340374,18192,21808,11774,0.4548,0.6070880331041847,0.5200240116628077,40000,20,18,5,50,0.1766704206613021,0.3052800805207612,0.17230627793593523,0.2752566640187159,M10,true,false,NEW_P1A,11019.6,5.5098,17751.333318601617,8.875666659300808
LEARN_CLASS50,530103,30,2000,50,29966,3,19901,9.9505,0.6641193352466128,11329.740696934325,5.664870348467162,19867,40133,10099,0.33111666666666667,0.6629847160114797,0.4416557366116088,60000,30,30,5,50,0.18127455807134818,0.31671512757423004,0.1757298568523615,0.3011772405830758,M10,true,false,NEW_P1A,11748.7,5.874350000000001,19414.4921110226,9.7072460555113
LEARN_CLASS50,530103,40,2000,50,29966,3,20691,10.3455,0.6904825468864714,11668.125822841163,5.834062911420581,20657,59343,9309,0.2582125,0.6893479276513382,0.3756979430005638,80000,40,46,5,50,0.18259256716022576,0.3195694368714075,0.17672746451843305,0.3121940498043251,M10,true,false,NEW_P1A,12090.3,6.04515,20144.9501351473,10.07247506757365
LEARN_MULTI,530101,10,2000,50,29966,3,14241,7.1205,0.4752386037509177,8542.491301494134,4.271245650747067,14232,5768,15734,0.7116,0.47493826336514716,0.5696673738141937,20000,10,8,5,42,0.15514746327121404,0.25318038310512336,0.15802817713266257,0.2041281492683936,M01,false,true,NEW_P1A,9285.599999999999,4.642799999999999,13271.41400202028,6.6357070010101395
LEARN_MULTI,530101,15,2000,50,29966,3,16858,8.429,0.5625709137021958,9850.0181340653,4.92500906703265,16838,13162,13128,0.5612666666666667,0.5619034906227057,0.5615848981089284,30000,15,13,5,50,0.1691567220299152,0.28673914966961134,0.16844359395526062,0.24384621534898138,M01,false,true,NEW_P1A,10452.599999999999,5.226299999999999,16092.16997457622,8.04608498728811
LEARN_MULTI,530101,20,2000,50,29966,3,18280,9.14,0.6100246946539412,10527.341688826924,5.263670844413462,18253,21747,11713,0.456325,0.6091236734966295,0.5217677157476489,40000,20,18,5,50,0.17507925040201724,0.3017085485356982,0.17213290443476345,0.26633839879538446,M01,false,true,NEW_P1A,11068.400000000001,5.534200000000001,17599.67900106333,8.799839500531665
LEARN_MULTI,530101,30,2000,50,29966,3,19909,9.9545,0.6643863044784089,11295.449326349137,5.647724663174569,19876,40124,10090,0.33126666666666665,0.6632850563972502,0.44185581219571834,60000,30,30,5,50,0.18081298976704102,0.31449449179217925,0.1757116063776352,0.29769402931468025,M01,false,true,NEW_P1A,11767.199999999999,5.8835999999999995,19309.777938823132,9.654888969411566
LEARN_MULTI,530101,40,2000,50,29966,3,20667,10.3335,0.6896816391910833,11641.535570689055,5.820767785344527,20632,59368,9334,0.2579,0.6885136488019755,0.3752432570067112,80000,40,46,5,50,0.18242596376211057,0.3191007298242226,0.1766661176533568,0.3102143826213871,M01,false,true,NEW_P1A,12090.400000000001,6.0452,20078.07654460692,10.03903827230346
LEARN_MULTI,530102,10,2000,50,29966,3,14197,7.0985,0.4737702729760395,8574.415518491156,4.287207759245578,14191,5809,15775,0.70955,0.4735700460521925,0.5680262578553417,20000,10,9,5,38,0.1564869128046086,0.25507966913399643,0.1591272588380815,0.20796207263304023,M01,false,true,NEW_P1A,9286.6,4.6433,13273.990902031619,6.636995451015809
LEARN_MULTI,530102,15,2000,50,29966,3,16817,8.4085,0.5612026963892411,9848.328219132274,4.924164109566137,16797,13203,13169,0.5599,0.5605352733097511,0.5602174565587167,30000,15,14,5,48,0.16990197246084848,0.2893562846727771,0.1687836940571964,0.24685756840752057,M01,false,true,NEW_P1A,10441.800000000001,5.2209,16066.210507143524,8.033105253571762
LEARN_MULTI,530102,20,2000,50,29966,3,18258,9.129,0.6092905292665021,10536.524881543373,5.268262440771687,18228,21772,11738,0.4557,0.608289394647267,0.5210530829259926,40000,20,19,5,50,0.175774791764043,0.3024901564494801,0.1725440799518191,0.27082134073672987,M01,false,true,NEW_P1A,11068.7,5.534350000000001,17586.631961033607,8.793315980516804
LEARN_MULTI,530102,30,2000,50,29966,3,19903,9.9515,0.6641860775545618,11292.93029260274,5.646465146301369,19870,40130,10096,0.33116666666666666,0.6630848294734032,0.44172242847297866,60000,30,30,5,50,0.18095413352326986,0.3149820427991186,0.17599685816537272,0.29818682974269467,M01,false,true,NEW_P1A,11766.5,5.88325,19305.28703599525,9.652643517997625
LEARN_MULTI,530102,40,2000,50,29966,3,20665,10.3325,0.6896148968831343,11638.489939176707,5.819244969588353,20632,59368,9334,0.2579,0.6885136488019755,0.3752432570067112,80000,40,46,5,50,0.1824844948187705,0.31924271085099803,0.17665389238836046,0.31032817516120426,M01,false,true,NEW_P1A,12089.400000000001,6.044700000000001,20075.0887984869,10.03754439924345
LEARN_MULTI,530103,10,2000,50,29966,3,14178,7.089,0.47313622105052394,8545.858580676859,4.272929290338429,14170,5830,15796,0.7085,0.4728692518187279,0.5671856862666613,20000,10,8.5,5,42,0.15600923588747917,0.25267350345051287,0.1591789742038233,0.20633297414972648,M01,false,true,NEW_P1A,9284.499999999998,4.642249999999999,13196.347360907124,6.598173680453562
LEARN_MULTI,530103,15,2000,50,29966,3,16832,8.416,0.5617032636988587,9837.585629946614,4.918792814973307,16809,13191,13157,0.5603,0.5609357271574451,0.5606176833539006,30000,15,13,5,50,0.16960372107975732,0.28798436141771366,0.16890200024924998,0.2453656957487917,M01,false,true,NEW_P1A,10447.4,5.2237,16043.741086383623,8.021870543191811
LEARN_MULTI,530103,20,2000,50,29966,3,18284,9.142,0.6101581792698392,10551.118546902615,5.275559273451307,18255,21745,11711,0.456375,0.6091904158045786,0.5218248863733813,40000,20,18,5,50,0.1760158952761419,0.30283299381495,0.17279852626146464,0.27184706604607783,M01,false,true,NEW_P1A,11073.8,5.536899999999999,17625.225668858147,8.812612834429073
LEARN_MULTI,530103,30,2000,50,29966,3,19922,9.961,0.6648201294800774,11305.464890188588,5.652732445094294,19890,40110,10076,0.3315,0.6637522525528933,0.44216704088211106,60000,30,30,5,50,0.18091773161709673,0.31498908067641285,0.1758387141225275,0.2983678373418284,M01,false,true,NEW_P1A,11776.7,5.88835,19336.520502223302,9.66826025111165
LEARN_MULTI,530103,40,2000,50,29966,3,20693,10.3465,0.6905492891944204,11658.276113210683,5.829138056605341,20658,59342,9308,0.258225,0.6893812988053127,0.37571613044031793,80000,40,46,5,50,0.182486041405884,0.31921156622485597,0.17665942445189484,0.3110468162615064,M01,false,true,NEW_P1A,12102.5,6.05125,20110.815367455252,10.055407683727626
