contrast_family,contrast,metric,scope,variant,observed_delta,ci95_low,ci95_high,strict_positive_resample_fraction,bootstrap_unit,bootstrap_resamples,bootstrap_seed,group_count
FACTORIAL,C_T0,coverage_per_image,10,THREE_SEED_MEAN,-0.1035000000000001,-0.13017083333333349,-0.07866666666666676,0,frozen 40-image group,5000,530002,50
FACTORIAL,C_T1,coverage_per_image,10,THREE_SEED_MEAN,-0.12450000000000003,-0.1488333333333334,-0.10216666666666673,0,frozen 40-image group,5000,530002,50
FACTORIAL,T_C0,coverage_per_image,10,THREE_SEED_MEAN,-0.046166666666666745,-0.06033333333333342,-0.0316666666666667,0,frozen 40-image group,5000,530002,50
FACTORIAL,T_C1,coverage_per_image,10,THREE_SEED_MEAN,-0.06716666666666667,-0.08183333333333331,-0.052666666666666695,0,frozen 40-image group,5000,530002,50
FACTORIAL,I,coverage_per_image,10,THREE_SEED_MEAN,-0.020999999999999908,-0.03916666666666654,-0.0029999999999999155,0.0116,frozen 40-image group,5000,530002,50
VS_S_ADAPT,M00_VS_S_ADAPT,coverage_per_image,10,THREE_SEED_MEAN,0.23983333333333337,0.2180000000000001,0.26217083333333324,1,frozen 40-image group,5000,530002,50
VS_S_ADAPT,M10_VS_S_ADAPT,coverage_per_image,10,THREE_SEED_MEAN,0.1363333333333333,0.10783333333333348,0.16383333333333325,1,frozen 40-image group,5000,530002,50
VS_S_ADAPT,M01_VS_S_ADAPT,coverage_per_image,10,THREE_SEED_MEAN,0.19366666666666668,0.16983333333333328,0.21733749999999996,1,frozen 40-image group,5000,530002,50
VS_S_ADAPT,M11_VS_S_ADAPT,coverage_per_image,10,THREE_SEED_MEAN,0.06916666666666663,0.03733333333333331,0.10016666666666657,1,frozen 40-image group,5000,530002,50
FACTORIAL,C_T0,coverage_per_image,15,THREE_SEED_MEAN,-0.06583333333333317,-0.08783333333333293,-0.0443333333333332,0,frozen 40-image group,5000,530002,50
FACTORIAL,C_T1,coverage_per_image,15,THREE_SEED_MEAN,-0.09899999999999996,-0.1213374999999999,-0.07666250000000001,0,frozen 40-image group,5000,530002,50
FACTORIAL,T_C0,coverage_per_image,15,THREE_SEED_MEAN,-0.03166666666666671,-0.04700000000000006,-0.016500000000000164,0,frozen 40-image group,5000,530002,50
FACTORIAL,T_C1,coverage_per_image,15,THREE_SEED_MEAN,-0.0648333333333335,-0.0830000000000002,-0.04783333333333365,0,frozen 40-image group,5000,530002,50
FACTORIAL,I,coverage_per_image,15,THREE_SEED_MEAN,-0.033166666666666754,-0.05349999999999968,-0.013833333333333466,0.0004,frozen 40-image group,5000,530002,50
VS_S_ADAPT,M00_VS_S_ADAPT,coverage_per_image,15,THREE_SEED_MEAN,0.22349999999999995,0.19299999999999987,0.2540041666666667,1,frozen 40-image group,5000,530002,50
VS_S_ADAPT,M10_VS_S_ADAPT,coverage_per_image,15,THREE_SEED_MEAN,0.15766666666666676,0.12633333333333344,0.19166666666666676,1,frozen 40-image group,5000,530002,50
VS_S_ADAPT,M01_VS_S_ADAPT,coverage_per_image,15,THREE_SEED_MEAN,0.19183333333333322,0.1625,0.2209999999999998,1,frozen 40-image group,5000,530002,50
VS_S_ADAPT,M11_VS_S_ADAPT,coverage_per_image,15,THREE_SEED_MEAN,0.09283333333333327,0.06549999999999981,0.12149999999999996,1,frozen 40-image group,5000,530002,50
FACTORIAL,C_T0,coverage_per_image,20,THREE_SEED_MEAN,-0.06400000000000017,-0.08300000000000014,-0.045000000000000144,0,frozen 40-image group,5000,530002,50
FACTORIAL,C_T1,coverage_per_image,20,THREE_SEED_MEAN,-0.08516666666666672,-0.1068333333333335,-0.06350000000000015,0,frozen 40-image group,5000,530002,50
FACTORIAL,T_C0,coverage_per_image,20,THREE_SEED_MEAN,-0.026999999999999993,-0.04200000000000007,-0.011666666666666499,0.0006,frozen 40-image group,5000,530002,50
FACTORIAL,T_C1,coverage_per_image,20,THREE_SEED_MEAN,-0.04816666666666656,-0.06267083333333334,-0.032999999999999974,0,frozen 40-image group,5000,530002,50
FACTORIAL,I,coverage_per_image,20,THREE_SEED_MEAN,-0.021166666666666566,-0.037833333333333385,-0.004999999999999856,0.0034,frozen 40-image group,5000,530002,50
VS_S_ADAPT,M00_VS_S_ADAPT,coverage_per_image,20,THREE_SEED_MEAN,0.23050000000000012,0.2026625,0.25733750000000016,1,frozen 40-image group,5000,530002,50
VS_S_ADAPT,M10_VS_S_ADAPT,coverage_per_image,20,THREE_SEED_MEAN,0.16649999999999995,0.14233333333333328,0.1911708333333332,1,frozen 40-image group,5000,530002,50
VS_S_ADAPT,M01_VS_S_ADAPT,coverage_per_image,20,THREE_SEED_MEAN,0.20350000000000013,0.17582916666666684,0.23133333333333347,1,frozen 40-image group,5000,530002,50
VS_S_ADAPT,M11_VS_S_ADAPT,coverage_per_image,20,THREE_SEED_MEAN,0.11833333333333339,0.08833333333333354,0.14816666666666675,1,frozen 40-image group,5000,530002,50
FACTORIAL,C_T0,coverage_per_image,30,THREE_SEED_MEAN,-0.027499999999999927,-0.04283333333333328,-0.012666666666666514,0,frozen 40-image group,5000,530002,50
FACTORIAL,C_T1,coverage_per_image,30,THREE_SEED_MEAN,-0.03616666666666639,-0.04983333333333299,-0.0221666666666664,0,frozen 40-image group,5000,530002,50
FACTORIAL,T_C0,coverage_per_image,30,THREE_SEED_MEAN,-0.013999999999999879,-0.026333333333333115,-0.0021666666666666856,0.0092,frozen 40-image group,5000,530002,50
FACTORIAL,T_C1,coverage_per_image,30,THREE_SEED_MEAN,-0.02266666666666634,-0.0345041666666666,-0.011999999999999527,0,frozen 40-image group,5000,530002,50
FACTORIAL,I,coverage_per_image,30,THREE_SEED_MEAN,-0.008666666666666458,-0.02333333333333272,0.006333333333333263,0.135,frozen 40-image group,5000,530002,50
VS_S_ADAPT,M00_VS_S_ADAPT,coverage_per_image,30,THREE_SEED_MEAN,0.1546666666666666,0.13250000000000006,0.17733333333333323,1,frozen 40-image group,5000,530002,50
VS_S_ADAPT,M10_VS_S_ADAPT,coverage_per_image,30,THREE_SEED_MEAN,0.12716666666666665,0.10666666666666678,0.14833333333333326,1,frozen 40-image group,5000,530002,50
VS_S_ADAPT,M01_VS_S_ADAPT,coverage_per_image,30,THREE_SEED_MEAN,0.1406666666666667,0.11966666666666673,0.1616666666666668,1,frozen 40-image group,5000,530002,50
VS_S_ADAPT,M11_VS_S_ADAPT,coverage_per_image,30,THREE_SEED_MEAN,0.10450000000000031,0.08416666666666711,0.12483750000000057,1,frozen 40-image group,5000,530002,50
FACTORIAL,C_T0,coverage_per_image,40,THREE_SEED_MEAN,-0.004666666666666473,-0.01266666666666655,0.0033333333333333596,0.1288,frozen 40-image group,5000,530002,50
FACTORIAL,C_T1,coverage_per_image,40,THREE_SEED_MEAN,-0.011666666666666714,-0.021000000000000227,-0.0026624999999996807,0.0068,frozen 40-image group,5000,530002,50
FACTORIAL,T_C0,coverage_per_image,40,THREE_SEED_MEAN,-0.005333333333333173,-0.012166666666666543,0.0008375000000005518,0.054,frozen 40-image group,5000,530002,50
FACTORIAL,T_C1,coverage_per_image,40,THREE_SEED_MEAN,-0.012333333333333413,-0.02166666666666665,-0.0031666666666670187,0.0026,frozen 40-image group,5000,530002,50
FACTORIAL,I,coverage_per_image,40,THREE_SEED_MEAN,-0.007000000000000241,-0.014499999999999994,0.00016666666666619533,0.026,frozen 40-image group,5000,530002,50
VS_S_ADAPT,M00_VS_S_ADAPT,coverage_per_image,40,THREE_SEED_MEAN,0.07933333333333337,0.06316666666666666,0.0948375000000003,1,frozen 40-image group,5000,530002,50
VS_S_ADAPT,M10_VS_S_ADAPT,coverage_per_image,40,THREE_SEED_MEAN,0.0746666666666669,0.05833333333333357,0.09050000000000029,1,frozen 40-image group,5000,530002,50
VS_S_ADAPT,M01_VS_S_ADAPT,coverage_per_image,40,THREE_SEED_MEAN,0.0740000000000002,0.05816666666666688,0.08916666666666667,1,frozen 40-image group,5000,530002,50
VS_S_ADAPT,M11_VS_S_ADAPT,coverage_per_image,40,THREE_SEED_MEAN,0.062333333333333484,0.04716666666666693,0.07700000000000029,1,frozen 40-image group,5000,530002,50
FACTORIAL,C_T0,coverage_per_image,CORE_10_15_20,THREE_SEED_MEAN,-0.07777777777777761,-0.09022361111111117,-0.06505555555555567,0,frozen 40-image group,5000,530002,50
FACTORIAL,C_T1,coverage_per_image,CORE_10_15_20,THREE_SEED_MEAN,-0.1028888888888888,-0.11700138888888889,-0.08910972222222183,0,frozen 40-image group,5000,530002,50
FACTORIAL,T_C0,coverage_per_image,CORE_10_15_20,THREE_SEED_MEAN,-0.03494444444444438,-0.0440013888888889,-0.025777777777777663,0,frozen 40-image group,5000,530002,50
FACTORIAL,T_C1,coverage_per_image,CORE_10_15_20,THREE_SEED_MEAN,-0.06005555555555556,-0.07022222222222242,-0.05033333333333356,0,frozen 40-image group,5000,530002,50
FACTORIAL,I,coverage_per_image,CORE_10_15_20,THREE_SEED_MEAN,-0.02511111111111118,-0.03599999999999974,-0.01494305555555571,0,frozen 40-image group,5000,530002,50
VS_S_ADAPT,M00_VS_S_ADAPT,coverage_per_image,CORE_10_15_20,THREE_SEED_MEAN,0.2312777777777776,0.21344444444444438,0.24822361111111116,1,frozen 40-image group,5000,530002,50
VS_S_ADAPT,M10_VS_S_ADAPT,coverage_per_image,CORE_10_15_20,THREE_SEED_MEAN,0.15350000000000003,0.13533194444444452,0.17205694444444486,1,frozen 40-image group,5000,530002,50
VS_S_ADAPT,M01_VS_S_ADAPT,coverage_per_image,CORE_10_15_20,THREE_SEED_MEAN,0.19633333333333325,0.1794444444444445,0.21338888888888882,1,frozen 40-image group,5000,530002,50
VS_S_ADAPT,M11_VS_S_ADAPT,coverage_per_image,CORE_10_15_20,THREE_SEED_MEAN,0.09344444444444445,0.07433194444444426,0.11194583333333356,1,frozen 40-image group,5000,530002,50
FACTORIAL,C_T0,quality_per_image,10,THREE_SEED_MEAN,0.07462649080630258,0.057027294758285434,0.09353901549919952,1,frozen 40-image group,5000,530002,50
FACTORIAL,C_T1,quality_per_image,10,THREE_SEED_MEAN,0.05548336072020244,0.04249725904799558,0.06902275720176335,1,frozen 40-image group,5000,530002,50
FACTORIAL,T_C0,quality_per_image,10,THREE_SEED_MEAN,0.030713726779038098,0.01841033996010107,0.044992278548512614,1,frozen 40-image group,5000,530002,50
FACTORIAL,T_C1,quality_per_image,10,THREE_SEED_MEAN,0.011570596692937949,0.00039240795433051376,0.02266123732449517,0.98,frozen 40-image group,5000,530002,50
FACTORIAL,I,quality_per_image,10,THREE_SEED_MEAN,-0.01914313008610015,-0.032064045544417184,-0.0070327651337869414,0.0012,frozen 40-image group,5000,530002,50
VS_S_ADAPT,M00_VS_S_ADAPT,quality_per_image,10,THREE_SEED_MEAN,0.04538071020945875,0.02490254559451268,0.06510653553063248,1,frozen 40-image group,5000,530002,50
VS_S_ADAPT,M10_VS_S_ADAPT,quality_per_image,10,THREE_SEED_MEAN,0.12000720101576133,0.0982596028655718,0.14228343774521207,1,frozen 40-image group,5000,530002,50
VS_S_ADAPT,M01_VS_S_ADAPT,quality_per_image,10,THREE_SEED_MEAN,0.07609443698849684,0.056609042792789735,0.09474315322547731,1,frozen 40-image group,5000,530002,50
VS_S_ADAPT,M11_VS_S_ADAPT,quality_per_image,10,THREE_SEED_MEAN,0.13157779770869926,0.10846081488231106,0.15504150782223836,1,frozen 40-image group,5000,530002,50
FACTORIAL,C_T0,quality_per_image,15,THREE_SEED_MEAN,0.05303784317117824,0.03848003357049105,0.0673166073157576,1,frozen 40-image group,5000,530002,50
FACTORIAL,C_T1,quality_per_image,15,THREE_SEED_MEAN,0.0447316491777051,0.028736717748494282,0.0614391761687735,1,frozen 40-image group,5000,530002,50
FACTORIAL,T_C0,quality_per_image,15,THREE_SEED_MEAN,0.026649432546367206,0.015595691001753587,0.037807542159113375,1,frozen 40-image group,5000,530002,50
FACTORIAL,T_C1,quality_per_image,15,THREE_SEED_MEAN,0.01834323855289407,0.008637785123013837,0.02803835494183911,1,frozen 40-image group,5000,530002,50
FACTORIAL,I,quality_per_image,15,THREE_SEED_MEAN,-0.008306193993473139,-0.022578002780016787,0.006079009346560057,0.1308,frozen 40-image group,5000,530002,50
VS_S_ADAPT,M00_VS_S_ADAPT,quality_per_image,15,THREE_SEED_MEAN,0.04311622067005783,0.020645388547860407,0.06602528411440212,0.9998,frozen 40-image group,5000,530002,50
VS_S_ADAPT,M10_VS_S_ADAPT,quality_per_image,15,THREE_SEED_MEAN,0.09615406384123606,0.07312175525586954,0.11995669767004213,1,frozen 40-image group,5000,530002,50
VS_S_ADAPT,M01_VS_S_ADAPT,quality_per_image,15,THREE_SEED_MEAN,0.06976565321642504,0.04759103571188445,0.09204208237894239,1,frozen 40-image group,5000,530002,50
VS_S_ADAPT,M11_VS_S_ADAPT,quality_per_image,15,THREE_SEED_MEAN,0.11449730239413014,0.09037829123034147,0.13817966674116405,1,frozen 40-image group,5000,530002,50
FACTORIAL,C_T0,quality_per_image,20,THREE_SEED_MEAN,0.03971036461242578,0.026402124799985455,0.05290927886628943,1,frozen 40-image group,5000,530002,50
FACTORIAL,C_T1,quality_per_image,20,THREE_SEED_MEAN,0.030315587554359685,0.017466693210756085,0.043491723010908784,1,frozen 40-image group,5000,530002,50
FACTORIAL,T_C0,quality_per_image,20,THREE_SEED_MEAN,0.024429357757868767,0.015650715498090998,0.033189628377377815,1,frozen 40-image group,5000,530002,50
FACTORIAL,T_C1,quality_per_image,20,THREE_SEED_MEAN,0.015034580699802671,0.004793642439302747,0.026475245345704015,0.9986,frozen 40-image group,5000,530002,50
FACTORIAL,I,quality_per_image,20,THREE_SEED_MEAN,-0.009394777058066097,-0.020753043101129735,0.002450933287944638,0.0574,frozen 40-image group,5000,530002,50
VS_S_ADAPT,M00_VS_S_ADAPT,quality_per_image,20,THREE_SEED_MEAN,0.054587945638659485,0.03677557805986095,0.07112701489074318,1,frozen 40-image group,5000,530002,50
VS_S_ADAPT,M10_VS_S_ADAPT,quality_per_image,20,THREE_SEED_MEAN,0.09429831025108527,0.0773024897489062,0.11171531926643061,1,frozen 40-image group,5000,530002,50
VS_S_ADAPT,M01_VS_S_ADAPT,quality_per_image,20,THREE_SEED_MEAN,0.07901730339652825,0.06388977009240067,0.09329865547539058,1,frozen 40-image group,5000,530002,50
VS_S_ADAPT,M11_VS_S_ADAPT,quality_per_image,20,THREE_SEED_MEAN,0.10933289095088794,0.09221076456627426,0.1264483716600622,1,frozen 40-image group,5000,530002,50
FACTORIAL,C_T0,quality_per_image,30,THREE_SEED_MEAN,0.027279598797279973,0.01602833033869967,0.03749924771583866,1,frozen 40-image group,5000,530002,50
FACTORIAL,C_T1,quality_per_image,30,THREE_SEED_MEAN,0.019866247810082508,0.011685915365369021,0.02795645545577282,1,frozen 40-image group,5000,530002,50
FACTORIAL,T_C0,quality_per_image,30,THREE_SEED_MEAN,0.016165732408024613,0.007960431085721873,0.02463740027144865,1,frozen 40-image group,5000,530002,50
FACTORIAL,T_C1,quality_per_image,30,THREE_SEED_MEAN,0.00875238142082715,0.0024392811247496587,0.016059620207147077,0.9966,frozen 40-image group,5000,530002,50
FACTORIAL,I,quality_per_image,30,THREE_SEED_MEAN,-0.007413350987197464,-0.014907771646327393,0.000026281063179520438,0.0252,frozen 40-image group,5000,530002,50
VS_S_ADAPT,M00_VS_S_ADAPT,quality_per_image,30,THREE_SEED_MEAN,0.027283508694920737,0.014199977934498956,0.04109771272934299,1,frozen 40-image group,5000,530002,50
VS_S_ADAPT,M10_VS_S_ADAPT,quality_per_image,30,THREE_SEED_MEAN,0.05456310749220071,0.04038393642447601,0.06905489706778388,1,frozen 40-image group,5000,530002,50
VS_S_ADAPT,M01_VS_S_ADAPT,quality_per_image,30,THREE_SEED_MEAN,0.04344924110294535,0.03237072412136636,0.05496104997293338,1,frozen 40-image group,5000,530002,50
VS_S_ADAPT,M11_VS_S_ADAPT,quality_per_image,30,THREE_SEED_MEAN,0.06331548891302786,0.05031884819537853,0.07662858234082116,1,frozen 40-image group,5000,530002,50
FACTORIAL,C_T0,quality_per_image,40,THREE_SEED_MEAN,0.011896000917212745,0.006457451384919103,0.017803309428958643,1,frozen 40-image group,5000,530002,50
FACTORIAL,C_T1,quality_per_image,40,THREE_SEED_MEAN,0.011328790834209884,0.006233393411680759,0.016853326870681445,1,frozen 40-image group,5000,530002,50
FACTORIAL,T_C0,quality_per_image,40,THREE_SEED_MEAN,0.005069238732712869,0.000357587051484281,0.009876608180530306,0.9834,frozen 40-image group,5000,530002,50
FACTORIAL,T_C1,quality_per_image,40,THREE_SEED_MEAN,0.004502028649710006,-0.0003508449881834359,0.009507304554375108,0.966,frozen 40-image group,5000,530002,50
FACTORIAL,I,quality_per_image,40,THREE_SEED_MEAN,-0.0005672100830028626,-0.004416279863485262,0.0031959995104431467,0.3826,frozen 40-image group,5000,530002,50
VS_S_ADAPT,M00_VS_S_ADAPT,quality_per_image,40,THREE_SEED_MEAN,0.015170128287853081,0.006268718455159735,0.0234533373373091,0.9998,frozen 40-image group,5000,530002,50
VS_S_ADAPT,M10_VS_S_ADAPT,quality_per_image,40,THREE_SEED_MEAN,0.027066129205065827,0.01854513855733618,0.035270855940800955,1,frozen 40-image group,5000,530002,50
VS_S_ADAPT,M01_VS_S_ADAPT,quality_per_image,40,THREE_SEED_MEAN,0.02023936702056595,0.011426461318975678,0.02850426258771985,1,frozen 40-image group,5000,530002,50
VS_S_ADAPT,M11_VS_S_ADAPT,quality_per_image,40,THREE_SEED_MEAN,0.03156815785477583,0.02220018242364811,0.04074127700273956,1,frozen 40-image group,5000,530002,50
FACTORIAL,C_T0,quality_per_image,CORE_10_15_20,THREE_SEED_MEAN,0.05579156619663557,0.04519414545525553,0.06682143208072754,1,frozen 40-image group,5000,530002,50
FACTORIAL,C_T1,quality_per_image,CORE_10_15_20,THREE_SEED_MEAN,0.04351019915075566,0.0342149970834531,0.05326168233258667,1,frozen 40-image group,5000,530002,50
FACTORIAL,T_C0,quality_per_image,CORE_10_15_20,THREE_SEED_MEAN,0.027264172361091417,0.020901472548343684,0.034204299747418745,1,frozen 40-image group,5000,530002,50
FACTORIAL,T_C1,quality_per_image,CORE_10_15_20,THREE_SEED_MEAN,0.014982805315211501,0.008962505799075876,0.021165596222692377,1,frozen 40-image group,5000,530002,50
FACTORIAL,I,quality_per_image,CORE_10_15_20,THREE_SEED_MEAN,-0.012281367045879916,-0.019733319278065972,-0.005229943599184012,0.0004,frozen 40-image group,5000,530002,50
VS_S_ADAPT,M00_VS_S_ADAPT,quality_per_image,CORE_10_15_20,THREE_SEED_MEAN,0.04769495883939201,0.03534344211583452,0.05952684935684245,1,frozen 40-image group,5000,530002,50
VS_S_ADAPT,M10_VS_S_ADAPT,quality_per_image,CORE_10_15_20,THREE_SEED_MEAN,0.10348652503602757,0.0897384724289234,0.11756423023730588,1,frozen 40-image group,5000,530002,50
VS_S_ADAPT,M01_VS_S_ADAPT,quality_per_image,CORE_10_15_20,THREE_SEED_MEAN,0.07495913120048342,0.06330105087318563,0.08637384351706519,1,frozen 40-image group,5000,530002,50
VS_S_ADAPT,M11_VS_S_ADAPT,quality_per_image,CORE_10_15_20,THREE_SEED_MEAN,0.11846933035123908,0.10472812500493273,0.13244977604864883,1,frozen 40-image group,5000,530002,50
