method_a,method_b,metric,budget_summary,budget,group_count,point_estimate,ci95_low,ci95_high,positive_resample_fraction,resamples,seed,seed_summary,training_seed,resampling
M11,S_ADAPT,coverage,single_budget,10,50,0.8525,0.8101666666666667,0.8976708333333332,1.0,5000,530002,three_seeds_averaged_per_group,,nonparametric bootstrap over 50 complete 40-image groups
M11,S_ADAPT,coverage,single_budget,15,50,1.2056666666666669,1.1536666666666666,1.259,1.0,5000,530002,three_seeds_averaged_per_group,,nonparametric bootstrap over 50 complete 40-image groups
M11,S_ADAPT,coverage,single_budget,20,50,1.4163333333333332,1.3591666666666669,1.4779999999999998,1.0,5000,530002,three_seeds_averaged_per_group,,nonparametric bootstrap over 50 complete 40-image groups
M11,S_ADAPT,coverage,single_budget,30,50,1.2901666666666665,1.2349958333333335,1.3463374999999995,1.0,5000,530002,three_seeds_averaged_per_group,,nonparametric bootstrap over 50 complete 40-image groups
M11,S_ADAPT,coverage,single_budget,40,50,0.5845,0.5275,0.6438333333333333,1.0,5000,530002,three_seeds_averaged_per_group,,nonparametric bootstrap over 50 complete 40-image groups
M11,S_ADAPT,quality,single_budget,10,50,0.6001829483737319,0.5660323083563177,0.6357867544529932,1.0,5000,530002,three_seeds_averaged_per_group,,nonparametric bootstrap over 50 complete 40-image groups
M11,S_ADAPT,quality,single_budget,15,50,0.794956022308466,0.7495104859796954,0.8442239998910931,1.0,5000,530002,three_seeds_averaged_per_group,,nonparametric bootstrap over 50 complete 40-image groups
M11,S_ADAPT,quality,single_budget,20,50,0.8813999447849536,0.8269905330385754,0.9399115394235792,1.0,5000,530002,three_seeds_averaged_per_group,,nonparametric bootstrap over 50 complete 40-image groups
M11,S_ADAPT,quality,single_budget,30,50,0.7197895937389748,0.6764608962148797,0.7638626573132563,1.0,5000,530002,three_seeds_averaged_per_group,,nonparametric bootstrap over 50 complete 40-image groups
M11,S_ADAPT,quality,single_budget,40,50,0.2799895468313947,0.2489335267611248,0.312303957809295,1.0,5000,530002,three_seeds_averaged_per_group,,nonparametric bootstrap over 50 complete 40-image groups
M11,S_ADAPT,coverage,K10_15_20_equal_weight,,50,1.1581666666666666,1.1128874999999998,1.2052263888888888,1.0,5000,530002,three_seeds_averaged_per_group,,nonparametric bootstrap over 50 complete 40-image groups
M11,S_ADAPT,quality,K10_15_20_equal_weight,,50,0.7588463051557173,0.7171519439523169,0.8032529182347485,1.0,5000,530002,three_seeds_averaged_per_group,,nonparametric bootstrap over 50 complete 40-image groups
M11,S_ADAPT,coverage,single_budget,10,50,0.8454999999999998,0.8029999999999999,0.8909999999999999,1.0,5000,530002,per_seed,730101,nonparametric bootstrap over 50 complete 40-image groups
M11,S_ADAPT,coverage,single_budget,15,50,1.2005,1.1495,1.254,1.0,5000,530002,per_seed,730101,nonparametric bootstrap over 50 complete 40-image groups
M11,S_ADAPT,coverage,single_budget,20,50,1.4160000000000001,1.3595,1.4775125,1.0,5000,530002,per_seed,730101,nonparametric bootstrap over 50 complete 40-image groups
M11,S_ADAPT,coverage,single_budget,30,50,1.291,1.236,1.3465124999999998,1.0,5000,530002,per_seed,730101,nonparametric bootstrap over 50 complete 40-image groups
M11,S_ADAPT,coverage,single_budget,40,50,0.584,0.5259999999999999,0.6445000000000001,1.0,5000,530002,per_seed,730101,nonparametric bootstrap over 50 complete 40-image groups
M11,S_ADAPT,quality,single_budget,10,50,0.5998628297690966,0.565708338981616,0.6350443648793261,1.0,5000,530002,per_seed,730101,nonparametric bootstrap over 50 complete 40-image groups
M11,S_ADAPT,quality,single_budget,15,50,0.7937448291682013,0.7494940717460203,0.8419440900668385,1.0,5000,530002,per_seed,730101,nonparametric bootstrap over 50 complete 40-image groups
M11,S_ADAPT,quality,single_budget,20,50,0.8800298301417171,0.8257928292350981,0.9384925345209661,1.0,5000,530002,per_seed,730101,nonparametric bootstrap over 50 complete 40-image groups
M11,S_ADAPT,quality,single_budget,30,50,0.719987602876951,0.67654888280378,0.7642109756990237,1.0,5000,530002,per_seed,730101,nonparametric bootstrap over 50 complete 40-image groups
M11,S_ADAPT,quality,single_budget,40,50,0.27927191108198457,0.24809489097730042,0.31192747082813554,1.0,5000,530002,per_seed,730101,nonparametric bootstrap over 50 complete 40-image groups
M11,S_ADAPT,coverage,single_budget,10,50,0.8544999999999999,0.8114999999999999,0.9,1.0,5000,530002,per_seed,730102,nonparametric bootstrap over 50 complete 40-image groups
M11,S_ADAPT,coverage,single_budget,15,50,1.2065000000000001,1.1535000000000002,1.2615,1.0,5000,530002,per_seed,730102,nonparametric bootstrap over 50 complete 40-image groups
M11,S_ADAPT,coverage,single_budget,20,50,1.4195,1.3630000000000002,1.4810000000000003,1.0,5000,530002,per_seed,730102,nonparametric bootstrap over 50 complete 40-image groups
M11,S_ADAPT,coverage,single_budget,30,50,1.2934999999999999,1.2375,1.3504999999999998,1.0,5000,530002,per_seed,730102,nonparametric bootstrap over 50 complete 40-image groups
M11,S_ADAPT,coverage,single_budget,40,50,0.5875,0.53,0.6475,1.0,5000,530002,per_seed,730102,nonparametric bootstrap over 50 complete 40-image groups
M11,S_ADAPT,quality,single_budget,10,50,0.6004294049163478,0.5653479783152102,0.6359269548862979,1.0,5000,530002,per_seed,730102,nonparametric bootstrap over 50 complete 40-image groups
M11,S_ADAPT,quality,single_budget,15,50,0.7921018353146124,0.7464407300458121,0.8416384627701052,1.0,5000,530002,per_seed,730102,nonparametric bootstrap over 50 complete 40-image groups
M11,S_ADAPT,quality,single_budget,20,50,0.880912236521769,0.8268470233711068,0.9405674866173316,1.0,5000,530002,per_seed,730102,nonparametric bootstrap over 50 complete 40-image groups
M11,S_ADAPT,quality,single_budget,30,50,0.7173044759429024,0.673821392703549,0.7615095828032372,1.0,5000,530002,per_seed,730102,nonparametric bootstrap over 50 complete 40-image groups
M11,S_ADAPT,quality,single_budget,40,50,0.2805861901608994,0.24924187831951963,0.3131690313344949,1.0,5000,530002,per_seed,730102,nonparametric bootstrap over 50 complete 40-image groups
M11,S_ADAPT,coverage,single_budget,10,50,0.8575000000000002,0.8134999999999999,0.903,1.0,5000,530002,per_seed,730103,nonparametric bootstrap over 50 complete 40-image groups
M11,S_ADAPT,coverage,single_budget,15,50,1.21,1.1570000000000003,1.264,1.0,5000,530002,per_seed,730103,nonparametric bootstrap over 50 complete 40-image groups
M11,S_ADAPT,coverage,single_budget,20,50,1.4135000000000002,1.3540000000000003,1.476,1.0,5000,530002,per_seed,730103,nonparametric bootstrap over 50 complete 40-image groups
M11,S_ADAPT,coverage,single_budget,30,50,1.286,1.2309875,1.3429999999999997,1.0,5000,530002,per_seed,730103,nonparametric bootstrap over 50 complete 40-image groups
M11,S_ADAPT,coverage,single_budget,40,50,0.5819999999999999,0.5265,0.6394999999999998,1.0,5000,530002,per_seed,730103,nonparametric bootstrap over 50 complete 40-image groups
M11,S_ADAPT,quality,single_budget,10,50,0.6002566104357512,0.5656476167173528,0.6359809361079365,1.0,5000,530002,per_seed,730103,nonparametric bootstrap over 50 complete 40-image groups
M11,S_ADAPT,quality,single_budget,15,50,0.7990214024425849,0.7529002832993152,0.8496256213894706,1.0,5000,530002,per_seed,730103,nonparametric bootstrap over 50 complete 40-image groups
M11,S_ADAPT,quality,single_budget,20,50,0.8832577676913752,0.8290580553832195,0.941546950782947,1.0,5000,530002,per_seed,730103,nonparametric bootstrap over 50 complete 40-image groups
M11,S_ADAPT,quality,single_budget,30,50,0.7220767023970716,0.6792538357187904,0.7660406753252009,1.0,5000,530002,per_seed,730103,nonparametric bootstrap over 50 complete 40-image groups
M11,S_ADAPT,quality,single_budget,40,50,0.2801105392513003,0.24970094411305463,0.312026698994958,1.0,5000,530002,per_seed,730103,nonparametric bootstrap over 50 complete 40-image groups
M11,S_ADAPT,coverage,K10_15_20_equal_weight,,50,1.1539999999999997,1.1088333333333333,1.2005041666666665,1.0,5000,530002,per_seed,730101,nonparametric bootstrap over 50 complete 40-image groups
M11,S_ADAPT,quality,K10_15_20_equal_weight,,50,0.7578791630263383,0.7169459560110238,0.801962933200867,1.0,5000,530002,per_seed,730101,nonparametric bootstrap over 50 complete 40-image groups
M11,S_ADAPT,coverage,K10_15_20_equal_weight,,50,1.1601666666666666,1.1143249999999998,1.2078333333333333,1.0,5000,530002,per_seed,730102,nonparametric bootstrap over 50 complete 40-image groups
M11,S_ADAPT,quality,K10_15_20_equal_weight,,50,0.7578144922509098,0.7155851923547305,0.8028785065768392,1.0,5000,530002,per_seed,730102,nonparametric bootstrap over 50 complete 40-image groups
M11,S_ADAPT,coverage,K10_15_20_equal_weight,,50,1.1603333333333332,1.114,1.2080041666666668,1.0,5000,530002,per_seed,730103,nonparametric bootstrap over 50 complete 40-image groups
M11,S_ADAPT,quality,K10_15_20_equal_weight,,50,0.7608452601899036,0.718911172881694,0.8054976716524,1.0,5000,530002,per_seed,730103,nonparametric bootstrap over 50 complete 40-image groups
