dataset_id,detector_id,candidate_asset_id,protocol_id,class_id,class_name,gt_support,matched_count,coverage_recall,method,seed,budget,gt_image_count,class_evaluable,class_AP,class_AP50,class_AP75,class_AR100
AOP-Road8-LargeClean-v1,FasterRCNN-resnet18-FPN-Road8,277ecf201ad045c3d518c56897f52639e4ef44714851b45535b90b656c2e1df8,PRE_NMS_TOPN100,1,person,2771,411,0.1483219054492962,M11,730101,10,631,True,0.0450855946447413,0.0860272244527067,0.0364139929573788,0.085709130277878
AOP-Road8-LargeClean-v1,FasterRCNN-resnet18-FPN-Road8,277ecf201ad045c3d518c56897f52639e4ef44714851b45535b90b656c2e1df8,PRE_NMS_TOPN100,2,bicycle,244,8,0.0327868852459016,M11,730101,10,125,True,0.0114738579121069,0.0264460656591974,0.0099009900990099,0.0147540983606557
AOP-Road8-LargeClean-v1,FasterRCNN-resnet18-FPN-Road8,277ecf201ad045c3d518c56897f52639e4ef44714851b45535b90b656c2e1df8,PRE_NMS_TOPN100,3,car,20453,5208,0.2546325722387914,M11,730101,10,1988,True,0.0771544768366899,0.1020086972230689,0.0897245284200789,0.1973402434850633
AOP-Road8-LargeClean-v1,FasterRCNN-resnet18-FPN-Road8,277ecf201ad045c3d518c56897f52639e4ef44714851b45535b90b656c2e1df8,PRE_NMS_TOPN100,4,motorcycle,95,4,0.0421052631578947,M11,730101,10,66,True,0.0191419141914191,0.0429042904290429,0.0132013201320132,0.0210526315789473
AOP-Road8-LargeClean-v1,FasterRCNN-resnet18-FPN-Road8,277ecf201ad045c3d518c56897f52639e4ef44714851b45535b90b656c2e1df8,PRE_NMS_TOPN100,5,bus,350,47,0.1342857142857142,M11,730101,10,258,True,0.0419364541133664,0.0528445964011791,0.0490229373209383,0.1114285714285714
AOP-Road8-LargeClean-v1,FasterRCNN-resnet18-FPN-Road8,277ecf201ad045c3d518c56897f52639e4ef44714851b45535b90b656c2e1df8,PRE_NMS_TOPN100,6,train,6,0,0.0,M11,730101,10,5,True,0.0,0.0,0.0,0.0
AOP-Road8-LargeClean-v1,FasterRCNN-resnet18-FPN-Road8,277ecf201ad045c3d518c56897f52639e4ef44714851b45535b90b656c2e1df8,PRE_NMS_TOPN100,7,truck,889,113,0.1271091113610798,M11,730101,10,540,True,0.0471027686047508,0.0642549048192438,0.0565002432030684,0.0971878515185601
AOP-Road8-LargeClean-v1,FasterRCNN-resnet18-FPN-Road8,277ecf201ad045c3d518c56897f52639e4ef44714851b45535b90b656c2e1df8,PRE_NMS_TOPN100,8,traffic light,5158,358,0.0694067468010856,M11,730101,10,1123,True,0.0229032458781581,0.0474306316075755,0.0171224865125552,0.0338309422256688
AOP-Road8-LargeClean-v1,FasterRCNN-resnet18-FPN-Road8,277ecf201ad045c3d518c56897f52639e4ef44714851b45535b90b656c2e1df8,PRE_NMS_TOPN100,1,person,2771,524,0.1891014074341393,M11,730101,15,631,True,0.0510038876465389,0.0992637694046937,0.0432539342638765,0.1082641645615301
AOP-Road8-LargeClean-v1,FasterRCNN-resnet18-FPN-Road8,277ecf201ad045c3d518c56897f52639e4ef44714851b45535b90b656c2e1df8,PRE_NMS_TOPN100,2,bicycle,244,11,0.0450819672131147,M11,730101,15,125,True,0.014267865115424,0.0311881188118811,0.0112666439057698,0.0233606557377049
AOP-Road8-LargeClean-v1,FasterRCNN-resnet18-FPN-Road8,277ecf201ad045c3d518c56897f52639e4ef44714851b45535b90b656c2e1df8,PRE_NMS_TOPN100,3,car,20453,6369,0.3113968610961717,M11,730101,15,1988,True,0.0812171312271514,0.109606765613935,0.0933434271752495,0.2357893707524568
AOP-Road8-LargeClean-v1,FasterRCNN-resnet18-FPN-Road8,277ecf201ad045c3d518c56897f52639e4ef44714851b45535b90b656c2e1df8,PRE_NMS_TOPN100,4,motorcycle,95,6,0.0631578947368421,M11,730101,15,66,True,0.0241584158415841,0.0528052805280528,0.0148514851485148,0.031578947368421
AOP-Road8-LargeClean-v1,FasterRCNN-resnet18-FPN-Road8,277ecf201ad045c3d518c56897f52639e4ef44714851b45535b90b656c2e1df8,PRE_NMS_TOPN100,5,bus,350,51,0.1457142857142857,M11,730101,15,258,True,0.0396624597414228,0.0497223132885444,0.0466771829224176,0.1202857142857143
AOP-Road8-LargeClean-v1,FasterRCNN-resnet18-FPN-Road8,277ecf201ad045c3d518c56897f52639e4ef44714851b45535b90b656c2e1df8,PRE_NMS_TOPN100,6,train,6,0,0.0,M11,730101,15,5,True,0.0,0.0,0.0,0.0
AOP-Road8-LargeClean-v1,FasterRCNN-resnet18-FPN-Road8,277ecf201ad045c3d518c56897f52639e4ef44714851b45535b90b656c2e1df8,PRE_NMS_TOPN100,7,truck,889,148,0.1664791901012373,M11,730101,15,540,True,0.0476521962327989,0.0651376465808769,0.0558747762027833,0.1281214848143981
AOP-Road8-LargeClean-v1,FasterRCNN-resnet18-FPN-Road8,277ecf201ad045c3d518c56897f52639e4ef44714851b45535b90b656c2e1df8,PRE_NMS_TOPN100,8,traffic light,5158,627,0.1215587436991081,M11,730101,15,1123,True,0.0351343094514473,0.0816296403835596,0.0231730011458206,0.0590345094998061
AOP-Road8-LargeClean-v1,FasterRCNN-resnet18-FPN-Road8,277ecf201ad045c3d518c56897f52639e4ef44714851b45535b90b656c2e1df8,PRE_NMS_TOPN100,1,person,2771,565,0.2038975099242151,M11,730101,20,631,True,0.054066179734793,0.1073192467755138,0.043595210182616,0.1164922410682064
AOP-Road8-LargeClean-v1,FasterRCNN-resnet18-FPN-Road8,277ecf201ad045c3d518c56897f52639e4ef44714851b45535b90b656c2e1df8,PRE_NMS_TOPN100,2,bicycle,244,11,0.0450819672131147,M11,730101,20,125,True,0.0142194064319583,0.0311881188118811,0.0111785372085595,0.0233606557377049
AOP-Road8-LargeClean-v1,FasterRCNN-resnet18-FPN-Road8,277ecf201ad045c3d518c56897f52639e4ef44714851b45535b90b656c2e1df8,PRE_NMS_TOPN100,3,car,20453,7394,0.3615117586662103,M11,730101,20,1988,True,0.0830719475640981,0.1135831452299913,0.0958204175568852,0.2685376228426148
AOP-Road8-LargeClean-v1,FasterRCNN-resnet18-FPN-Road8,277ecf201ad045c3d518c56897f52639e4ef44714851b45535b90b656c2e1df8,PRE_NMS_TOPN100,4,motorcycle,95,6,0.0631578947368421,M11,730101,20,66,True,0.0241843470061291,0.0513908533710513,0.0144978783592644,0.0326315789473684
AOP-Road8-LargeClean-v1,FasterRCNN-resnet18-FPN-Road8,277ecf201ad045c3d518c56897f52639e4ef44714851b45535b90b656c2e1df8,PRE_NMS_TOPN100,5,bus,350,55,0.1571428571428571,M11,730101,20,258,True,0.0342852796081142,0.0423191783527224,0.0396936350842604,0.1305714285714285
AOP-Road8-LargeClean-v1,FasterRCNN-resnet18-FPN-Road8,277ecf201ad045c3d518c56897f52639e4ef44714851b45535b90b656c2e1df8,PRE_NMS_TOPN100,6,train,6,0,0.0,M11,730101,20,5,True,0.0,0.0,0.0,0.0
AOP-Road8-LargeClean-v1,FasterRCNN-resnet18-FPN-Road8,277ecf201ad045c3d518c56897f52639e4ef44714851b45535b90b656c2e1df8,PRE_NMS_TOPN100,7,truck,889,162,0.1822272215973003,M11,730101,20,540,True,0.0446451933355597,0.0612153635714452,0.0528627895899744,0.1392575928008999
AOP-Road8-LargeClean-v1,FasterRCNN-resnet18-FPN-Road8,277ecf201ad045c3d518c56897f52639e4ef44714851b45535b90b656c2e1df8,PRE_NMS_TOPN100,8,traffic light,5158,837,0.1622721985265607,M11,730101,20,1123,True,0.0433473621903621,0.1032039071736497,0.0272794112453466,0.0774525009693679
AOP-Road8-LargeClean-v1,FasterRCNN-resnet18-FPN-Road8,277ecf201ad045c3d518c56897f52639e4ef44714851b45535b90b656c2e1df8,PRE_NMS_TOPN100,1,person,2771,597,0.2154456874774449,M11,730101,30,631,True,0.0550031992508321,0.1080278540687234,0.0452959880747544,0.1245037892457596
AOP-Road8-LargeClean-v1,FasterRCNN-resnet18-FPN-Road8,277ecf201ad045c3d518c56897f52639e4ef44714851b45535b90b656c2e1df8,PRE_NMS_TOPN100,2,bicycle,244,15,0.0614754098360655,M11,730101,30,125,True,0.0162263294736565,0.0372239146991622,0.0123762376237623,0.0315573770491803
AOP-Road8-LargeClean-v1,FasterRCNN-resnet18-FPN-Road8,277ecf201ad045c3d518c56897f52639e4ef44714851b45535b90b656c2e1df8,PRE_NMS_TOPN100,3,car,20453,8840,0.4322104336772112,M11,730101,30,1988,True,0.0823663434270665,0.1134350412247097,0.0929240262316702,0.3142961912677847
AOP-Road8-LargeClean-v1,FasterRCNN-resnet18-FPN-Road8,277ecf201ad045c3d518c56897f52639e4ef44714851b45535b90b656c2e1df8,PRE_NMS_TOPN100,4,motorcycle,95,6,0.0631578947368421,M11,730101,30,66,True,0.0179481739382729,0.0388931200812388,0.0091575091575091,0.0326315789473684
AOP-Road8-LargeClean-v1,FasterRCNN-resnet18-FPN-Road8,277ecf201ad045c3d518c56897f52639e4ef44714851b45535b90b656c2e1df8,PRE_NMS_TOPN100,5,bus,350,55,0.1571428571428571,M11,730101,30,258,True,0.0308905137598137,0.0376885052460519,0.0356895080103254,0.1322857142857142
AOP-Road8-LargeClean-v1,FasterRCNN-resnet18-FPN-Road8,277ecf201ad045c3d518c56897f52639e4ef44714851b45535b90b656c2e1df8,PRE_NMS_TOPN100,6,train,6,0,0.0,M11,730101,30,5,True,0.0,0.0,0.0,0.0
AOP-Road8-LargeClean-v1,FasterRCNN-resnet18-FPN-Road8,277ecf201ad045c3d518c56897f52639e4ef44714851b45535b90b656c2e1df8,PRE_NMS_TOPN100,7,truck,889,167,0.1878515185601799,M11,730101,30,540,True,0.0370853092979577,0.0495200301125964,0.0432621321732983,0.1445444319460067
AOP-Road8-LargeClean-v1,FasterRCNN-resnet18-FPN-Road8,277ecf201ad045c3d518c56897f52639e4ef44714851b45535b90b656c2e1df8,PRE_NMS_TOPN100,8,traffic light,5158,1056,0.2047305157037611,M11,730101,30,1123,True,0.0485371973807758,0.1155537492579755,0.0294308713522721,0.0984490112446684
AOP-Road8-LargeClean-v1,FasterRCNN-resnet18-FPN-Road8,277ecf201ad045c3d518c56897f52639e4ef44714851b45535b90b656c2e1df8,PRE_NMS_TOPN100,1,person,2771,601,0.2168892096715987,M11,730101,40,631,True,0.0539617253891294,0.1047567100208471,0.0442841590478445,0.1263442800433057
AOP-Road8-LargeClean-v1,FasterRCNN-resnet18-FPN-Road8,277ecf201ad045c3d518c56897f52639e4ef44714851b45535b90b656c2e1df8,PRE_NMS_TOPN100,2,bicycle,244,15,0.0614754098360655,M11,730101,40,125,True,0.0132602015168793,0.0294908892016741,0.0117011701170116,0.0323770491803278
AOP-Road8-LargeClean-v1,FasterRCNN-resnet18-FPN-Road8,277ecf201ad045c3d518c56897f52639e4ef44714851b45535b90b656c2e1df8,PRE_NMS_TOPN100,3,car,20453,9632,0.4709333594093776,M11,730101,40,1988,True,0.080203298489493,0.111241121227582,0.0900175482026732,0.3378330807216546
AOP-Road8-LargeClean-v1,FasterRCNN-resnet18-FPN-Road8,277ecf201ad045c3d518c56897f52639e4ef44714851b45535b90b656c2e1df8,PRE_NMS_TOPN100,4,motorcycle,95,6,0.0631578947368421,M11,730101,40,66,True,0.0177522550187349,0.038036303630363,0.0089433050447901,0.0336842105263157
AOP-Road8-LargeClean-v1,FasterRCNN-resnet18-FPN-Road8,277ecf201ad045c3d518c56897f52639e4ef44714851b45535b90b656c2e1df8,PRE_NMS_TOPN100,5,bus,350,56,0.16,M11,730101,40,258,True,0.0293186403549958,0.0359625779224449,0.034282065409692,0.1365714285714286
AOP-Road8-LargeClean-v1,FasterRCNN-resnet18-FPN-Road8,277ecf201ad045c3d518c56897f52639e4ef44714851b45535b90b656c2e1df8,PRE_NMS_TOPN100,6,train,6,0,0.0,M11,730101,40,5,True,0.0,0.0,0.0,0.0
AOP-Road8-LargeClean-v1,FasterRCNN-resnet18-FPN-Road8,277ecf201ad045c3d518c56897f52639e4ef44714851b45535b90b656c2e1df8,PRE_NMS_TOPN100,7,truck,889,173,0.1946006749156355,M11,730101,40,540,True,0.032246354355883,0.0432272653081418,0.0387747597455376,0.1496062992125984
AOP-Road8-LargeClean-v1,FasterRCNN-resnet18-FPN-Road8,277ecf201ad045c3d518c56897f52639e4ef44714851b45535b90b656c2e1df8,PRE_NMS_TOPN100,8,traffic light,5158,1121,0.2173322993408298,M11,730101,40,1123,True,0.0487545841650593,0.114636190838513,0.0306746869750832,0.10566110895696
AOP-Road8-LargeClean-v1,FasterRCNN-resnet18-FPN-Road8,277ecf201ad045c3d518c56897f52639e4ef44714851b45535b90b656c2e1df8,PRE_NMS_TOPN100,1,person,2771,388,0.1400216528329123,M11,730102,10,631,True,0.0437547664402339,0.0837357314344566,0.0367250223477256,0.0808372428726091
AOP-Road8-LargeClean-v1,FasterRCNN-resnet18-FPN-Road8,277ecf201ad045c3d518c56897f52639e4ef44714851b45535b90b656c2e1df8,PRE_NMS_TOPN100,2,bicycle,244,10,0.040983606557377,M11,730102,10,125,True,0.0133981751116288,0.0308969132207338,0.0114851485148514,0.0209016393442622
AOP-Road8-LargeClean-v1,FasterRCNN-resnet18-FPN-Road8,277ecf201ad045c3d518c56897f52639e4ef44714851b45535b90b656c2e1df8,PRE_NMS_TOPN100,3,car,20453,5250,0.2566860607245881,M11,730102,10,1988,True,0.0775194981768112,0.1018765813932284,0.0896457568155672,0.1990025913068987
AOP-Road8-LargeClean-v1,FasterRCNN-resnet18-FPN-Road8,277ecf201ad045c3d518c56897f52639e4ef44714851b45535b90b656c2e1df8,PRE_NMS_TOPN100,4,motorcycle,95,4,0.0421052631578947,M11,730102,10,66,True,0.0191419141914191,0.0429042904290429,0.0132013201320132,0.0210526315789473
AOP-Road8-LargeClean-v1,FasterRCNN-resnet18-FPN-Road8,277ecf201ad045c3d518c56897f52639e4ef44714851b45535b90b656c2e1df8,PRE_NMS_TOPN100,5,bus,350,46,0.1314285714285714,M11,730102,10,258,True,0.0407558607554326,0.0520110517144249,0.0486526495340543,0.1085714285714285
AOP-Road8-LargeClean-v1,FasterRCNN-resnet18-FPN-Road8,277ecf201ad045c3d518c56897f52639e4ef44714851b45535b90b656c2e1df8,PRE_NMS_TOPN100,6,train,6,0,0.0,M11,730102,10,5,True,0.0,0.0,0.0,0.0
AOP-Road8-LargeClean-v1,FasterRCNN-resnet18-FPN-Road8,277ecf201ad045c3d518c56897f52639e4ef44714851b45535b90b656c2e1df8,PRE_NMS_TOPN100,7,truck,889,117,0.1316085489313835,M11,730102,10,540,True,0.0492384398391458,0.0678392880957557,0.0572823034000991,0.1006749156355455
AOP-Road8-LargeClean-v1,FasterRCNN-resnet18-FPN-Road8,277ecf201ad045c3d518c56897f52639e4ef44714851b45535b90b656c2e1df8,PRE_NMS_TOPN100,8,traffic light,5158,352,0.068243505234587,M11,730102,10,1123,True,0.0224685100893822,0.0474853536599598,0.0171063993609571,0.0328809616130283
AOP-Road8-LargeClean-v1,FasterRCNN-resnet18-FPN-Road8,277ecf201ad045c3d518c56897f52639e4ef44714851b45535b90b656c2e1df8,PRE_NMS_TOPN100,1,person,2771,502,0.1811620353662937,M11,730102,15,631,True,0.0505243981293669,0.1007193625977672,0.0414972858343768,0.1039335979790689
AOP-Road8-LargeClean-v1,FasterRCNN-resnet18-FPN-Road8,277ecf201ad045c3d518c56897f52639e4ef44714851b45535b90b656c2e1df8,PRE_NMS_TOPN100,2,bicycle,244,11,0.0450819672131147,M11,730102,15,125,True,0.0136450024312776,0.0300918022836766,0.0111011101110111,0.0233606557377049
AOP-Road8-LargeClean-v1,FasterRCNN-resnet18-FPN-Road8,277ecf201ad045c3d518c56897f52639e4ef44714851b45535b90b656c2e1df8,PRE_NMS_TOPN100,3,car,20453,6394,0.3126191756710507,M11,730102,15,1988,True,0.0811669085527924,0.1096027371513193,0.0932882191165643,0.2362391825160123
AOP-Road8-LargeClean-v1,FasterRCNN-resnet18-FPN-Road8,277ecf201ad045c3d518c56897f52639e4ef44714851b45535b90b656c2e1df8,PRE_NMS_TOPN100,4,motorcycle,95,6,0.0631578947368421,M11,730102,15,66,True,0.0241584158415841,0.0528052805280528,0.0148514851485148,0.031578947368421
AOP-Road8-LargeClean-v1,FasterRCNN-resnet18-FPN-Road8,277ecf201ad045c3d518c56897f52639e4ef44714851b45535b90b656c2e1df8,PRE_NMS_TOPN100,5,bus,350,53,0.1514285714285714,M11,730102,15,258,True,0.0408112247073118,0.0515869754465965,0.048381927301713,0.1257142857142857
AOP-Road8-LargeClean-v1,FasterRCNN-resnet18-FPN-Road8,277ecf201ad045c3d518c56897f52639e4ef44714851b45535b90b656c2e1df8,PRE_NMS_TOPN100,6,train,6,0,0.0,M11,730102,15,5,True,0.0,0.0,0.0,0.0
AOP-Road8-LargeClean-v1,FasterRCNN-resnet18-FPN-Road8,277ecf201ad045c3d518c56897f52639e4ef44714851b45535b90b656c2e1df8,PRE_NMS_TOPN100,7,truck,889,150,0.1687289088863892,M11,730102,15,540,True,0.0487604609599973,0.0663174020374447,0.0587424512528469,0.1295838020247469
AOP-Road8-LargeClean-v1,FasterRCNN-resnet18-FPN-Road8,277ecf201ad045c3d518c56897f52639e4ef44714851b45535b90b656c2e1df8,PRE_NMS_TOPN100,8,traffic light,5158,632,0.1225281116711903,M11,730102,15,1123,True,0.0347519051711345,0.0803793429633458,0.0230805669507048,0.0597130670802636
AOP-Road8-LargeClean-v1,FasterRCNN-resnet18-FPN-Road8,277ecf201ad045c3d518c56897f52639e4ef44714851b45535b90b656c2e1df8,PRE_NMS_TOPN100,1,person,2771,557,0.2010104655359076,M11,730102,20,631,True,0.0539699746475357,0.1043197574124079,0.043800002154041,0.1151208949837604
AOP-Road8-LargeClean-v1,FasterRCNN-resnet18-FPN-Road8,277ecf201ad045c3d518c56897f52639e4ef44714851b45535b90b656c2e1df8,PRE_NMS_TOPN100,2,bicycle,244,15,0.0614754098360655,M11,730102,20,125,True,0.01634904964041,0.0375170361165671,0.0125065138092756,0.0315573770491803
AOP-Road8-LargeClean-v1,FasterRCNN-resnet18-FPN-Road8,277ecf201ad045c3d518c56897f52639e4ef44714851b45535b90b656c2e1df8,PRE_NMS_TOPN100,3,car,20453,7393,0.3614628660832151,M11,730102,20,1988,True,0.0831881072009301,0.1140467237664106,0.0943808229416591,0.2681367036620544
AOP-Road8-LargeClean-v1,FasterRCNN-resnet18-FPN-Road8,277ecf201ad045c3d518c56897f52639e4ef44714851b45535b90b656c2e1df8,PRE_NMS_TOPN100,4,motorcycle,95,6,0.0631578947368421,M11,730102,20,66,True,0.0179638897955729,0.0388931200812388,0.0091575091575091,0.0326315789473684
AOP-Road8-LargeClean-v1,FasterRCNN-resnet18-FPN-Road8,277ecf201ad045c3d518c56897f52639e4ef44714851b45535b90b656c2e1df8,PRE_NMS_TOPN100,5,bus,350,55,0.1571428571428571,M11,730102,20,258,True,0.0351262972571871,0.0433984468361777,0.0406961595414627,0.1302857142857142
AOP-Road8-LargeClean-v1,FasterRCNN-resnet18-FPN-Road8,277ecf201ad045c3d518c56897f52639e4ef44714851b45535b90b656c2e1df8,PRE_NMS_TOPN100,6,train,6,0,0.0,M11,730102,20,5,True,0.0,0.0,0.0,0.0
AOP-Road8-LargeClean-v1,FasterRCNN-resnet18-FPN-Road8,277ecf201ad045c3d518c56897f52639e4ef44714851b45535b90b656c2e1df8,PRE_NMS_TOPN100,7,truck,889,163,0.1833520809898762,M11,730102,20,540,True,0.0442621242568574,0.0606191174202131,0.0523619770884031,0.1397075365579302
AOP-Road8-LargeClean-v1,FasterRCNN-resnet18-FPN-Road8,277ecf201ad045c3d518c56897f52639e4ef44714851b45535b90b656c2e1df8,PRE_NMS_TOPN100,8,traffic light,5158,848,0.1644048080651415,M11,730102,20,1123,True,0.043115692139851,0.1020102301791281,0.0273035420517427,0.0786545172547499
AOP-Road8-LargeClean-v1,FasterRCNN-resnet18-FPN-Road8,277ecf201ad045c3d518c56897f52639e4ef44714851b45535b90b656c2e1df8,PRE_NMS_TOPN100,1,person,2771,595,0.2147239263803681,M11,730102,30,631,True,0.0560047724698031,0.1101687757036416,0.0462112960528729,0.1237098520389751
AOP-Road8-LargeClean-v1,FasterRCNN-resnet18-FPN-Road8,277ecf201ad045c3d518c56897f52639e4ef44714851b45535b90b656c2e1df8,PRE_NMS_TOPN100,2,bicycle,244,15,0.0614754098360655,M11,730102,30,125,True,0.0137559329859854,0.0308490067153433,0.0119636963696369,0.0315573770491803
AOP-Road8-LargeClean-v1,FasterRCNN-resnet18-FPN-Road8,277ecf201ad045c3d518c56897f52639e4ef44714851b45535b90b656c2e1df8,PRE_NMS_TOPN100,3,car,20453,8838,0.4321126485112208,M11,730102,30,1988,True,0.0827885169820315,0.1142020338869784,0.0934726827002523,0.313474795873466
AOP-Road8-LargeClean-v1,FasterRCNN-resnet18-FPN-Road8,277ecf201ad045c3d518c56897f52639e4ef44714851b45535b90b656c2e1df8,PRE_NMS_TOPN100,4,motorcycle,95,6,0.0631578947368421,M11,730102,30,66,True,0.0179481739382729,0.0388931200812388,0.0091575091575091,0.0326315789473684
AOP-Road8-LargeClean-v1,FasterRCNN-resnet18-FPN-Road8,277ecf201ad045c3d518c56897f52639e4ef44714851b45535b90b656c2e1df8,PRE_NMS_TOPN100,5,bus,350,55,0.1571428571428571,M11,730102,30,258,True,0.0322018224136292,0.0393056366856001,0.0371723309909981,0.1325714285714285
AOP-Road8-LargeClean-v1,FasterRCNN-resnet18-FPN-Road8,277ecf201ad045c3d518c56897f52639e4ef44714851b45535b90b656c2e1df8,PRE_NMS_TOPN100,6,train,6,0,0.0,M11,730102,30,5,True,0.0,0.0,0.0,0.0
AOP-Road8-LargeClean-v1,FasterRCNN-resnet18-FPN-Road8,277ecf201ad045c3d518c56897f52639e4ef44714851b45535b90b656c2e1df8,PRE_NMS_TOPN100,7,truck,889,167,0.1878515185601799,M11,730102,30,540,True,0.0367902272499801,0.0490741221158645,0.0428978736639256,0.1446569178852643
AOP-Road8-LargeClean-v1,FasterRCNN-resnet18-FPN-Road8,277ecf201ad045c3d518c56897f52639e4ef44714851b45535b90b656c2e1df8,PRE_NMS_TOPN100,8,traffic light,5158,1065,0.2064753780535091,M11,730102,30,1123,True,0.0487035605585323,0.1147442901525772,0.0305992328493091,0.0998255137650252
AOP-Road8-LargeClean-v1,FasterRCNN-resnet18-FPN-Road8,277ecf201ad045c3d518c56897f52639e4ef44714851b45535b90b656c2e1df8,PRE_NMS_TOPN100,1,person,2771,601,0.2168892096715987,M11,730102,40,631,True,0.0544326848691558,0.1057976039327679,0.0445537168680567,0.1261638397690364
AOP-Road8-LargeClean-v1,FasterRCNN-resnet18-FPN-Road8,277ecf201ad045c3d518c56897f52639e4ef44714851b45535b90b656c2e1df8,PRE_NMS_TOPN100,2,bicycle,244,15,0.0614754098360655,M11,730102,40,125,True,0.0132602015168793,0.0294908892016741,0.0117011701170116,0.0323770491803278
AOP-Road8-LargeClean-v1,FasterRCNN-resnet18-FPN-Road8,277ecf201ad045c3d518c56897f52639e4ef44714851b45535b90b656c2e1df8,PRE_NMS_TOPN100,3,car,20453,9636,0.4711289297413582,M11,730102,40,1988,True,0.080685939740686,0.1119287276887583,0.0905592783639379,0.3379602014374419
AOP-Road8-LargeClean-v1,FasterRCNN-resnet18-FPN-Road8,277ecf201ad045c3d518c56897f52639e4ef44714851b45535b90b656c2e1df8,PRE_NMS_TOPN100,4,motorcycle,95,6,0.0631578947368421,M11,730102,40,66,True,0.0177151726161627,0.0379237923792379,0.0089151772320089,0.0336842105263157
AOP-Road8-LargeClean-v1,FasterRCNN-resnet18-FPN-Road8,277ecf201ad045c3d518c56897f52639e4ef44714851b45535b90b656c2e1df8,PRE_NMS_TOPN100,5,bus,350,56,0.16,M11,730102,40,258,True,0.0295514866398184,0.0362776462492573,0.0345550409339026,0.1357142857142857
AOP-Road8-LargeClean-v1,FasterRCNN-resnet18-FPN-Road8,277ecf201ad045c3d518c56897f52639e4ef44714851b45535b90b656c2e1df8,PRE_NMS_TOPN100,6,train,6,0,0.0,M11,730102,40,5,True,0.0,0.0,0.0,0.0
AOP-Road8-LargeClean-v1,FasterRCNN-resnet18-FPN-Road8,277ecf201ad045c3d518c56897f52639e4ef44714851b45535b90b656c2e1df8,PRE_NMS_TOPN100,7,truck,889,174,0.1957255343082114,M11,730102,40,540,True,0.0322161815625323,0.0431807419746536,0.0387230232395605,0.1502812148481439
AOP-Road8-LargeClean-v1,FasterRCNN-resnet18-FPN-Road8,277ecf201ad045c3d518c56897f52639e4ef44714851b45535b90b656c2e1df8,PRE_NMS_TOPN100,8,traffic light,5158,1123,0.2177200465296626,M11,730102,40,1123,True,0.0487734313927009,0.1146850542954748,0.0306984911645115,0.1058162078324932
AOP-Road8-LargeClean-v1,FasterRCNN-resnet18-FPN-Road8,277ecf201ad045c3d518c56897f52639e4ef44714851b45535b90b656c2e1df8,PRE_NMS_TOPN100,1,person,2771,395,0.1425478166726813,M11,730103,10,631,True,0.0439412736763086,0.0863914728277099,0.0365578070577561,0.0823890292313244
AOP-Road8-LargeClean-v1,FasterRCNN-resnet18-FPN-Road8,277ecf201ad045c3d518c56897f52639e4ef44714851b45535b90b656c2e1df8,PRE_NMS_TOPN100,2,bicycle,244,8,0.0327868852459016,M11,730103,10,125,True,0.0117501456027955,0.0269365171811298,0.0099009900990099,0.0155737704918032
AOP-Road8-LargeClean-v1,FasterRCNN-resnet18-FPN-Road8,277ecf201ad045c3d518c56897f52639e4ef44714851b45535b90b656c2e1df8,PRE_NMS_TOPN100,3,car,20453,5235,0.2559526719796607,M11,730103,10,1988,True,0.0773481959911908,0.1020669512119714,0.0898323765388068,0.1982300884955752
AOP-Road8-LargeClean-v1,FasterRCNN-resnet18-FPN-Road8,277ecf201ad045c3d518c56897f52639e4ef44714851b45535b90b656c2e1df8,PRE_NMS_TOPN100,4,motorcycle,95,4,0.0421052631578947,M11,730103,10,66,True,0.0191419141914191,0.0429042904290429,0.0132013201320132,0.0210526315789473
AOP-Road8-LargeClean-v1,FasterRCNN-resnet18-FPN-Road8,277ecf201ad045c3d518c56897f52639e4ef44714851b45535b90b656c2e1df8,PRE_NMS_TOPN100,5,bus,350,46,0.1314285714285714,M11,730103,10,258,True,0.041676897603411,0.0532776102043223,0.0497278102989476,0.1082857142857142
AOP-Road8-LargeClean-v1,FasterRCNN-resnet18-FPN-Road8,277ecf201ad045c3d518c56897f52639e4ef44714851b45535b90b656c2e1df8,PRE_NMS_TOPN100,6,train,6,0,0.0,M11,730103,10,5,True,0.0,0.0,0.0,0.0
AOP-Road8-LargeClean-v1,FasterRCNN-resnet18-FPN-Road8,277ecf201ad045c3d518c56897f52639e4ef44714851b45535b90b656c2e1df8,PRE_NMS_TOPN100,7,truck,889,115,0.1293588301462317,M11,730103,10,540,True,0.046896304066073,0.0639311295156321,0.0563240326186533,0.0979752530933633
AOP-Road8-LargeClean-v1,FasterRCNN-resnet18-FPN-Road8,277ecf201ad045c3d518c56897f52639e4ef44714851b45535b90b656c2e1df8,PRE_NMS_TOPN100,8,traffic light,5158,370,0.0717332299340829,M11,730103,10,1123,True,0.0239628290156305,0.0532079478322565,0.0173415190981463,0.0346839860411011
AOP-Road8-LargeClean-v1,FasterRCNN-resnet18-FPN-Road8,277ecf201ad045c3d518c56897f52639e4ef44714851b45535b90b656c2e1df8,PRE_NMS_TOPN100,1,person,2771,509,0.1836881992060628,M11,730103,15,631,True,0.0507824680934343,0.1008932113093662,0.0412403497019554,0.1054492962829303
AOP-Road8-LargeClean-v1,FasterRCNN-resnet18-FPN-Road8,277ecf201ad045c3d518c56897f52639e4ef44714851b45535b90b656c2e1df8,PRE_NMS_TOPN100,2,bicycle,244,13,0.0532786885245901,M11,730103,15,125,True,0.0153602125218479,0.0354431871758604,0.011032531824611,0.0262295081967213
AOP-Road8-LargeClean-v1,FasterRCNN-resnet18-FPN-Road8,277ecf201ad045c3d518c56897f52639e4ef44714851b45535b90b656c2e1df8,PRE_NMS_TOPN100,3,car,20453,6351,0.3105167946022588,M11,730103,15,1988,True,0.0812500808569948,0.1100488636189328,0.0936486546340143,0.2348164083508531
AOP-Road8-LargeClean-v1,FasterRCNN-resnet18-FPN-Road8,277ecf201ad045c3d518c56897f52639e4ef44714851b45535b90b656c2e1df8,PRE_NMS_TOPN100,4,motorcycle,95,6,0.0631578947368421,M11,730103,15,66,True,0.0241843470061291,0.0513908533710513,0.0144978783592644,0.0326315789473684
AOP-Road8-LargeClean-v1,FasterRCNN-resnet18-FPN-Road8,277ecf201ad045c3d518c56897f52639e4ef44714851b45535b90b656c2e1df8,PRE_NMS_TOPN100,5,bus,350,53,0.1514285714285714,M11,730103,15,258,True,0.0432543848427595,0.0550124000422645,0.0516347426171726,0.1248571428571428
AOP-Road8-LargeClean-v1,FasterRCNN-resnet18-FPN-Road8,277ecf201ad045c3d518c56897f52639e4ef44714851b45535b90b656c2e1df8,PRE_NMS_TOPN100,6,train,6,0,0.0,M11,730103,15,5,True,0.0,0.0,0.0,0.0
AOP-Road8-LargeClean-v1,FasterRCNN-resnet18-FPN-Road8,277ecf201ad045c3d518c56897f52639e4ef44714851b45535b90b656c2e1df8,PRE_NMS_TOPN100,7,truck,889,150,0.1687289088863892,M11,730103,15,540,True,0.04732163975491,0.0640604077732345,0.057010366501321,0.1300337457817773
AOP-Road8-LargeClean-v1,FasterRCNN-resnet18-FPN-Road8,277ecf201ad045c3d518c56897f52639e4ef44714851b45535b90b656c2e1df8,PRE_NMS_TOPN100,8,traffic light,5158,673,0.1304769290422644,M11,730103,15,1123,True,0.0366389885129322,0.0854151309761328,0.0250438433098779,0.063125242341993
AOP-Road8-LargeClean-v1,FasterRCNN-resnet18-FPN-Road8,277ecf201ad045c3d518c56897f52639e4ef44714851b45535b90b656c2e1df8,PRE_NMS_TOPN100,1,person,2771,559,0.2017322266329844,M11,730103,20,631,True,0.0541748766707287,0.1072390236310589,0.043688469989809,0.1159509202453987
AOP-Road8-LargeClean-v1,FasterRCNN-resnet18-FPN-Road8,277ecf201ad045c3d518c56897f52639e4ef44714851b45535b90b656c2e1df8,PRE_NMS_TOPN100,2,bicycle,244,14,0.0573770491803278,M11,730103,20,125,True,0.0155279573216604,0.0344116969836518,0.0122035459359889,0.0290983606557377
AOP-Road8-LargeClean-v1,FasterRCNN-resnet18-FPN-Road8,277ecf201ad045c3d518c56897f52639e4ef44714851b45535b90b656c2e1df8,PRE_NMS_TOPN100,3,car,20453,7370,0.3603383366743265,M11,730103,20,1988,True,0.0829012552055458,0.1138995817902188,0.0942826199910215,0.2676722241236004
AOP-Road8-LargeClean-v1,FasterRCNN-resnet18-FPN-Road8,277ecf201ad045c3d518c56897f52639e4ef44714851b45535b90b656c2e1df8,PRE_NMS_TOPN100,4,motorcycle,95,6,0.0631578947368421,M11,730103,20,66,True,0.0179638897955729,0.0388931200812388,0.0091575091575091,0.0326315789473684
AOP-Road8-LargeClean-v1,FasterRCNN-resnet18-FPN-Road8,277ecf201ad045c3d518c56897f52639e4ef44714851b45535b90b656c2e1df8,PRE_NMS_TOPN100,5,bus,350,55,0.1571428571428571,M11,730103,20,258,True,0.0355263450494429,0.0439805505387034,0.0411943769211369,0.1299999999999999
AOP-Road8-LargeClean-v1,FasterRCNN-resnet18-FPN-Road8,277ecf201ad045c3d518c56897f52639e4ef44714851b45535b90b656c2e1df8,PRE_NMS_TOPN100,6,train,6,0,0.0,M11,730103,20,5,True,0.0,0.0,0.0,0.0
AOP-Road8-LargeClean-v1,FasterRCNN-resnet18-FPN-Road8,277ecf201ad045c3d518c56897f52639e4ef44714851b45535b90b656c2e1df8,PRE_NMS_TOPN100,7,truck,889,163,0.1833520809898762,M11,730103,20,540,True,0.0438744879918754,0.0600587780033691,0.0519266904120386,0.1397075365579302
AOP-Road8-LargeClean-v1,FasterRCNN-resnet18-FPN-Road8,277ecf201ad045c3d518c56897f52639e4ef44714851b45535b90b656c2e1df8,PRE_NMS_TOPN100,8,traffic light,5158,858,0.1663435440093059,M11,730103,20,1123,True,0.0426028769730034,0.1008471302499827,0.026933104208988,0.0799340829778984
AOP-Road8-LargeClean-v1,FasterRCNN-resnet18-FPN-Road8,277ecf201ad045c3d518c56897f52639e4ef44714851b45535b90b656c2e1df8,PRE_NMS_TOPN100,1,person,2771,595,0.2147239263803681,M11,730103,30,631,True,0.0556906625192285,0.1093170194586843,0.0459094596013372,0.1240707325875135
AOP-Road8-LargeClean-v1,FasterRCNN-resnet18-FPN-Road8,277ecf201ad045c3d518c56897f52639e4ef44714851b45535b90b656c2e1df8,PRE_NMS_TOPN100,2,bicycle,244,15,0.0614754098360655,M11,730103,30,125,True,0.0136454988656502,0.0304880331179836,0.0121858339680121,0.0319672131147541
AOP-Road8-LargeClean-v1,FasterRCNN-resnet18-FPN-Road8,277ecf201ad045c3d518c56897f52639e4ef44714851b45535b90b656c2e1df8,PRE_NMS_TOPN100,3,car,20453,8826,0.4315259375152789,M11,730103,30,1988,True,0.0824823546455966,0.1136182679998794,0.0930360309540148,0.3140175035447122
AOP-Road8-LargeClean-v1,FasterRCNN-resnet18-FPN-Road8,277ecf201ad045c3d518c56897f52639e4ef44714851b45535b90b656c2e1df8,PRE_NMS_TOPN100,4,motorcycle,95,6,0.0631578947368421,M11,730103,30,66,True,0.0179481739382729,0.0388931200812388,0.0091575091575091,0.0326315789473684
AOP-Road8-LargeClean-v1,FasterRCNN-resnet18-FPN-Road8,277ecf201ad045c3d518c56897f52639e4ef44714851b45535b90b656c2e1df8,PRE_NMS_TOPN100,5,bus,350,55,0.1571428571428571,M11,730103,30,258,True,0.0315541406519091,0.0384928719619378,0.0364090317753871,0.1325714285714285
AOP-Road8-LargeClean-v1,FasterRCNN-resnet18-FPN-Road8,277ecf201ad045c3d518c56897f52639e4ef44714851b45535b90b656c2e1df8,PRE_NMS_TOPN100,6,train,6,0,0.0,M11,730103,30,5,True,0.0,0.0,0.0,0.0
AOP-Road8-LargeClean-v1,FasterRCNN-resnet18-FPN-Road8,277ecf201ad045c3d518c56897f52639e4ef44714851b45535b90b656c2e1df8,PRE_NMS_TOPN100,7,truck,889,168,0.1889763779527559,M11,730103,30,540,True,0.0375723668722404,0.0501187820500498,0.0437725280867168,0.1451068616422947
AOP-Road8-LargeClean-v1,FasterRCNN-resnet18-FPN-Road8,277ecf201ad045c3d518c56897f52639e4ef44714851b45535b90b656c2e1df8,PRE_NMS_TOPN100,8,traffic light,5158,1061,0.2056998836758433,M11,730103,30,1123,True,0.0482289168175808,0.1131993158154675,0.0307896585840595,0.0997091896083753
AOP-Road8-LargeClean-v1,FasterRCNN-resnet18-FPN-Road8,277ecf201ad045c3d518c56897f52639e4ef44714851b45535b90b656c2e1df8,PRE_NMS_TOPN100,1,person,2771,601,0.2168892096715987,M11,730103,40,631,True,0.0538674214395211,0.1045524064043006,0.0442138940635633,0.1263803680981595
AOP-Road8-LargeClean-v1,FasterRCNN-resnet18-FPN-Road8,277ecf201ad045c3d518c56897f52639e4ef44714851b45535b90b656c2e1df8,PRE_NMS_TOPN100,2,bicycle,244,15,0.0614754098360655,M11,730103,40,125,True,0.0132400166573244,0.02944447105775,0.0117011701170116,0.0323770491803278
AOP-Road8-LargeClean-v1,FasterRCNN-resnet18-FPN-Road8,277ecf201ad045c3d518c56897f52639e4ef44714851b45535b90b656c2e1df8,PRE_NMS_TOPN100,3,car,20453,9627,0.4706888964944018,M11,730103,40,1988,True,0.0804204477583898,0.1114546867455726,0.0903057889107775,0.3379895369872391
AOP-Road8-LargeClean-v1,FasterRCNN-resnet18-FPN-Road8,277ecf201ad045c3d518c56897f52639e4ef44714851b45535b90b656c2e1df8,PRE_NMS_TOPN100,4,motorcycle,95,6,0.0631578947368421,M11,730103,40,66,True,0.0177151726161627,0.0379237923792379,0.0089151772320089,0.0336842105263157
AOP-Road8-LargeClean-v1,FasterRCNN-resnet18-FPN-Road8,277ecf201ad045c3d518c56897f52639e4ef44714851b45535b90b656c2e1df8,PRE_NMS_TOPN100,5,bus,350,56,0.16,M11,730103,40,258,True,0.0295461832009692,0.0362680423702735,0.0345472083500832,0.136
AOP-Road8-LargeClean-v1,FasterRCNN-resnet18-FPN-Road8,277ecf201ad045c3d518c56897f52639e4ef44714851b45535b90b656c2e1df8,PRE_NMS_TOPN100,6,train,6,0,0.0,M11,730103,40,5,True,0.0,0.0,0.0,0.0
AOP-Road8-LargeClean-v1,FasterRCNN-resnet18-FPN-Road8,277ecf201ad045c3d518c56897f52639e4ef44714851b45535b90b656c2e1df8,PRE_NMS_TOPN100,7,truck,889,173,0.1946006749156355,M11,730103,40,540,True,0.0321513876672237,0.0430920978068839,0.038657864420725,0.1496062992125984
AOP-Road8-LargeClean-v1,FasterRCNN-resnet18-FPN-Road8,277ecf201ad045c3d518c56897f52639e4ef44714851b45535b90b656c2e1df8,PRE_NMS_TOPN100,8,traffic light,5158,1122,0.2175261729352462,M11,730103,40,1123,True,0.0482850559905935,0.1134343856385679,0.0304092183712962,0.10566110895696
AOP-Road8-LargeClean-v1,FasterRCNN-resnet18-FPN-Road8,277ecf201ad045c3d518c56897f52639e4ef44714851b45535b90b656c2e1df8,PRE_NMS_TOPN100,1,person,2771,48,0.0173222663298448,S_ADAPT,-1,10,631,True,0.010165168936878,0.0157355021216407,0.0102970297029702,0.0101046553590761
AOP-Road8-LargeClean-v1,FasterRCNN-resnet18-FPN-Road8,277ecf201ad045c3d518c56897f52639e4ef44714851b45535b90b656c2e1df8,PRE_NMS_TOPN100,2,bicycle,244,1,0.0040983606557377,S_ADAPT,-1,10,125,True,0.0059405940594059,0.0099009900990099,0.0099009900990099,0.0024590163934426
AOP-Road8-LargeClean-v1,FasterRCNN-resnet18-FPN-Road8,277ecf201ad045c3d518c56897f52639e4ef44714851b45535b90b656c2e1df8,PRE_NMS_TOPN100,3,car,20453,4292,0.2098469662152251,S_ADAPT,-1,10,1988,True,0.0560472059192809,0.0693142473311092,0.0654104795084513,0.1706351146531071
AOP-Road8-LargeClean-v1,FasterRCNN-resnet18-FPN-Road8,277ecf201ad045c3d518c56897f52639e4ef44714851b45535b90b656c2e1df8,PRE_NMS_TOPN100,4,motorcycle,95,0,0.0,S_ADAPT,-1,10,66,True,0.0,0.0,0.0,0.0
AOP-Road8-LargeClean-v1,FasterRCNN-resnet18-FPN-Road8,277ecf201ad045c3d518c56897f52639e4ef44714851b45535b90b656c2e1df8,PRE_NMS_TOPN100,5,bus,350,13,0.0371428571428571,S_ADAPT,-1,10,258,True,0.0166229218267657,0.0198990487284022,0.0198990487284022,0.0317142857142857
AOP-Road8-LargeClean-v1,FasterRCNN-resnet18-FPN-Road8,277ecf201ad045c3d518c56897f52639e4ef44714851b45535b90b656c2e1df8,PRE_NMS_TOPN100,6,train,6,0,0.0,S_ADAPT,-1,10,5,True,0.0,0.0,0.0,0.0
AOP-Road8-LargeClean-v1,FasterRCNN-resnet18-FPN-Road8,277ecf201ad045c3d518c56897f52639e4ef44714851b45535b90b656c2e1df8,PRE_NMS_TOPN100,7,truck,889,31,0.0348706411698537,S_ADAPT,-1,10,540,True,0.0155450089848208,0.0193332377442768,0.0193332377442768,0.0287964004499437
AOP-Road8-LargeClean-v1,FasterRCNN-resnet18-FPN-Road8,277ecf201ad045c3d518c56897f52639e4ef44714851b45535b90b656c2e1df8,PRE_NMS_TOPN100,8,traffic light,5158,73,0.0141527723924001,S_ADAPT,-1,10,1123,True,0.0075274995726997,0.0151485148514851,0.0049504950495049,0.0069212873206669
AOP-Road8-LargeClean-v1,FasterRCNN-resnet18-FPN-Road8,277ecf201ad045c3d518c56897f52639e4ef44714851b45535b90b656c2e1df8,PRE_NMS_TOPN100,1,person,2771,72,0.0259833994947672,S_ADAPT,-1,15,631,True,0.0146757355687062,0.0238928387220744,0.0119854090672225,0.0160591844099603
AOP-Road8-LargeClean-v1,FasterRCNN-resnet18-FPN-Road8,277ecf201ad045c3d518c56897f52639e4ef44714851b45535b90b656c2e1df8,PRE_NMS_TOPN100,2,bicycle,244,1,0.0040983606557377,S_ADAPT,-1,15,125,True,0.0059405940594059,0.0099009900990099,0.0099009900990099,0.0024590163934426
AOP-Road8-LargeClean-v1,FasterRCNN-resnet18-FPN-Road8,277ecf201ad045c3d518c56897f52639e4ef44714851b45535b90b656c2e1df8,PRE_NMS_TOPN100,3,car,20453,5125,0.2505744878501931,S_ADAPT,-1,15,1988,True,0.0607284063768368,0.0769869576985849,0.0712545596805629,0.20323179973598
AOP-Road8-LargeClean-v1,FasterRCNN-resnet18-FPN-Road8,277ecf201ad045c3d518c56897f52639e4ef44714851b45535b90b656c2e1df8,PRE_NMS_TOPN100,4,motorcycle,95,0,0.0,S_ADAPT,-1,15,66,True,0.0,0.0,0.0,0.0
AOP-Road8-LargeClean-v1,FasterRCNN-resnet18-FPN-Road8,277ecf201ad045c3d518c56897f52639e4ef44714851b45535b90b656c2e1df8,PRE_NMS_TOPN100,5,bus,350,18,0.0514285714285714,S_ADAPT,-1,15,258,True,0.0208772899444627,0.0251871961389687,0.0251871961389687,0.0457142857142857
AOP-Road8-LargeClean-v1,FasterRCNN-resnet18-FPN-Road8,277ecf201ad045c3d518c56897f52639e4ef44714851b45535b90b656c2e1df8,PRE_NMS_TOPN100,6,train,6,0,0.0,S_ADAPT,-1,15,5,True,0.0,0.0,0.0,0.0
AOP-Road8-LargeClean-v1,FasterRCNN-resnet18-FPN-Road8,277ecf201ad045c3d518c56897f52639e4ef44714851b45535b90b656c2e1df8,PRE_NMS_TOPN100,7,truck,889,43,0.0483689538807649,S_ADAPT,-1,15,540,True,0.017760937164087,0.0220756443754438,0.0217210142475282,0.0399325084364454
AOP-Road8-LargeClean-v1,FasterRCNN-resnet18-FPN-Road8,277ecf201ad045c3d518c56897f52639e4ef44714851b45535b90b656c2e1df8,PRE_NMS_TOPN100,8,traffic light,5158,76,0.0147343931756494,S_ADAPT,-1,15,1123,True,0.0094066763763023,0.0154972018941024,0.0099009900990099,0.007347809228383
AOP-Road8-LargeClean-v1,FasterRCNN-resnet18-FPN-Road8,277ecf201ad045c3d518c56897f52639e4ef44714851b45535b90b656c2e1df8,PRE_NMS_TOPN100,1,person,2771,111,0.0400577408877661,S_ADAPT,-1,20,631,True,0.0194790296537801,0.0366849508785075,0.0166124304738166,0.0252977264525442
AOP-Road8-LargeClean-v1,FasterRCNN-resnet18-FPN-Road8,277ecf201ad045c3d518c56897f52639e4ef44714851b45535b90b656c2e1df8,PRE_NMS_TOPN100,2,bicycle,244,1,0.0040983606557377,S_ADAPT,-1,20,125,True,0.0059405940594059,0.0099009900990099,0.0099009900990099,0.0024590163934426
AOP-Road8-LargeClean-v1,FasterRCNN-resnet18-FPN-Road8,277ecf201ad045c3d518c56897f52639e4ef44714851b45535b90b656c2e1df8,PRE_NMS_TOPN100,3,car,20453,5921,0.2894929839143402,S_ADAPT,-1,20,1988,True,0.0645265062430382,0.0811437478881963,0.0753173197131036,0.2319170781792402
AOP-Road8-LargeClean-v1,FasterRCNN-resnet18-FPN-Road8,277ecf201ad045c3d518c56897f52639e4ef44714851b45535b90b656c2e1df8,PRE_NMS_TOPN100,4,motorcycle,95,0,0.0,S_ADAPT,-1,20,66,True,0.0,0.0,0.0,0.0
AOP-Road8-LargeClean-v1,FasterRCNN-resnet18-FPN-Road8,277ecf201ad045c3d518c56897f52639e4ef44714851b45535b90b656c2e1df8,PRE_NMS_TOPN100,5,bus,350,22,0.0628571428571428,S_ADAPT,-1,20,258,True,0.0211367669175424,0.0253857319340692,0.0252298108301478,0.0545714285714285
AOP-Road8-LargeClean-v1,FasterRCNN-resnet18-FPN-Road8,277ecf201ad045c3d518c56897f52639e4ef44714851b45535b90b656c2e1df8,PRE_NMS_TOPN100,6,train,6,0,0.0,S_ADAPT,-1,20,5,True,0.0,0.0,0.0,0.0
AOP-Road8-LargeClean-v1,FasterRCNN-resnet18-FPN-Road8,277ecf201ad045c3d518c56897f52639e4ef44714851b45535b90b656c2e1df8,PRE_NMS_TOPN100,7,truck,889,52,0.0584926884139482,S_ADAPT,-1,20,540,True,0.0189899153069548,0.0236337057351055,0.0232032910250732,0.0481439820022497
AOP-Road8-LargeClean-v1,FasterRCNN-resnet18-FPN-Road8,277ecf201ad045c3d518c56897f52639e4ef44714851b45535b90b656c2e1df8,PRE_NMS_TOPN100,8,traffic light,5158,91,0.017642497091896,S_ADAPT,-1,20,1123,True,0.0103893118983498,0.0167656765676567,0.0099009900990099,0.0092283830942225
AOP-Road8-LargeClean-v1,FasterRCNN-resnet18-FPN-Road8,277ecf201ad045c3d518c56897f52639e4ef44714851b45535b90b656c2e1df8,PRE_NMS_TOPN100,1,person,2771,310,0.1118729700469144,S_ADAPT,-1,30,631,True,0.0373070367112267,0.0703223708643245,0.0329793967254434,0.0681342475640563
AOP-Road8-LargeClean-v1,FasterRCNN-resnet18-FPN-Road8,277ecf201ad045c3d518c56897f52639e4ef44714851b45535b90b656c2e1df8,PRE_NMS_TOPN100,2,bicycle,244,3,0.0122950819672131,S_ADAPT,-1,30,125,True,0.0071287128712871,0.0158415841584158,0.0099009900990099,0.0045081967213114
AOP-Road8-LargeClean-v1,FasterRCNN-resnet18-FPN-Road8,277ecf201ad045c3d518c56897f52639e4ef44714851b45535b90b656c2e1df8,PRE_NMS_TOPN100,3,car,20453,7489,0.3661565540507505,S_ADAPT,-1,30,1988,True,0.0706101167755373,0.0916876112143991,0.0812560661190548,0.2839827898107857
AOP-Road8-LargeClean-v1,FasterRCNN-resnet18-FPN-Road8,277ecf201ad045c3d518c56897f52639e4ef44714851b45535b90b656c2e1df8,PRE_NMS_TOPN100,4,motorcycle,95,0,0.0,S_ADAPT,-1,30,66,True,0.0,0.0,0.0,0.0
AOP-Road8-LargeClean-v1,FasterRCNN-resnet18-FPN-Road8,277ecf201ad045c3d518c56897f52639e4ef44714851b45535b90b656c2e1df8,PRE_NMS_TOPN100,5,bus,350,30,0.0857142857142857,S_ADAPT,-1,30,258,True,0.0232683310218587,0.0277675140252555,0.0272467680231092,0.0765714285714285
AOP-Road8-LargeClean-v1,FasterRCNN-resnet18-FPN-Road8,277ecf201ad045c3d518c56897f52639e4ef44714851b45535b90b656c2e1df8,PRE_NMS_TOPN100,6,train,6,0,0.0,S_ADAPT,-1,30,5,True,0.0,0.0,0.0,0.0
AOP-Road8-LargeClean-v1,FasterRCNN-resnet18-FPN-Road8,277ecf201ad045c3d518c56897f52639e4ef44714851b45535b90b656c2e1df8,PRE_NMS_TOPN100,7,truck,889,95,0.1068616422947131,S_ADAPT,-1,30,540,True,0.0240595639422123,0.0310722042276821,0.0287028279339104,0.0851518560179977
AOP-Road8-LargeClean-v1,FasterRCNN-resnet18-FPN-Road8,277ecf201ad045c3d518c56897f52639e4ef44714851b45535b90b656c2e1df8,PRE_NMS_TOPN100,8,traffic light,5158,227,0.0440093059325319,S_ADAPT,-1,30,1123,True,0.0199712142349463,0.0368788509605805,0.0181243870655722,0.0244086855370298
AOP-Road8-LargeClean-v1,FasterRCNN-resnet18-FPN-Road8,277ecf201ad045c3d518c56897f52639e4ef44714851b45535b90b656c2e1df8,PRE_NMS_TOPN100,1,person,2771,539,0.1945146156622158,S_ADAPT,-1,40,631,True,0.0511685674636568,0.0983481658408124,0.0441308654587876,0.1153374233128834
AOP-Road8-LargeClean-v1,FasterRCNN-resnet18-FPN-Road8,277ecf201ad045c3d518c56897f52639e4ef44714851b45535b90b656c2e1df8,PRE_NMS_TOPN100,2,bicycle,244,9,0.0368852459016393,S_ADAPT,-1,40,125,True,0.0107326327332151,0.0227487034417727,0.0109164762630109,0.0184426229508196
AOP-Road8-LargeClean-v1,FasterRCNN-resnet18-FPN-Road8,277ecf201ad045c3d518c56897f52639e4ef44714851b45535b90b656c2e1df8,PRE_NMS_TOPN100,3,car,20453,8953,0.4377352955556642,S_ADAPT,-1,40,1988,True,0.0750586861182105,0.100251449064804,0.0854684878665412,0.324485405563976
AOP-Road8-LargeClean-v1,FasterRCNN-resnet18-FPN-Road8,277ecf201ad045c3d518c56897f52639e4ef44714851b45535b90b656c2e1df8,PRE_NMS_TOPN100,4,motorcycle,95,1,0.0105263157894736,S_ADAPT,-1,40,66,True,0.0145214521452145,0.0198019801980198,0.0198019801980198,0.0084210526315789
AOP-Road8-LargeClean-v1,FasterRCNN-resnet18-FPN-Road8,277ecf201ad045c3d518c56897f52639e4ef44714851b45535b90b656c2e1df8,PRE_NMS_TOPN100,5,bus,350,44,0.1257142857142857,S_ADAPT,-1,40,258,True,0.0261476964408121,0.0313849947743265,0.0308554490079724,0.1088571428571428
AOP-Road8-LargeClean-v1,FasterRCNN-resnet18-FPN-Road8,277ecf201ad045c3d518c56897f52639e4ef44714851b45535b90b656c2e1df8,PRE_NMS_TOPN100,6,train,6,0,0.0,S_ADAPT,-1,40,5,True,0.0,0.0,0.0,0.0
AOP-Road8-LargeClean-v1,FasterRCNN-resnet18-FPN-Road8,277ecf201ad045c3d518c56897f52639e4ef44714851b45535b90b656c2e1df8,PRE_NMS_TOPN100,7,truck,889,146,0.1642294713160854,S_ADAPT,-1,40,540,True,0.0290038303514259,0.0381736306453311,0.0352186485045374,0.130933633295838
AOP-Road8-LargeClean-v1,FasterRCNN-resnet18-FPN-Road8,277ecf201ad045c3d518c56897f52639e4ef44714851b45535b90b656c2e1df8,PRE_NMS_TOPN100,8,traffic light,5158,744,0.1442419542458317,S_ADAPT,-1,40,1123,True,0.0392477929841512,0.0879321743821633,0.0277412121789642,0.0720240403257076
AOP-Road8-LargeClean-v1,FasterRCNN-resnet18-FPN-Road8,277ecf201ad045c3d518c56897f52639e4ef44714851b45535b90b656c2e1df8,PRE_NMS_TOPN100,1,person,2771,88,0.0317574882713821,S_FIXED,-1,10,631,True,0.0138509569203708,0.0259100747269132,0.0119628663067514,0.0196679898953446
AOP-Road8-LargeClean-v1,FasterRCNN-resnet18-FPN-Road8,277ecf201ad045c3d518c56897f52639e4ef44714851b45535b90b656c2e1df8,PRE_NMS_TOPN100,2,bicycle,244,1,0.0040983606557377,S_FIXED,-1,10,125,True,0.0059405940594059,0.0099009900990099,0.0099009900990099,0.0024590163934426
AOP-Road8-LargeClean-v1,FasterRCNN-resnet18-FPN-Road8,277ecf201ad045c3d518c56897f52639e4ef44714851b45535b90b656c2e1df8,PRE_NMS_TOPN100,3,car,20453,4435,0.216838605583533,S_FIXED,-1,10,1988,True,0.0601959942260523,0.0763919663058884,0.0696677252954139,0.1722583484085464
AOP-Road8-LargeClean-v1,FasterRCNN-resnet18-FPN-Road8,277ecf201ad045c3d518c56897f52639e4ef44714851b45535b90b656c2e1df8,PRE_NMS_TOPN100,4,motorcycle,95,0,0.0,S_FIXED,-1,10,66,True,0.0,0.0,0.0,0.0
AOP-Road8-LargeClean-v1,FasterRCNN-resnet18-FPN-Road8,277ecf201ad045c3d518c56897f52639e4ef44714851b45535b90b656c2e1df8,PRE_NMS_TOPN100,5,bus,350,17,0.0485714285714285,S_FIXED,-1,10,258,True,0.0188486136749268,0.0226440198499268,0.0226440198499268,0.0428571428571428
AOP-Road8-LargeClean-v1,FasterRCNN-resnet18-FPN-Road8,277ecf201ad045c3d518c56897f52639e4ef44714851b45535b90b656c2e1df8,PRE_NMS_TOPN100,6,train,6,0,0.0,S_FIXED,-1,10,5,True,0.0,0.0,0.0,0.0
AOP-Road8-LargeClean-v1,FasterRCNN-resnet18-FPN-Road8,277ecf201ad045c3d518c56897f52639e4ef44714851b45535b90b656c2e1df8,PRE_NMS_TOPN100,7,truck,889,47,0.0528683914510686,S_FIXED,-1,10,540,True,0.0206183255981198,0.0261983645173027,0.0235229204550794,0.0418447694038245
AOP-Road8-LargeClean-v1,FasterRCNN-resnet18-FPN-Road8,277ecf201ad045c3d518c56897f52639e4ef44714851b45535b90b656c2e1df8,PRE_NMS_TOPN100,8,traffic light,5158,139,0.0269484296238852,S_FIXED,-1,10,1123,True,0.0112517739608413,0.0212704756714203,0.0115725858300115,0.0129895308259015
AOP-Road8-LargeClean-v1,FasterRCNN-resnet18-FPN-Road8,277ecf201ad045c3d518c56897f52639e4ef44714851b45535b90b656c2e1df8,PRE_NMS_TOPN100,1,person,2771,132,0.0476362324070732,S_FIXED,-1,15,631,True,0.018852208054431,0.0332041605387502,0.0160339953998814,0.0298809094189823
AOP-Road8-LargeClean-v1,FasterRCNN-resnet18-FPN-Road8,277ecf201ad045c3d518c56897f52639e4ef44714851b45535b90b656c2e1df8,PRE_NMS_TOPN100,2,bicycle,244,3,0.0122950819672131,S_FIXED,-1,15,125,True,0.0071591774562071,0.0121858339680121,0.0099009900990099,0.0073770491803278
AOP-Road8-LargeClean-v1,FasterRCNN-resnet18-FPN-Road8,277ecf201ad045c3d518c56897f52639e4ef44714851b45535b90b656c2e1df8,PRE_NMS_TOPN100,3,car,20453,5382,0.2631398816799492,S_FIXED,-1,15,1988,True,0.0638748012999849,0.0824376161689298,0.0740540263035202,0.2059160025424143
AOP-Road8-LargeClean-v1,FasterRCNN-resnet18-FPN-Road8,277ecf201ad045c3d518c56897f52639e4ef44714851b45535b90b656c2e1df8,PRE_NMS_TOPN100,4,motorcycle,95,0,0.0,S_FIXED,-1,15,66,True,0.0,0.0,0.0,0.0
AOP-Road8-LargeClean-v1,FasterRCNN-resnet18-FPN-Road8,277ecf201ad045c3d518c56897f52639e4ef44714851b45535b90b656c2e1df8,PRE_NMS_TOPN100,5,bus,350,27,0.0771428571428571,S_FIXED,-1,15,258,True,0.025943894335712,0.031490598746537,0.030906571952205,0.0657142857142857
AOP-Road8-LargeClean-v1,FasterRCNN-resnet18-FPN-Road8,277ecf201ad045c3d518c56897f52639e4ef44714851b45535b90b656c2e1df8,PRE_NMS_TOPN100,6,train,6,0,0.0,S_FIXED,-1,15,5,True,0.0,0.0,0.0,0.0
AOP-Road8-LargeClean-v1,FasterRCNN-resnet18-FPN-Road8,277ecf201ad045c3d518c56897f52639e4ef44714851b45535b90b656c2e1df8,PRE_NMS_TOPN100,7,truck,889,62,0.0697412823397075,S_FIXED,-1,15,540,True,0.0206033134646169,0.0263439237044951,0.0255057555115796,0.0547806524184476
AOP-Road8-LargeClean-v1,FasterRCNN-resnet18-FPN-Road8,277ecf201ad045c3d518c56897f52639e4ef44714851b45535b90b656c2e1df8,PRE_NMS_TOPN100,8,traffic light,5158,218,0.042264443582784,S_FIXED,-1,15,1123,True,0.0152638449231997,0.0302588451267722,0.0138013801380138,0.0203955021326095
AOP-Road8-LargeClean-v1,FasterRCNN-resnet18-FPN-Road8,277ecf201ad045c3d518c56897f52639e4ef44714851b45535b90b656c2e1df8,PRE_NMS_TOPN100,1,person,2771,200,0.0721761097076867,S_FIXED,-1,20,631,True,0.0260561279873488,0.0483819816264169,0.0212702866054336,0.0452544207867195
AOP-Road8-LargeClean-v1,FasterRCNN-resnet18-FPN-Road8,277ecf201ad045c3d518c56897f52639e4ef44714851b45535b90b656c2e1df8,PRE_NMS_TOPN100,2,bicycle,244,5,0.0204918032786885,S_FIXED,-1,20,125,True,0.0086520757338891,0.0158068438422789,0.0099009900990099,0.0114754098360655
AOP-Road8-LargeClean-v1,FasterRCNN-resnet18-FPN-Road8,277ecf201ad045c3d518c56897f52639e4ef44714851b45535b90b656c2e1df8,PRE_NMS_TOPN100,3,car,20453,6244,0.3052852882217767,S_FIXED,-1,20,1988,True,0.0669329198443152,0.087226245226976,0.0772760246969958,0.2354715689629883
AOP-Road8-LargeClean-v1,FasterRCNN-resnet18-FPN-Road8,277ecf201ad045c3d518c56897f52639e4ef44714851b45535b90b656c2e1df8,PRE_NMS_TOPN100,4,motorcycle,95,2,0.0210526315789473,S_FIXED,-1,20,66,True,0.0125412541254125,0.0264026402640263,0.0066006600660066,0.011578947368421
AOP-Road8-LargeClean-v1,FasterRCNN-resnet18-FPN-Road8,277ecf201ad045c3d518c56897f52639e4ef44714851b45535b90b656c2e1df8,PRE_NMS_TOPN100,5,bus,350,33,0.0942857142857142,S_FIXED,-1,20,258,True,0.0267334417561415,0.0326031557698322,0.0307402873303433,0.0797142857142857
AOP-Road8-LargeClean-v1,FasterRCNN-resnet18-FPN-Road8,277ecf201ad045c3d518c56897f52639e4ef44714851b45535b90b656c2e1df8,PRE_NMS_TOPN100,6,train,6,0,0.0,S_FIXED,-1,20,5,True,0.0,0.0,0.0,0.0
AOP-Road8-LargeClean-v1,FasterRCNN-resnet18-FPN-Road8,277ecf201ad045c3d518c56897f52639e4ef44714851b45535b90b656c2e1df8,PRE_NMS_TOPN100,7,truck,889,88,0.0989876265466816,S_FIXED,-1,20,540,True,0.0244179958601241,0.0319888907274839,0.0290032155238525,0.0780652418447694
AOP-Road8-LargeClean-v1,FasterRCNN-resnet18-FPN-Road8,277ecf201ad045c3d518c56897f52639e4ef44714851b45535b90b656c2e1df8,PRE_NMS_TOPN100,8,traffic light,5158,317,0.0614579294300116,S_FIXED,-1,20,1123,True,0.0190816534570107,0.0402693439138454,0.0157871504918866,0.0301085692128732
AOP-Road8-LargeClean-v1,FasterRCNN-resnet18-FPN-Road8,277ecf201ad045c3d518c56897f52639e4ef44714851b45535b90b656c2e1df8,PRE_NMS_TOPN100,1,person,2771,341,0.1230602670516059,S_FIXED,-1,30,631,True,0.0369848314554709,0.0707408761779058,0.0309073698491251,0.0738722482858173
AOP-Road8-LargeClean-v1,FasterRCNN-resnet18-FPN-Road8,277ecf201ad045c3d518c56897f52639e4ef44714851b45535b90b656c2e1df8,PRE_NMS_TOPN100,2,bicycle,244,6,0.0245901639344262,S_FIXED,-1,30,125,True,0.009009900990099,0.0183875530410183,0.0099009900990099,0.0131147540983606
AOP-Road8-LargeClean-v1,FasterRCNN-resnet18-FPN-Road8,277ecf201ad045c3d518c56897f52639e4ef44714851b45535b90b656c2e1df8,PRE_NMS_TOPN100,3,car,20453,7657,0.3743705079939373,S_FIXED,-1,30,1988,True,0.0715016711324192,0.0949972884235262,0.0822377871497941,0.2812252481298587
AOP-Road8-LargeClean-v1,FasterRCNN-resnet18-FPN-Road8,277ecf201ad045c3d518c56897f52639e4ef44714851b45535b90b656c2e1df8,PRE_NMS_TOPN100,4,motorcycle,95,4,0.0421052631578947,S_FIXED,-1,30,66,True,0.0143422913719943,0.0316831683168316,0.0079207920792079,0.0210526315789473
AOP-Road8-LargeClean-v1,FasterRCNN-resnet18-FPN-Road8,277ecf201ad045c3d518c56897f52639e4ef44714851b45535b90b656c2e1df8,PRE_NMS_TOPN100,5,bus,350,40,0.1142857142857142,S_FIXED,-1,30,258,True,0.0259007404917033,0.0316768271634581,0.030040731421527,0.0968571428571428
AOP-Road8-LargeClean-v1,FasterRCNN-resnet18-FPN-Road8,277ecf201ad045c3d518c56897f52639e4ef44714851b45535b90b656c2e1df8,PRE_NMS_TOPN100,6,train,6,0,0.0,S_FIXED,-1,30,5,True,0.0,0.0,0.0,0.0
AOP-Road8-LargeClean-v1,FasterRCNN-resnet18-FPN-Road8,277ecf201ad045c3d518c56897f52639e4ef44714851b45535b90b656c2e1df8,PRE_NMS_TOPN100,7,truck,889,114,0.1282339707536557,S_FIXED,-1,30,540,True,0.0262053288760416,0.0341619110810772,0.0315824036965875,0.1011248593925759
AOP-Road8-LargeClean-v1,FasterRCNN-resnet18-FPN-Road8,277ecf201ad045c3d518c56897f52639e4ef44714851b45535b90b656c2e1df8,PRE_NMS_TOPN100,8,traffic light,5158,560,0.1085692128732066,S_FIXED,-1,30,1123,True,0.02910808785719,0.0640057507781594,0.0207381610195627,0.0532183016673129
AOP-Road8-LargeClean-v1,FasterRCNN-resnet18-FPN-Road8,277ecf201ad045c3d518c56897f52639e4ef44714851b45535b90b656c2e1df8,PRE_NMS_TOPN100,1,person,2771,481,0.1735835438469866,S_FIXED,-1,40,631,True,0.0468508066643919,0.0903955315144617,0.0395880261982901,0.1023457235654998
AOP-Road8-LargeClean-v1,FasterRCNN-resnet18-FPN-Road8,277ecf201ad045c3d518c56897f52639e4ef44714851b45535b90b656c2e1df8,PRE_NMS_TOPN100,2,bicycle,244,10,0.040983606557377,S_FIXED,-1,40,125,True,0.0103406030258198,0.0221686454359721,0.0106210621062106,0.021311475409836
AOP-Road8-LargeClean-v1,FasterRCNN-resnet18-FPN-Road8,277ecf201ad045c3d518c56897f52639e4ef44714851b45535b90b656c2e1df8,PRE_NMS_TOPN100,3,car,20453,8784,0.4294724490294822,S_FIXED,-1,40,1988,True,0.0746888046353267,0.0999059341900197,0.0848071443262392,0.3157531902410404
AOP-Road8-LargeClean-v1,FasterRCNN-resnet18-FPN-Road8,277ecf201ad045c3d518c56897f52639e4ef44714851b45535b90b656c2e1df8,PRE_NMS_TOPN100,4,motorcycle,95,6,0.0631578947368421,S_FIXED,-1,40,66,True,0.0175347260000725,0.0388931200812388,0.0073622746890073,0.0305263157894736
AOP-Road8-LargeClean-v1,FasterRCNN-resnet18-FPN-Road8,277ecf201ad045c3d518c56897f52639e4ef44714851b45535b90b656c2e1df8,PRE_NMS_TOPN100,5,bus,350,49,0.14,S_FIXED,-1,40,258,True,0.0278157956886952,0.0340236839125645,0.0324170838640213,0.1194285714285714
AOP-Road8-LargeClean-v1,FasterRCNN-resnet18-FPN-Road8,277ecf201ad045c3d518c56897f52639e4ef44714851b45535b90b656c2e1df8,PRE_NMS_TOPN100,6,train,6,0,0.0,S_FIXED,-1,40,5,True,0.0,0.0,0.0,0.0
AOP-Road8-LargeClean-v1,FasterRCNN-resnet18-FPN-Road8,277ecf201ad045c3d518c56897f52639e4ef44714851b45535b90b656c2e1df8,PRE_NMS_TOPN100,7,truck,889,139,0.156355455568054,S_FIXED,-1,40,540,True,0.0283367381786249,0.0368004298603848,0.0341471590307602,0.1244094488188976
AOP-Road8-LargeClean-v1,FasterRCNN-resnet18-FPN-Road8,277ecf201ad045c3d518c56897f52639e4ef44714851b45535b90b656c2e1df8,PRE_NMS_TOPN100,8,traffic light,5158,835,0.1618844513377278,S_FIXED,-1,40,1123,True,0.0386274396312921,0.0896244628506533,0.0257986542912947,0.0788290034897247
