method,seed,budget,image_count,total_records,AP,AP50,AP75,AP_small,AP_medium,AP_large,AR1,AR10,AR100
M11,730101,10,2000,20000,0.03309978902265409,0.05273955132400181,0.033985812330630374,0.0052557471082128925,0.03669154364652545,0.07839746003417011,0.042414639878759985,0.06469184597898578,0.07016293360941812
M11,730101,15,2000,30000,0.03663703315704596,0.06116919182644298,0.036055056345554067,0.0075481302606856815,0.045261849038738644,0.08288833583661379,0.04995833440743223,0.07738147973190776,0.08830435587750395
M11,730101,20,2000,40000,0.03722746448387687,0.06377747666078187,0.035615984903363374,0.009071542321809905,0.049721619947899136,0.0810759376989476,0.053342268746140585,0.08301018090323911,0.09853795261719886
M11,730101,30,2000,60000,0.03600713331604693,0.06254277683630728,0.03351703407794901,0.010200061095700598,0.05293922680372272,0.0732027193823597,0.05576469342493926,0.0878745727819423,0.10978351174831032
M11,730101,40,2000,80000,0.034437132411271894,0.05966888226869575,0.0323347118178291,0.010523001066238066,0.05221997918930058,0.08179402762704728,0.05655968258813111,0.08986492939103022,0.11525968215157385
M11,730102,10,2000,20000,0.03328464557550673,0.0533436512434503,0.03426232501315853,0.0051657825619937986,0.037472654128713256,0.0792972116072685,0.04308405402000145,0.06493029751456629,0.07049017636534001
M11,730102,15,2000,30000,0.036727289474183106,0.06143786287602537,0.036367880714466484,0.007540947531216206,0.044879662082100584,0.08366878646944567,0.05054729629442113,0.07782217541994949,0.08876544230256293
M11,730102,20,2000,40000,0.03674689186729307,0.06260055397651797,0.035025815843011704,0.00875788561235649,0.05051885023850305,0.07767161444906263,0.05388635668837995,0.08396312005133001,0.09951179034259475
M11,730102,30,2000,60000,0.03602412582477935,0.062154623167655534,0.03393432772306305,0.010259184990446793,0.05279421667870051,0.07287444060780136,0.055771963684729885,0.08798089451881821,0.1098034330163385
M11,730102,40,2000,80000,0.03457938729224197,0.05991055696522803,0.03246323723987376,0.010516232944235555,0.052349489430717384,0.08224077195958303,0.05656937626785193,0.08985579001693522,0.11524962616350562
M11,730103,10,2000,20000,0.03308969501835359,0.053589489900258136,0.03411073198041668,0.005218640763186468,0.037433502349752235,0.07797890580964133,0.04191960204167501,0.06417765171226827,0.06977380915222864
M11,730103,15,2000,30000,0.03734901519862602,0.06278300678335537,0.03676354586852712,0.007784040160397007,0.04586401893573073,0.0841645003892394,0.05066877278568051,0.07876032932251346,0.0896428653448483
M11,730103,20,2000,40000,0.036571461125978734,0.062416235159777976,0.03492328957706155,0.00911059933065894,0.05029800734292885,0.0778926337075106,0.053630688301550176,0.08384126159876755,0.09937433793849174
M11,730103,30,2000,60000,0.03589026428880986,0.0617659263106552,0.033907506515879635,0.010202446780158716,0.053176155353914234,0.07271170249125924,0.05580104472389236,0.08805628381886633,0.11000931350205587
M11,730103,40,2000,80000,0.03440321066627308,0.05952123530032332,0.03234379018318325,0.01049648228013138,0.05188332892100425,0.08190742270870019,0.05655359222447627,0.08982881564465359,0.11521232162020009
S_ADAPT,-1,10,2000,20000,0.013981049912481405,0.018666442609490515,0.01622391010407694,0.002824561555695505,0.01664913774822672,0.03528845385212843,0.018220599954344757,0.028963055126637,0.03132884498631529
S_ADAPT,-1,15,2000,30000,0.016173704936225147,0.021692603616023043,0.018743769916537787,0.002962131941738156,0.01936107503951907,0.041444529738095016,0.021771528469316438,0.03384999379030597,0.039343075489812154
S_ADAPT,-1,20,2000,40000,0.01755776550988393,0.02418935038781816,0.020020604030020137,0.0034340013331549267,0.023488850391495102,0.04270853366324065,0.02441237115899868,0.03795039281107017,0.046452201836640984
S_ADAPT,-1,30,2000,60000,0.022793121944633593,0.03419626693133222,0.024776304495762517,0.004803448794789489,0.034802713108323974,0.051053950539051526,0.03479354644676487,0.05307806354510205,0.0678446505278262
S_ADAPT,-1,40,2000,80000,0.030735082279585806,0.04983013729340375,0.031766639934729224,0.008102697329971226,0.04792546256448177,0.06315017721102856,0.04804993786604973,0.07559258391025772,0.09731266511724332
S_FIXED,-1,10,2000,20000,0.01633828230496465,0.022789486396307703,0.018658888479524148,0.003482433955954031,0.018343256044653335,0.04071366595894043,0.022067839773822213,0.036509599723025324,0.036509599723025324
S_FIXED,-1,15,2000,30000,0.01896215494176899,0.026990122281687106,0.021275339925526267,0.004173546705228183,0.02254671578411905,0.045333007095933596,0.027824816782880995,0.04374293712038292,0.04800805017588343
S_FIXED,-1,20,2000,40000,0.023051933595530292,0.035334887671357486,0.023822326851691066,0.0051918730275832435,0.02774702970715207,0.05391808459335762,0.034449005006753866,0.05324880232404076,0.061458555465765355
S_FIXED,-1,30,2000,60000,0.026631606521864824,0.043206671872747106,0.026666029414351804,0.007031429340974699,0.036639411546668124,0.05962520933810847,0.04181958006501599,0.06538033653331958,0.08005814825125197
S_FIXED,-1,40,2000,80000,0.030524364228027935,0.0514764759806619,0.029342675563227952,0.00869852680065677,0.044679864986479544,0.07748153749899106,0.05023828034340867,0.07840429758269522,0.09907546609288047
