dataset_id,detector_id,allocator_asset_id,candidate_asset_id,protocol_id,image_count,total_records,coverage_total,Coverage,coverage_recall,quality_total,QUALITY,valid_gt_total,empty_valid_gt_images,class_coverage,class_gt,method,seed,budget,AP,AP50,AP75,AP_small,AP_medium,AP_large,AR1,AR10,AR100
AOP-Road8-LargeClean-v1,FasterRCNN-resnet18-FPN-Road8,56b293f30948a1cb1ad50f913f9c0b13fb2d0cb1b35a749620d45834a5b19983,277ecf201ad045c3d518c56897f52639e4ef44714851b45535b90b656c2e1df8,PRE_NMS_TOPN100,2000,20000,6149,3.0745,0.2051992257892277,3764.4879496962367,1.8822439748481183,29966,3,"[411, 8, 5208, 4, 47, 0, 113, 358]","[2771, 244, 20453, 95, 350, 6, 889, 5158]",M11,730101,10,0.033099789022654,0.0527395513240018,0.0339858123306303,0.0052557471082128,0.0366915436465254,0.0783974600341701,0.0424146398787599,0.0646918459789857,0.0701629336094181
AOP-Road8-LargeClean-v1,FasterRCNN-resnet18-FPN-Road8,56b293f30948a1cb1ad50f913f9c0b13fb2d0cb1b35a749620d45834a5b19983,277ecf201ad045c3d518c56897f52639e4ef44714851b45535b90b656c2e1df8,PRE_NMS_TOPN100,2000,30000,7736,3.868,0.2581592471467663,4678.002278279546,2.339001139139773,29966,3,"[524, 11, 6369, 6, 51, 0, 148, 627]","[2771, 244, 20453, 95, 350, 6, 889, 5158]",M11,730101,15,0.0366370331570459,0.0611691918264429,0.036055056345554,0.0075481302606856,0.0452618490387386,0.0828883358366137,0.0499583344074322,0.0773814797319077,0.0883043558775039
AOP-Road8-LargeClean-v1,FasterRCNN-resnet18-FPN-Road8,56b293f30948a1cb1ad50f913f9c0b13fb2d0cb1b35a749620d45834a5b19983,277ecf201ad045c3d518c56897f52639e4ef44714851b45535b90b656c2e1df8,PRE_NMS_TOPN100,2000,40000,9030,4.515,0.3013415203897751,5337.069867122082,2.6685349335610407,29966,3,"[565, 11, 7394, 6, 55, 0, 162, 837]","[2771, 244, 20453, 95, 350, 6, 889, 5158]",M11,730101,20,0.0372274644838768,0.0637774766607818,0.0356159849033633,0.0090715423218099,0.0497216199478991,0.0810759376989476,0.0533422687461405,0.0830101809032391,0.0985379526171988
AOP-Road8-LargeClean-v1,FasterRCNN-resnet18-FPN-Road8,56b293f30948a1cb1ad50f913f9c0b13fb2d0cb1b35a749620d45834a5b19983,277ecf201ad045c3d518c56897f52639e4ef44714851b45535b90b656c2e1df8,PRE_NMS_TOPN100,2000,60000,10736,5.368,0.3582727090702796,6175.532932274997,3.087766466137498,29966,3,"[597, 15, 8840, 6, 55, 0, 167, 1056]","[2771, 244, 20453, 95, 350, 6, 889, 5158]",M11,730101,30,0.0360071333160469,0.0625427768363072,0.033517034077949,0.0102000610957005,0.0529392268037227,0.0732027193823597,0.0557646934249392,0.0878745727819423,0.1097835117483103
AOP-Road8-LargeClean-v1,FasterRCNN-resnet18-FPN-Road8,56b293f30948a1cb1ad50f913f9c0b13fb2d0cb1b35a749620d45834a5b19983,277ecf201ad045c3d518c56897f52639e4ef44714851b45535b90b656c2e1df8,PRE_NMS_TOPN100,2000,80000,11604,5.802,0.3872388707201495,6577.124848621317,3.2885624243106584,29966,3,"[601, 15, 9632, 6, 56, 0, 173, 1121]","[2771, 244, 20453, 95, 350, 6, 889, 5158]",M11,730101,40,0.0344371324112718,0.0596688822686957,0.0323347118178291,0.010523001066238,0.0522199791893005,0.0817940276270472,0.0565596825881311,0.0898649293910302,0.1152596821515738
AOP-Road8-LargeClean-v1,FasterRCNN-resnet18-FPN-Road8,56b293f30948a1cb1ad50f913f9c0b13fb2d0cb1b35a749620d45834a5b19983,277ecf201ad045c3d518c56897f52639e4ef44714851b45535b90b656c2e1df8,PRE_NMS_TOPN100,2000,20000,6167,3.0835,0.2057999065607688,3765.6210999907416,1.882810549995371,29966,3,"[388, 10, 5250, 4, 46, 0, 117, 352]","[2771, 244, 20453, 95, 350, 6, 889, 5158]",M11,730102,10,0.0332846455755067,0.0533436512434503,0.0342623250131585,0.0051657825619937,0.0374726541287132,0.0792972116072685,0.0430840540200014,0.0649302975145662,0.07049017636534
AOP-Road8-LargeClean-v1,FasterRCNN-resnet18-FPN-Road8,56b293f30948a1cb1ad50f913f9c0b13fb2d0cb1b35a749620d45834a5b19983,277ecf201ad045c3d518c56897f52639e4ef44714851b45535b90b656c2e1df8,PRE_NMS_TOPN100,2000,30000,7748,3.874,0.2585597009944604,4674.716290572367,2.337358145286184,29966,3,"[502, 11, 6394, 6, 53, 0, 150, 632]","[2771, 244, 20453, 95, 350, 6, 889, 5158]",M11,730102,15,0.0367272894741831,0.0614378628760253,0.0363678807144664,0.0075409475312162,0.0448796620821005,0.0836687864694456,0.0505472962944211,0.0778221754199494,0.0887654423025629
AOP-Road8-LargeClean-v1,FasterRCNN-resnet18-FPN-Road8,56b293f30948a1cb1ad50f913f9c0b13fb2d0cb1b35a749620d45834a5b19983,277ecf201ad045c3d518c56897f52639e4ef44714851b45535b90b656c2e1df8,PRE_NMS_TOPN100,2000,40000,9037,4.5185,0.3015751184675966,5338.834679882187,2.669417339941093,29966,3,"[557, 15, 7393, 6, 55, 0, 163, 848]","[2771, 244, 20453, 95, 350, 6, 889, 5158]",M11,730102,20,0.036746891867293,0.0626005539765179,0.0350258158430117,0.0087578856123564,0.050518850238503,0.0776716144490626,0.0538863566883799,0.08396312005133,0.0995117903425947
AOP-Road8-LargeClean-v1,FasterRCNN-resnet18-FPN-Road8,56b293f30948a1cb1ad50f913f9c0b13fb2d0cb1b35a749620d45834a5b19983,277ecf201ad045c3d518c56897f52639e4ef44714851b45535b90b656c2e1df8,PRE_NMS_TOPN100,2000,60000,10741,5.3705,0.3584395648401521,6170.166678406899,3.08508333920345,29966,3,"[595, 15, 8838, 6, 55, 0, 167, 1065]","[2771, 244, 20453, 95, 350, 6, 889, 5158]",M11,730102,30,0.0360241258247793,0.0621546231676555,0.033934327723063,0.0102591849904467,0.0527942166787005,0.0728744406078013,0.0557719636847298,0.0879808945188182,0.1098034330163385
AOP-Road8-LargeClean-v1,FasterRCNN-resnet18-FPN-Road8,56b293f30948a1cb1ad50f913f9c0b13fb2d0cb1b35a749620d45834a5b19983,277ecf201ad045c3d518c56897f52639e4ef44714851b45535b90b656c2e1df8,PRE_NMS_TOPN100,2000,80000,11611,5.8055,0.387472468797971,6579.753406779146,3.289876703389573,29966,3,"[601, 15, 9636, 6, 56, 0, 174, 1123]","[2771, 244, 20453, 95, 350, 6, 889, 5158]",M11,730102,40,0.0345793872922419,0.059910556965228,0.0324632372398737,0.0105162329442355,0.0523494894307173,0.082240771959583,0.0565693762678519,0.0898557900169352,0.1152496261635056
AOP-Road8-LargeClean-v1,FasterRCNN-resnet18-FPN-Road8,56b293f30948a1cb1ad50f913f9c0b13fb2d0cb1b35a749620d45834a5b19983,277ecf201ad045c3d518c56897f52639e4ef44714851b45535b90b656c2e1df8,PRE_NMS_TOPN100,2000,20000,6173,3.0865,0.2060001334846159,3765.275511029547,1.8826377555147733,29966,3,"[395, 8, 5235, 4, 46, 0, 115, 370]","[2771, 244, 20453, 95, 350, 6, 889, 5158]",M11,730103,10,0.0330896950183535,0.0535894899002581,0.0341107319804166,0.0052186407631864,0.0374335023497522,0.0779789058096413,0.041919602041675,0.0641776517122682,0.0697738091522286
AOP-Road8-LargeClean-v1,FasterRCNN-resnet18-FPN-Road8,56b293f30948a1cb1ad50f913f9c0b13fb2d0cb1b35a749620d45834a5b19983,277ecf201ad045c3d518c56897f52639e4ef44714851b45535b90b656c2e1df8,PRE_NMS_TOPN100,2000,30000,7755,3.8775,0.2587932990722819,4688.555424828312,2.344277712414156,29966,3,"[509, 13, 6351, 6, 53, 0, 150, 673]","[2771, 244, 20453, 95, 350, 6, 889, 5158]",M11,730103,15,0.037349015198626,0.0627830067833553,0.0367635458685271,0.007784040160397,0.0458640189357307,0.0841645003892394,0.0506687727856805,0.0787603293225134,0.0896428653448483
AOP-Road8-LargeClean-v1,FasterRCNN-resnet18-FPN-Road8,56b293f30948a1cb1ad50f913f9c0b13fb2d0cb1b35a749620d45834a5b19983,277ecf201ad045c3d518c56897f52639e4ef44714851b45535b90b656c2e1df8,PRE_NMS_TOPN100,2000,40000,9025,4.5125,0.3011746646199025,5343.525742221399,2.6717628711106998,29966,3,"[559, 14, 7370, 6, 55, 0, 163, 858]","[2771, 244, 20453, 95, 350, 6, 889, 5158]",M11,730103,20,0.0365714611259787,0.0624162351597779,0.0349232895770615,0.0091105993306589,0.0502980073429288,0.0778926337075106,0.0536306883015501,0.0838412615987675,0.0993743379384917
AOP-Road8-LargeClean-v1,FasterRCNN-resnet18-FPN-Road8,56b293f30948a1cb1ad50f913f9c0b13fb2d0cb1b35a749620d45834a5b19983,277ecf201ad045c3d518c56897f52639e4ef44714851b45535b90b656c2e1df8,PRE_NMS_TOPN100,2000,60000,10726,5.363,0.3579389975305346,6179.711131315234,3.0898555656576168,29966,3,"[595, 15, 8826, 6, 55, 0, 168, 1061]","[2771, 244, 20453, 95, 350, 6, 889, 5158]",M11,730103,30,0.0358902642888098,0.0617659263106552,0.0339075065158796,0.0102024467801587,0.0531761553539142,0.0727117024912592,0.0558010447238923,0.0880562838188663,0.1100093135020558
AOP-Road8-LargeClean-v1,FasterRCNN-resnet18-FPN-Road8,56b293f30948a1cb1ad50f913f9c0b13fb2d0cb1b35a749620d45834a5b19983,277ecf201ad045c3d518c56897f52639e4ef44714851b45535b90b656c2e1df8,PRE_NMS_TOPN100,2000,80000,11600,5.8,0.3871053861042515,6578.802104959942,3.289401052479971,29966,3,"[601, 15, 9627, 6, 56, 0, 173, 1122]","[2771, 244, 20453, 95, 350, 6, 889, 5158]",M11,730103,40,0.034403210666273,0.0595212353003233,0.0323437901831832,0.0104964822801313,0.0518833289210042,0.0819074227087001,0.0565535922244762,0.0898288156446535,0.1152123216202
AOP-Road8-LargeClean-v1,FasterRCNN-resnet18-FPN-Road8,56b293f30948a1cb1ad50f913f9c0b13fb2d0cb1b35a749620d45834a5b19983,277ecf201ad045c3d518c56897f52639e4ef44714851b45535b90b656c2e1df8,PRE_NMS_TOPN100,2000,20000,4458,2.229,0.1487686044183407,2564.762290158033,1.2823811450790166,29966,3,"[48, 1, 4292, 0, 13, 0, 31, 73]","[2771, 244, 20453, 95, 350, 6, 889, 5158]",S_ADAPT,-1,10,0.0139810499124814,0.0186664426094905,0.0162239101040769,0.0028245615556955,0.0166491377482267,0.0352884538521284,0.0182205999543447,0.028963055126637,0.0313288449863152
AOP-Road8-LargeClean-v1,FasterRCNN-resnet18-FPN-Road8,56b293f30948a1cb1ad50f913f9c0b13fb2d0cb1b35a749620d45834a5b19983,277ecf201ad045c3d518c56897f52639e4ef44714851b45535b90b656c2e1df8,PRE_NMS_TOPN100,2000,30000,5335,2.6675,0.1780351064539811,3090.512619943141,1.5452563099715708,29966,3,"[72, 1, 5125, 0, 18, 0, 43, 76]","[2771, 244, 20453, 95, 350, 6, 889, 5158]",S_ADAPT,-1,15,0.0161737049362251,0.021692603616023,0.0187437699165377,0.0029621319417381,0.019361075039519,0.041444529738095,0.0217715284693164,0.0338499937903059,0.0393430754898121
AOP-Road8-LargeClean-v1,FasterRCNN-resnet18-FPN-Road8,56b293f30948a1cb1ad50f913f9c0b13fb2d0cb1b35a749620d45834a5b19983,277ecf201ad045c3d518c56897f52639e4ef44714851b45535b90b656c2e1df8,PRE_NMS_TOPN100,2000,40000,6198,3.099,0.2068344123339785,3577.010206838646,1.788505103419323,29966,3,"[111, 1, 5921, 0, 22, 0, 52, 91]","[2771, 244, 20453, 95, 350, 6, 889, 5158]",S_ADAPT,-1,20,0.0175577655098839,0.0241893503878181,0.0200206040300201,0.0034340013331549,0.0234888503914951,0.0427085336632406,0.0244123711589986,0.0379503928110701,0.0464522018366409
AOP-Road8-LargeClean-v1,FasterRCNN-resnet18-FPN-Road8,56b293f30948a1cb1ad50f913f9c0b13fb2d0cb1b35a749620d45834a5b19983,277ecf201ad045c3d518c56897f52639e4ef44714851b45535b90b656c2e1df8,PRE_NMS_TOPN100,2000,60000,8154,4.077,0.2721083895081091,4735.557726521104,2.367778863260552,29966,3,"[310, 3, 7489, 0, 30, 0, 95, 227]","[2771, 244, 20453, 95, 350, 6, 889, 5158]",S_ADAPT,-1,30,0.0227931219446335,0.0341962669313322,0.0247763044957625,0.0048034487947894,0.0348027131083239,0.0510539505390515,0.0347935464467648,0.053078063545102,0.0678446505278262
AOP-Road8-LargeClean-v1,FasterRCNN-resnet18-FPN-Road8,56b293f30948a1cb1ad50f913f9c0b13fb2d0cb1b35a749620d45834a5b19983,277ecf201ad045c3d518c56897f52639e4ef44714851b45535b90b656c2e1df8,PRE_NMS_TOPN100,2000,80000,10436,5.218,0.3482613628779283,6018.581026457342,3.009290513228671,29966,3,"[539, 9, 8953, 1, 44, 0, 146, 744]","[2771, 244, 20453, 95, 350, 6, 889, 5158]",S_ADAPT,-1,40,0.0307350822795858,0.0498301372934037,0.0317666399347292,0.0081026973299712,0.0479254625644817,0.0631501772110285,0.0480499378660497,0.0755925839102577,0.0973126651172433
AOP-Road8-LargeClean-v1,FasterRCNN-resnet18-FPN-Road8,56b293f30948a1cb1ad50f913f9c0b13fb2d0cb1b35a749620d45834a5b19983,277ecf201ad045c3d518c56897f52639e4ef44714851b45535b90b656c2e1df8,PRE_NMS_TOPN100,2000,20000,4727,2.3635,0.1577454448374824,2720.3710496719605,1.3601855248359802,29966,3,"[88, 1, 4435, 0, 17, 0, 47, 139]","[2771, 244, 20453, 95, 350, 6, 889, 5158]",S_FIXED,-1,10,0.0163382823049646,0.0227894863963077,0.0186588884795241,0.003482433955954,0.0183432560446533,0.0407136659589404,0.0220678397738222,0.0365095997230253,0.0365095997230253
AOP-Road8-LargeClean-v1,FasterRCNN-resnet18-FPN-Road8,56b293f30948a1cb1ad50f913f9c0b13fb2d0cb1b35a749620d45834a5b19983,277ecf201ad045c3d518c56897f52639e4ef44714851b45535b90b656c2e1df8,PRE_NMS_TOPN100,2000,30000,5824,2.912,0.1943536007475138,3347.0924073868937,1.6735462036934468,29966,3,"[132, 3, 5382, 0, 27, 0, 62, 218]","[2771, 244, 20453, 95, 350, 6, 889, 5158]",S_FIXED,-1,15,0.0189621549417689,0.0269901222816871,0.0212753399255262,0.0041735467052281,0.022546715784119,0.0453330070959335,0.0278248167828809,0.0437429371203829,0.0480080501758834
AOP-Road8-LargeClean-v1,FasterRCNN-resnet18-FPN-Road8,56b293f30948a1cb1ad50f913f9c0b13fb2d0cb1b35a749620d45834a5b19983,277ecf201ad045c3d518c56897f52639e4ef44714851b45535b90b656c2e1df8,PRE_NMS_TOPN100,2000,40000,6889,3.4445,0.229893879730361,3977.2276442965463,1.9886138221482732,29966,3,"[200, 5, 6244, 2, 33, 0, 88, 317]","[2771, 244, 20453, 95, 350, 6, 889, 5158]",S_FIXED,-1,20,0.0230519335955302,0.0353348876713574,0.023822326851691,0.0051918730275832,0.027747029707152,0.0539180845933576,0.0344490050067538,0.0532488023240407,0.0614585554657653
AOP-Road8-LargeClean-v1,FasterRCNN-resnet18-FPN-Road8,56b293f30948a1cb1ad50f913f9c0b13fb2d0cb1b35a749620d45834a5b19983,277ecf201ad045c3d518c56897f52639e4ef44714851b45535b90b656c2e1df8,PRE_NMS_TOPN100,2000,60000,8722,4.361,0.2910632049656277,4992.336859965182,2.4961684299825917,29966,3,"[341, 6, 7657, 4, 40, 0, 114, 560]","[2771, 244, 20453, 95, 350, 6, 889, 5158]",S_FIXED,-1,30,0.0266316065218648,0.0432066718727471,0.0266660294143518,0.0070314293409746,0.0366394115466681,0.0596252093381084,0.0418195800650159,0.0653803365333195,0.0800581482512519
AOP-Road8-LargeClean-v1,FasterRCNN-resnet18-FPN-Road8,56b293f30948a1cb1ad50f913f9c0b13fb2d0cb1b35a749620d45834a5b19983,277ecf201ad045c3d518c56897f52639e4ef44714851b45535b90b656c2e1df8,PRE_NMS_TOPN100,2000,80000,10304,5.152,0.3438563705532937,5879.190155008671,2.939595077504336,29966,3,"[481, 10, 8784, 6, 49, 0, 139, 835]","[2771, 244, 20453, 95, 350, 6, 889, 5158]",S_FIXED,-1,40,0.0305243642280279,0.0514764759806619,0.0293426755632279,0.0086985268006567,0.0446798649864795,0.077481537498991,0.0502382803434086,0.0784042975826952,0.0990754660928804
