method,seed,budget,group_id,image_count,n_before,n_after,removed,group_size,budget_closure_before
M11,730101,10,0,40,400,139,261,40,True
M11,730101,10,1,40,400,137,263,40,True
M11,730101,10,2,40,400,137,263,40,True
M11,730101,10,3,40,400,161,239,40,True
M11,730101,10,4,40,400,128,272,40,True
M11,730101,10,5,40,400,121,279,40,True
M11,730101,10,6,40,400,119,281,40,True
M11,730101,10,7,40,400,139,261,40,True
M11,730101,10,8,40,400,138,262,40,True
M11,730101,10,9,40,400,128,272,40,True
M11,730101,10,10,40,400,125,275,40,True
M11,730101,10,11,40,400,125,275,40,True
M11,730101,10,12,40,400,127,273,40,True
M11,730101,10,13,40,400,134,266,40,True
M11,730101,10,14,40,400,132,268,40,True
M11,730101,10,15,40,400,142,258,40,True
M11,730101,10,16,40,400,130,270,40,True
M11,730101,10,17,40,400,125,275,40,True
M11,730101,10,18,40,400,137,263,40,True
M11,730101,10,19,40,400,131,269,40,True
M11,730101,10,20,40,400,147,253,40,True
M11,730101,10,21,40,400,122,278,40,True
M11,730101,10,22,40,400,137,263,40,True
M11,730101,10,23,40,400,120,280,40,True
M11,730101,10,24,40,400,119,281,40,True
M11,730101,10,25,40,400,125,275,40,True
M11,730101,10,26,40,400,138,262,40,True
M11,730101,10,27,40,400,133,267,40,True
M11,730101,10,28,40,400,142,258,40,True
M11,730101,10,29,40,400,125,275,40,True
M11,730101,10,30,40,400,131,269,40,True
M11,730101,10,31,40,400,137,263,40,True
M11,730101,10,32,40,400,129,271,40,True
M11,730101,10,33,40,400,129,271,40,True
M11,730101,10,34,40,400,124,276,40,True
M11,730101,10,35,40,400,123,277,40,True
M11,730101,10,36,40,400,147,253,40,True
M11,730101,10,37,40,400,131,269,40,True
M11,730101,10,38,40,400,122,278,40,True
M11,730101,10,39,40,400,125,275,40,True
M11,730101,10,40,40,400,121,279,40,True
M11,730101,10,41,40,400,137,263,40,True
M11,730101,10,42,40,400,128,272,40,True
M11,730101,10,43,40,400,128,272,40,True
M11,730101,10,44,40,400,130,270,40,True
M11,730101,10,45,40,400,125,275,40,True
M11,730101,10,46,40,400,125,275,40,True
M11,730101,10,47,40,400,135,265,40,True
M11,730101,10,48,40,400,142,258,40,True
M11,730101,10,49,40,400,127,273,40,True
M11,730101,15,0,40,600,179,421,40,True
M11,730101,15,1,40,600,173,427,40,True
M11,730101,15,2,40,600,177,423,40,True
M11,730101,15,3,40,600,194,406,40,True
M11,730101,15,4,40,600,160,440,40,True
M11,730101,15,5,40,600,159,441,40,True
M11,730101,15,6,40,600,153,447,40,True
M11,730101,15,7,40,600,172,428,40,True
M11,730101,15,8,40,600,169,431,40,True
M11,730101,15,9,40,600,170,430,40,True
M11,730101,15,10,40,600,153,447,40,True
M11,730101,15,11,40,600,156,444,40,True
M11,730101,15,12,40,600,160,440,40,True
M11,730101,15,13,40,600,177,423,40,True
M11,730101,15,14,40,600,167,433,40,True
M11,730101,15,15,40,600,172,428,40,True
M11,730101,15,16,40,600,160,440,40,True
M11,730101,15,17,40,600,160,440,40,True
M11,730101,15,18,40,600,173,427,40,True
M11,730101,15,19,40,600,167,433,40,True
M11,730101,15,20,40,600,177,423,40,True
M11,730101,15,21,40,600,164,436,40,True
M11,730101,15,22,40,600,175,425,40,True
M11,730101,15,23,40,600,161,439,40,True
M11,730101,15,24,40,600,156,444,40,True
M11,730101,15,25,40,600,160,440,40,True
M11,730101,15,26,40,600,167,433,40,True
M11,730101,15,27,40,600,165,435,40,True
M11,730101,15,28,40,600,170,430,40,True
M11,730101,15,29,40,600,162,438,40,True
M11,730101,15,30,40,600,171,429,40,True
M11,730101,15,31,40,600,168,432,40,True
M11,730101,15,32,40,600,174,426,40,True
M11,730101,15,33,40,600,163,437,40,True
M11,730101,15,34,40,600,146,454,40,True
M11,730101,15,35,40,600,157,443,40,True
M11,730101,15,36,40,600,185,415,40,True
M11,730101,15,37,40,600,170,430,40,True
M11,730101,15,38,40,600,160,440,40,True
M11,730101,15,39,40,600,164,436,40,True
M11,730101,15,40,40,600,152,448,40,True
M11,730101,15,41,40,600,172,428,40,True
M11,730101,15,42,40,600,171,429,40,True
M11,730101,15,43,40,600,169,431,40,True
M11,730101,15,44,40,600,170,430,40,True
M11,730101,15,45,40,600,166,434,40,True
M11,730101,15,46,40,600,166,434,40,True
M11,730101,15,47,40,600,166,434,40,True
M11,730101,15,48,40,600,189,411,40,True
M11,730101,15,49,40,600,159,441,40,True
M11,730101,20,0,40,800,209,591,40,True
M11,730101,20,1,40,800,199,601,40,True
M11,730101,20,2,40,800,211,589,40,True
M11,730101,20,3,40,800,225,575,40,True
M11,730101,20,4,40,800,193,607,40,True
M11,730101,20,5,40,800,191,609,40,True
M11,730101,20,6,40,800,190,610,40,True
M11,730101,20,7,40,800,201,599,40,True
M11,730101,20,8,40,800,206,594,40,True
M11,730101,20,9,40,800,198,602,40,True
M11,730101,20,10,40,800,188,612,40,True
M11,730101,20,11,40,800,189,611,40,True
M11,730101,20,12,40,800,190,610,40,True
M11,730101,20,13,40,800,211,589,40,True
M11,730101,20,14,40,800,201,599,40,True
M11,730101,20,15,40,800,195,605,40,True
M11,730101,20,16,40,800,187,613,40,True
M11,730101,20,17,40,800,191,609,40,True
M11,730101,20,18,40,800,207,593,40,True
M11,730101,20,19,40,800,197,603,40,True
M11,730101,20,20,40,800,204,596,40,True
M11,730101,20,21,40,800,191,609,40,True
M11,730101,20,22,40,800,205,595,40,True
M11,730101,20,23,40,800,187,613,40,True
M11,730101,20,24,40,800,188,612,40,True
M11,730101,20,25,40,800,185,615,40,True
M11,730101,20,26,40,800,198,602,40,True
M11,730101,20,27,40,800,195,605,40,True
M11,730101,20,28,40,800,198,602,40,True
M11,730101,20,29,40,800,192,608,40,True
M11,730101,20,30,40,800,204,596,40,True
M11,730101,20,31,40,800,198,602,40,True
M11,730101,20,32,40,800,215,585,40,True
M11,730101,20,33,40,800,194,606,40,True
M11,730101,20,34,40,800,175,625,40,True
M11,730101,20,35,40,800,191,609,40,True
M11,730101,20,36,40,800,217,583,40,True
M11,730101,20,37,40,800,206,594,40,True
M11,730101,20,38,40,800,188,612,40,True
M11,730101,20,39,40,800,196,604,40,True
M11,730101,20,40,40,800,189,611,40,True
M11,730101,20,41,40,800,204,596,40,True
M11,730101,20,42,40,800,206,594,40,True
M11,730101,20,43,40,800,192,608,40,True
M11,730101,20,44,40,800,199,601,40,True
M11,730101,20,45,40,800,195,605,40,True
M11,730101,20,46,40,800,203,597,40,True
M11,730101,20,47,40,800,195,605,40,True
M11,730101,20,48,40,800,220,580,40,True
M11,730101,20,49,40,800,186,614,40,True
M11,730101,30,0,40,1200,252,948,40,True
M11,730101,30,1,40,1200,238,962,40,True
M11,730101,30,2,40,1200,256,944,40,True
M11,730101,30,3,40,1200,273,927,40,True
M11,730101,30,4,40,1200,235,965,40,True
M11,730101,30,5,40,1200,235,965,40,True
M11,730101,30,6,40,1200,241,959,40,True
M11,730101,30,7,40,1200,243,957,40,True
M11,730101,30,8,40,1200,258,942,40,True
M11,730101,30,9,40,1200,239,961,40,True
M11,730101,30,10,40,1200,238,962,40,True
M11,730101,30,11,40,1200,229,971,40,True
M11,730101,30,12,40,1200,239,961,40,True
M11,730101,30,13,40,1200,264,936,40,True
M11,730101,30,14,40,1200,250,950,40,True
M11,730101,30,15,40,1200,241,959,40,True
M11,730101,30,16,40,1200,240,960,40,True
M11,730101,30,17,40,1200,236,964,40,True
M11,730101,30,18,40,1200,261,939,40,True
M11,730101,30,19,40,1200,237,963,40,True
M11,730101,30,20,40,1200,248,952,40,True
M11,730101,30,21,40,1200,246,954,40,True
M11,730101,30,22,40,1200,252,948,40,True
M11,730101,30,23,40,1200,232,968,40,True
M11,730101,30,24,40,1200,244,956,40,True
M11,730101,30,25,40,1200,238,962,40,True
M11,730101,30,26,40,1200,249,951,40,True
M11,730101,30,27,40,1200,242,958,40,True
M11,730101,30,28,40,1200,254,946,40,True
M11,730101,30,29,40,1200,233,967,40,True
M11,730101,30,30,40,1200,246,954,40,True
M11,730101,30,31,40,1200,232,968,40,True
M11,730101,30,32,40,1200,268,932,40,True
M11,730101,30,33,40,1200,236,964,40,True
M11,730101,30,34,40,1200,219,981,40,True
M11,730101,30,35,40,1200,228,972,40,True
M11,730101,30,36,40,1200,259,941,40,True
M11,730101,30,37,40,1200,246,954,40,True
M11,730101,30,38,40,1200,236,964,40,True
M11,730101,30,39,40,1200,243,957,40,True
M11,730101,30,40,40,1200,239,961,40,True
M11,730101,30,41,40,1200,255,945,40,True
M11,730101,30,42,40,1200,258,942,40,True
M11,730101,30,43,40,1200,239,961,40,True
M11,730101,30,44,40,1200,244,956,40,True
M11,730101,30,45,40,1200,242,958,40,True
M11,730101,30,46,40,1200,255,945,40,True
M11,730101,30,47,40,1200,239,961,40,True
M11,730101,30,48,40,1200,273,927,40,True
M11,730101,30,49,40,1200,232,968,40,True
M11,730101,40,0,40,1600,282,1318,40,True
M11,730101,40,1,40,1600,278,1322,40,True
M11,730101,40,2,40,1600,288,1312,40,True
M11,730101,40,3,40,1600,306,1294,40,True
M11,730101,40,4,40,1600,265,1335,40,True
M11,730101,40,5,40,1600,272,1328,40,True
M11,730101,40,6,40,1600,286,1314,40,True
M11,730101,40,7,40,1600,278,1322,40,True
M11,730101,40,8,40,1600,277,1323,40,True
M11,730101,40,9,40,1600,274,1326,40,True
M11,730101,40,10,40,1600,283,1317,40,True
M11,730101,40,11,40,1600,257,1343,40,True
M11,730101,40,12,40,1600,268,1332,40,True
M11,730101,40,13,40,1600,313,1287,40,True
M11,730101,40,14,40,1600,273,1327,40,True
M11,730101,40,15,40,1600,278,1322,40,True
M11,730101,40,16,40,1600,291,1309,40,True
M11,730101,40,17,40,1600,261,1339,40,True
M11,730101,40,18,40,1600,299,1301,40,True
M11,730101,40,19,40,1600,264,1336,40,True
M11,730101,40,20,40,1600,276,1324,40,True
M11,730101,40,21,40,1600,300,1300,40,True
M11,730101,40,22,40,1600,292,1308,40,True
M11,730101,40,23,40,1600,259,1341,40,True
M11,730101,40,24,40,1600,279,1321,40,True
M11,730101,40,25,40,1600,280,1320,40,True
M11,730101,40,26,40,1600,277,1323,40,True
M11,730101,40,27,40,1600,278,1322,40,True
M11,730101,40,28,40,1600,286,1314,40,True
M11,730101,40,29,40,1600,261,1339,40,True
M11,730101,40,30,40,1600,307,1293,40,True
M11,730101,40,31,40,1600,246,1354,40,True
M11,730101,40,32,40,1600,306,1294,40,True
M11,730101,40,33,40,1600,273,1327,40,True
M11,730101,40,34,40,1600,251,1349,40,True
M11,730101,40,35,40,1600,267,1333,40,True
M11,730101,40,36,40,1600,297,1303,40,True
M11,730101,40,37,40,1600,269,1331,40,True
M11,730101,40,38,40,1600,260,1340,40,True
M11,730101,40,39,40,1600,285,1315,40,True
M11,730101,40,40,40,1600,279,1321,40,True
M11,730101,40,41,40,1600,287,1313,40,True
M11,730101,40,42,40,1600,293,1307,40,True
M11,730101,40,43,40,1600,288,1312,40,True
M11,730101,40,44,40,1600,281,1319,40,True
M11,730101,40,45,40,1600,271,1329,40,True
M11,730101,40,46,40,1600,290,1310,40,True
M11,730101,40,47,40,1600,268,1332,40,True
M11,730101,40,48,40,1600,304,1296,40,True
M11,730101,40,49,40,1600,258,1342,40,True
M11,730102,10,0,40,400,139,261,40,True
M11,730102,10,1,40,400,137,263,40,True
M11,730102,10,2,40,400,136,264,40,True
M11,730102,10,3,40,400,161,239,40,True
M11,730102,10,4,40,400,128,272,40,True
M11,730102,10,5,40,400,125,275,40,True
M11,730102,10,6,40,400,118,282,40,True
M11,730102,10,7,40,400,140,260,40,True
M11,730102,10,8,40,400,139,261,40,True
M11,730102,10,9,40,400,128,272,40,True
M11,730102,10,10,40,400,124,276,40,True
M11,730102,10,11,40,400,124,276,40,True
M11,730102,10,12,40,400,128,272,40,True
M11,730102,10,13,40,400,139,261,40,True
M11,730102,10,14,40,400,132,268,40,True
M11,730102,10,15,40,400,142,258,40,True
M11,730102,10,16,40,400,130,270,40,True
M11,730102,10,17,40,400,125,275,40,True
M11,730102,10,18,40,400,137,263,40,True
M11,730102,10,19,40,400,132,268,40,True
M11,730102,10,20,40,400,147,253,40,True
M11,730102,10,21,40,400,121,279,40,True
M11,730102,10,22,40,400,137,263,40,True
M11,730102,10,23,40,400,122,278,40,True
M11,730102,10,24,40,400,119,281,40,True
M11,730102,10,25,40,400,125,275,40,True
M11,730102,10,26,40,400,138,262,40,True
M11,730102,10,27,40,400,133,267,40,True
M11,730102,10,28,40,400,142,258,40,True
M11,730102,10,29,40,400,125,275,40,True
M11,730102,10,30,40,400,133,267,40,True
M11,730102,10,31,40,400,137,263,40,True
M11,730102,10,32,40,400,129,271,40,True
M11,730102,10,33,40,400,129,271,40,True
M11,730102,10,34,40,400,124,276,40,True
M11,730102,10,35,40,400,126,274,40,True
M11,730102,10,36,40,400,145,255,40,True
M11,730102,10,37,40,400,132,268,40,True
M11,730102,10,38,40,400,122,278,40,True
M11,730102,10,39,40,400,127,273,40,True
M11,730102,10,40,40,400,122,278,40,True
M11,730102,10,41,40,400,137,263,40,True
M11,730102,10,42,40,400,132,268,40,True
M11,730102,10,43,40,400,128,272,40,True
M11,730102,10,44,40,400,130,270,40,True
M11,730102,10,45,40,400,127,273,40,True
M11,730102,10,46,40,400,128,272,40,True
M11,730102,10,47,40,400,135,265,40,True
M11,730102,10,48,40,400,142,258,40,True
M11,730102,10,49,40,400,128,272,40,True
M11,730102,15,0,40,600,181,419,40,True
M11,730102,15,1,40,600,173,427,40,True
M11,730102,15,2,40,600,178,422,40,True
M11,730102,15,3,40,600,195,405,40,True
M11,730102,15,4,40,600,160,440,40,True
M11,730102,15,5,40,600,161,439,40,True
M11,730102,15,6,40,600,153,447,40,True
M11,730102,15,7,40,600,174,426,40,True
M11,730102,15,8,40,600,168,432,40,True
M11,730102,15,9,40,600,173,427,40,True
M11,730102,15,10,40,600,155,445,40,True
M11,730102,15,11,40,600,158,442,40,True
M11,730102,15,12,40,600,160,440,40,True
M11,730102,15,13,40,600,179,421,40,True
M11,730102,15,14,40,600,169,431,40,True
M11,730102,15,15,40,600,172,428,40,True
M11,730102,15,16,40,600,163,437,40,True
M11,730102,15,17,40,600,160,440,40,True
M11,730102,15,18,40,600,171,429,40,True
M11,730102,15,19,40,600,166,434,40,True
M11,730102,15,20,40,600,180,420,40,True
M11,730102,15,21,40,600,164,436,40,True
M11,730102,15,22,40,600,178,422,40,True
M11,730102,15,23,40,600,161,439,40,True
M11,730102,15,24,40,600,158,442,40,True
M11,730102,15,25,40,600,160,440,40,True
M11,730102,15,26,40,600,167,433,40,True
M11,730102,15,27,40,600,169,431,40,True
M11,730102,15,28,40,600,172,428,40,True
M11,730102,15,29,40,600,162,438,40,True
M11,730102,15,30,40,600,175,425,40,True
M11,730102,15,31,40,600,170,430,40,True
M11,730102,15,32,40,600,177,423,40,True
M11,730102,15,33,40,600,162,438,40,True
M11,730102,15,34,40,600,149,451,40,True
M11,730102,15,35,40,600,159,441,40,True
M11,730102,15,36,40,600,186,414,40,True
M11,730102,15,37,40,600,170,430,40,True
M11,730102,15,38,40,600,160,440,40,True
M11,730102,15,39,40,600,165,435,40,True
M11,730102,15,40,40,600,154,446,40,True
M11,730102,15,41,40,600,176,424,40,True
M11,730102,15,42,40,600,173,427,40,True
M11,730102,15,43,40,600,168,432,40,True
M11,730102,15,44,40,600,172,428,40,True
M11,730102,15,45,40,600,162,438,40,True
M11,730102,15,46,40,600,166,434,40,True
M11,730102,15,47,40,600,166,434,40,True
M11,730102,15,48,40,600,189,411,40,True
M11,730102,15,49,40,600,158,442,40,True
M11,730102,20,0,40,800,209,591,40,True
M11,730102,20,1,40,800,198,602,40,True
M11,730102,20,2,40,800,211,589,40,True
M11,730102,20,3,40,800,225,575,40,True
M11,730102,20,4,40,800,197,603,40,True
M11,730102,20,5,40,800,193,607,40,True
M11,730102,20,6,40,800,189,611,40,True
M11,730102,20,7,40,800,201,599,40,True
M11,730102,20,8,40,800,208,592,40,True
M11,730102,20,9,40,800,198,602,40,True
M11,730102,20,10,40,800,188,612,40,True
M11,730102,20,11,40,800,189,611,40,True
M11,730102,20,12,40,800,192,608,40,True
M11,730102,20,13,40,800,212,588,40,True
M11,730102,20,14,40,800,201,599,40,True
M11,730102,20,15,40,800,199,601,40,True
M11,730102,20,16,40,800,188,612,40,True
M11,730102,20,17,40,800,192,608,40,True
M11,730102,20,18,40,800,209,591,40,True
M11,730102,20,19,40,800,198,602,40,True
M11,730102,20,20,40,800,206,594,40,True
M11,730102,20,21,40,800,192,608,40,True
M11,730102,20,22,40,800,210,590,40,True
M11,730102,20,23,40,800,188,612,40,True
M11,730102,20,24,40,800,191,609,40,True
M11,730102,20,25,40,800,185,615,40,True
M11,730102,20,26,40,800,201,599,40,True
M11,730102,20,27,40,800,195,605,40,True
M11,730102,20,28,40,800,200,600,40,True
M11,730102,20,29,40,800,193,607,40,True
M11,730102,20,30,40,800,204,596,40,True
M11,730102,20,31,40,800,198,602,40,True
M11,730102,20,32,40,800,214,586,40,True
M11,730102,20,33,40,800,197,603,40,True
M11,730102,20,34,40,800,175,625,40,True
M11,730102,20,35,40,800,193,607,40,True
M11,730102,20,36,40,800,220,580,40,True
M11,730102,20,37,40,800,206,594,40,True
M11,730102,20,38,40,800,188,612,40,True
M11,730102,20,39,40,800,197,603,40,True
M11,730102,20,40,40,800,189,611,40,True
M11,730102,20,41,40,800,215,585,40,True
M11,730102,20,42,40,800,209,591,40,True
M11,730102,20,43,40,800,192,608,40,True
M11,730102,20,44,40,800,199,601,40,True
M11,730102,20,45,40,800,198,602,40,True
M11,730102,20,46,40,800,202,598,40,True
M11,730102,20,47,40,800,199,601,40,True
M11,730102,20,48,40,800,222,578,40,True
M11,730102,20,49,40,800,186,614,40,True
M11,730102,30,0,40,1200,253,947,40,True
M11,730102,30,1,40,1200,246,954,40,True
M11,730102,30,2,40,1200,261,939,40,True
M11,730102,30,3,40,1200,272,928,40,True
M11,730102,30,4,40,1200,234,966,40,True
M11,730102,30,5,40,1200,236,964,40,True
M11,730102,30,6,40,1200,242,958,40,True
M11,730102,30,7,40,1200,245,955,40,True
M11,730102,30,8,40,1200,258,942,40,True
M11,730102,30,9,40,1200,239,961,40,True
M11,730102,30,10,40,1200,239,961,40,True
M11,730102,30,11,40,1200,229,971,40,True
M11,730102,30,12,40,1200,239,961,40,True
M11,730102,30,13,40,1200,265,935,40,True
M11,730102,30,14,40,1200,250,950,40,True
M11,730102,30,15,40,1200,239,961,40,True
M11,730102,30,16,40,1200,246,954,40,True
M11,730102,30,17,40,1200,240,960,40,True
M11,730102,30,18,40,1200,262,938,40,True
M11,730102,30,19,40,1200,240,960,40,True
M11,730102,30,20,40,1200,249,951,40,True
M11,730102,30,21,40,1200,251,949,40,True
M11,730102,30,22,40,1200,256,944,40,True
M11,730102,30,23,40,1200,233,967,40,True
M11,730102,30,24,40,1200,245,955,40,True
M11,730102,30,25,40,1200,241,959,40,True
M11,730102,30,26,40,1200,255,945,40,True
M11,730102,30,27,40,1200,247,953,40,True
M11,730102,30,28,40,1200,254,946,40,True
M11,730102,30,29,40,1200,233,967,40,True
M11,730102,30,30,40,1200,251,949,40,True
M11,730102,30,31,40,1200,233,967,40,True
M11,730102,30,32,40,1200,272,928,40,True
M11,730102,30,33,40,1200,242,958,40,True
M11,730102,30,34,40,1200,218,982,40,True
M11,730102,30,35,40,1200,231,969,40,True
M11,730102,30,36,40,1200,261,939,40,True
M11,730102,30,37,40,1200,246,954,40,True
M11,730102,30,38,40,1200,235,965,40,True
M11,730102,30,39,40,1200,242,958,40,True
M11,730102,30,40,40,1200,240,960,40,True
M11,730102,30,41,40,1200,256,944,40,True
M11,730102,30,42,40,1200,259,941,40,True
M11,730102,30,43,40,1200,238,962,40,True
M11,730102,30,44,40,1200,246,954,40,True
M11,730102,30,45,40,1200,242,958,40,True
M11,730102,30,46,40,1200,256,944,40,True
M11,730102,30,47,40,1200,242,958,40,True
M11,730102,30,48,40,1200,278,922,40,True
M11,730102,30,49,40,1200,231,969,40,True
M11,730102,40,0,40,1600,281,1319,40,True
M11,730102,40,1,40,1600,278,1322,40,True
M11,730102,40,2,40,1600,297,1303,40,True
M11,730102,40,3,40,1600,311,1289,40,True
M11,730102,40,4,40,1600,265,1335,40,True
M11,730102,40,5,40,1600,271,1329,40,True
M11,730102,40,6,40,1600,290,1310,40,True
M11,730102,40,7,40,1600,281,1319,40,True
M11,730102,40,8,40,1600,278,1322,40,True
M11,730102,40,9,40,1600,274,1326,40,True
M11,730102,40,10,40,1600,285,1315,40,True
M11,730102,40,11,40,1600,257,1343,40,True
M11,730102,40,12,40,1600,268,1332,40,True
M11,730102,40,13,40,1600,314,1286,40,True
M11,730102,40,14,40,1600,279,1321,40,True
M11,730102,40,15,40,1600,278,1322,40,True
M11,730102,40,16,40,1600,291,1309,40,True
M11,730102,40,17,40,1600,261,1339,40,True
M11,730102,40,18,40,1600,299,1301,40,True
M11,730102,40,19,40,1600,265,1335,40,True
M11,730102,40,20,40,1600,278,1322,40,True
M11,730102,40,21,40,1600,302,1298,40,True
M11,730102,40,22,40,1600,292,1308,40,True
M11,730102,40,23,40,1600,259,1341,40,True
M11,730102,40,24,40,1600,279,1321,40,True
M11,730102,40,25,40,1600,281,1319,40,True
M11,730102,40,26,40,1600,284,1316,40,True
M11,730102,40,27,40,1600,278,1322,40,True
M11,730102,40,28,40,1600,285,1315,40,True
M11,730102,40,29,40,1600,262,1338,40,True
M11,730102,40,30,40,1600,307,1293,40,True
M11,730102,40,31,40,1600,246,1354,40,True
M11,730102,40,32,40,1600,310,1290,40,True
M11,730102,40,33,40,1600,271,1329,40,True
M11,730102,40,34,40,1600,247,1353,40,True
M11,730102,40,35,40,1600,268,1332,40,True
M11,730102,40,36,40,1600,299,1301,40,True
M11,730102,40,37,40,1600,269,1331,40,True
M11,730102,40,38,40,1600,260,1340,40,True
M11,730102,40,39,40,1600,285,1315,40,True
M11,730102,40,40,40,1600,279,1321,40,True
M11,730102,40,41,40,1600,288,1312,40,True
M11,730102,40,42,40,1600,293,1307,40,True
M11,730102,40,43,40,1600,288,1312,40,True
M11,730102,40,44,40,1600,281,1319,40,True
M11,730102,40,45,40,1600,270,1330,40,True
M11,730102,40,46,40,1600,292,1308,40,True
M11,730102,40,47,40,1600,269,1331,40,True
M11,730102,40,48,40,1600,304,1296,40,True
M11,730102,40,49,40,1600,261,1339,40,True
M11,730103,10,0,40,400,139,261,40,True
M11,730103,10,1,40,400,137,263,40,True
M11,730103,10,2,40,400,138,262,40,True
M11,730103,10,3,40,400,161,239,40,True
M11,730103,10,4,40,400,127,273,40,True
M11,730103,10,5,40,400,125,275,40,True
M11,730103,10,6,40,400,120,280,40,True
M11,730103,10,7,40,400,140,260,40,True
M11,730103,10,8,40,400,139,261,40,True
M11,730103,10,9,40,400,128,272,40,True
M11,730103,10,10,40,400,125,275,40,True
M11,730103,10,11,40,400,126,274,40,True
M11,730103,10,12,40,400,127,273,40,True
M11,730103,10,13,40,400,139,261,40,True
M11,730103,10,14,40,400,132,268,40,True
M11,730103,10,15,40,400,142,258,40,True
M11,730103,10,16,40,400,130,270,40,True
M11,730103,10,17,40,400,125,275,40,True
M11,730103,10,18,40,400,137,263,40,True
M11,730103,10,19,40,400,132,268,40,True
M11,730103,10,20,40,400,147,253,40,True
M11,730103,10,21,40,400,122,278,40,True
M11,730103,10,22,40,400,137,263,40,True
M11,730103,10,23,40,400,125,275,40,True
M11,730103,10,24,40,400,119,281,40,True
M11,730103,10,25,40,400,125,275,40,True
M11,730103,10,26,40,400,138,262,40,True
M11,730103,10,27,40,400,133,267,40,True
M11,730103,10,28,40,400,142,258,40,True
M11,730103,10,29,40,400,125,275,40,True
M11,730103,10,30,40,400,133,267,40,True
M11,730103,10,31,40,400,137,263,40,True
M11,730103,10,32,40,400,127,273,40,True
M11,730103,10,33,40,400,129,271,40,True
M11,730103,10,34,40,400,124,276,40,True
M11,730103,10,35,40,400,123,277,40,True
M11,730103,10,36,40,400,147,253,40,True
M11,730103,10,37,40,400,133,267,40,True
M11,730103,10,38,40,400,122,278,40,True
M11,730103,10,39,40,400,128,272,40,True
M11,730103,10,40,40,400,122,278,40,True
M11,730103,10,41,40,400,137,263,40,True
M11,730103,10,42,40,400,132,268,40,True
M11,730103,10,43,40,400,127,273,40,True
M11,730103,10,44,40,400,130,270,40,True
M11,730103,10,45,40,400,125,275,40,True
M11,730103,10,46,40,400,125,275,40,True
M11,730103,10,47,40,400,134,266,40,True
M11,730103,10,48,40,400,140,260,40,True
M11,730103,10,49,40,400,128,272,40,True
M11,730103,15,0,40,600,181,419,40,True
M11,730103,15,1,40,600,172,428,40,True
M11,730103,15,2,40,600,178,422,40,True
M11,730103,15,3,40,600,194,406,40,True
M11,730103,15,4,40,600,160,440,40,True
M11,730103,15,5,40,600,161,439,40,True
M11,730103,15,6,40,600,153,447,40,True
M11,730103,15,7,40,600,172,428,40,True
M11,730103,15,8,40,600,171,429,40,True
M11,730103,15,9,40,600,172,428,40,True
M11,730103,15,10,40,600,153,447,40,True
M11,730103,15,11,40,600,158,442,40,True
M11,730103,15,12,40,600,160,440,40,True
M11,730103,15,13,40,600,181,419,40,True
M11,730103,15,14,40,600,169,431,40,True
M11,730103,15,15,40,600,171,429,40,True
M11,730103,15,16,40,600,164,436,40,True
M11,730103,15,17,40,600,160,440,40,True
M11,730103,15,18,40,600,171,429,40,True
M11,730103,15,19,40,600,166,434,40,True
M11,730103,15,20,40,600,179,421,40,True
M11,730103,15,21,40,600,163,437,40,True
M11,730103,15,22,40,600,176,424,40,True
M11,730103,15,23,40,600,161,439,40,True
M11,730103,15,24,40,600,156,444,40,True
M11,730103,15,25,40,600,161,439,40,True
M11,730103,15,26,40,600,169,431,40,True
M11,730103,15,27,40,600,165,435,40,True
M11,730103,15,28,40,600,170,430,40,True
M11,730103,15,29,40,600,162,438,40,True
M11,730103,15,30,40,600,170,430,40,True
M11,730103,15,31,40,600,168,432,40,True
M11,730103,15,32,40,600,176,424,40,True
M11,730103,15,33,40,600,163,437,40,True
M11,730103,15,34,40,600,149,451,40,True
M11,730103,15,35,40,600,156,444,40,True
M11,730103,15,36,40,600,184,416,40,True
M11,730103,15,37,40,600,171,429,40,True
M11,730103,15,38,40,600,159,441,40,True
M11,730103,15,39,40,600,165,435,40,True
M11,730103,15,40,40,600,154,446,40,True
M11,730103,15,41,40,600,172,428,40,True
M11,730103,15,42,40,600,172,428,40,True
M11,730103,15,43,40,600,167,433,40,True
M11,730103,15,44,40,600,168,432,40,True
M11,730103,15,45,40,600,161,439,40,True
M11,730103,15,46,40,600,166,434,40,True
M11,730103,15,47,40,600,167,433,40,True
M11,730103,15,48,40,600,188,412,40,True
M11,730103,15,49,40,600,159,441,40,True
M11,730103,20,0,40,800,209,591,40,True
M11,730103,20,1,40,800,199,601,40,True
M11,730103,20,2,40,800,211,589,40,True
M11,730103,20,3,40,800,224,576,40,True
M11,730103,20,4,40,800,193,607,40,True
M11,730103,20,5,40,800,190,610,40,True
M11,730103,20,6,40,800,189,611,40,True
M11,730103,20,7,40,800,200,600,40,True
M11,730103,20,8,40,800,205,595,40,True
M11,730103,20,9,40,800,198,602,40,True
M11,730103,20,10,40,800,187,613,40,True
M11,730103,20,11,40,800,189,611,40,True
M11,730103,20,12,40,800,191,609,40,True
M11,730103,20,13,40,800,210,590,40,True
M11,730103,20,14,40,800,200,600,40,True
M11,730103,20,15,40,800,196,604,40,True
M11,730103,20,16,40,800,187,613,40,True
M11,730103,20,17,40,800,191,609,40,True
M11,730103,20,18,40,800,205,595,40,True
M11,730103,20,19,40,800,197,603,40,True
M11,730103,20,20,40,800,204,596,40,True
M11,730103,20,21,40,800,189,611,40,True
M11,730103,20,22,40,800,206,594,40,True
M11,730103,20,23,40,800,186,614,40,True
M11,730103,20,24,40,800,188,612,40,True
M11,730103,20,25,40,800,187,613,40,True
M11,730103,20,26,40,800,197,603,40,True
M11,730103,20,27,40,800,196,604,40,True
M11,730103,20,28,40,800,200,600,40,True
M11,730103,20,29,40,800,192,608,40,True
M11,730103,20,30,40,800,202,598,40,True
M11,730103,20,31,40,800,196,604,40,True
M11,730103,20,32,40,800,213,587,40,True
M11,730103,20,33,40,800,192,608,40,True
M11,730103,20,34,40,800,173,627,40,True
M11,730103,20,35,40,800,188,612,40,True
M11,730103,20,36,40,800,220,580,40,True
M11,730103,20,37,40,800,206,594,40,True
M11,730103,20,38,40,800,189,611,40,True
M11,730103,20,39,40,800,196,604,40,True
M11,730103,20,40,40,800,188,612,40,True
M11,730103,20,41,40,800,209,591,40,True
M11,730103,20,42,40,800,205,595,40,True
M11,730103,20,43,40,800,192,608,40,True
M11,730103,20,44,40,800,199,601,40,True
M11,730103,20,45,40,800,198,602,40,True
M11,730103,20,46,40,800,202,598,40,True
M11,730103,20,47,40,800,196,604,40,True
M11,730103,20,48,40,800,220,580,40,True
M11,730103,20,49,40,800,185,615,40,True
M11,730103,30,0,40,1200,251,949,40,True
M11,730103,30,1,40,1200,238,962,40,True
M11,730103,30,2,40,1200,257,943,40,True
M11,730103,30,3,40,1200,272,928,40,True
M11,730103,30,4,40,1200,233,967,40,True
M11,730103,30,5,40,1200,233,967,40,True
M11,730103,30,6,40,1200,239,961,40,True
M11,730103,30,7,40,1200,245,955,40,True
M11,730103,30,8,40,1200,255,945,40,True
M11,730103,30,9,40,1200,238,962,40,True
M11,730103,30,10,40,1200,239,961,40,True
M11,730103,30,11,40,1200,227,973,40,True
M11,730103,30,12,40,1200,237,963,40,True
M11,730103,30,13,40,1200,261,939,40,True
M11,730103,30,14,40,1200,249,951,40,True
M11,730103,30,15,40,1200,233,967,40,True
M11,730103,30,16,40,1200,238,962,40,True
M11,730103,30,17,40,1200,237,963,40,True
M11,730103,30,18,40,1200,255,945,40,True
M11,730103,30,19,40,1200,238,962,40,True
M11,730103,30,20,40,1200,247,953,40,True
M11,730103,30,21,40,1200,245,955,40,True
M11,730103,30,22,40,1200,250,950,40,True
M11,730103,30,23,40,1200,229,971,40,True
M11,730103,30,24,40,1200,241,959,40,True
M11,730103,30,25,40,1200,238,962,40,True
M11,730103,30,26,40,1200,244,956,40,True
M11,730103,30,27,40,1200,241,959,40,True
M11,730103,30,28,40,1200,254,946,40,True
M11,730103,30,29,40,1200,232,968,40,True
M11,730103,30,30,40,1200,246,954,40,True
M11,730103,30,31,40,1200,231,969,40,True
M11,730103,30,32,40,1200,266,934,40,True
M11,730103,30,33,40,1200,235,965,40,True
M11,730103,30,34,40,1200,217,983,40,True
M11,730103,30,35,40,1200,227,973,40,True
M11,730103,30,36,40,1200,256,944,40,True
M11,730103,30,37,40,1200,246,954,40,True
M11,730103,30,38,40,1200,235,965,40,True
M11,730103,30,39,40,1200,242,958,40,True
M11,730103,30,40,40,1200,238,962,40,True
M11,730103,30,41,40,1200,252,948,40,True
M11,730103,30,42,40,1200,258,942,40,True
M11,730103,30,43,40,1200,236,964,40,True
M11,730103,30,44,40,1200,244,956,40,True
M11,730103,30,45,40,1200,238,962,40,True
M11,730103,30,46,40,1200,254,946,40,True
M11,730103,30,47,40,1200,242,958,40,True
M11,730103,30,48,40,1200,271,929,40,True
M11,730103,30,49,40,1200,229,971,40,True
M11,730103,40,0,40,1600,278,1322,40,True
M11,730103,40,1,40,1600,276,1324,40,True
M11,730103,40,2,40,1600,288,1312,40,True
M11,730103,40,3,40,1600,304,1296,40,True
M11,730103,40,4,40,1600,261,1339,40,True
M11,730103,40,5,40,1600,270,1330,40,True
M11,730103,40,6,40,1600,286,1314,40,True
M11,730103,40,7,40,1600,276,1324,40,True
M11,730103,40,8,40,1600,277,1323,40,True
M11,730103,40,9,40,1600,270,1330,40,True
M11,730103,40,10,40,1600,275,1325,40,True
M11,730103,40,11,40,1600,257,1343,40,True
M11,730103,40,12,40,1600,260,1340,40,True
M11,730103,40,13,40,1600,311,1289,40,True
M11,730103,40,14,40,1600,270,1330,40,True
M11,730103,40,15,40,1600,270,1330,40,True
M11,730103,40,16,40,1600,283,1317,40,True
M11,730103,40,17,40,1600,260,1340,40,True
M11,730103,40,18,40,1600,298,1302,40,True
M11,730103,40,19,40,1600,263,1337,40,True
M11,730103,40,20,40,1600,274,1326,40,True
M11,730103,40,21,40,1600,300,1300,40,True
M11,730103,40,22,40,1600,290,1310,40,True
M11,730103,40,23,40,1600,257,1343,40,True
M11,730103,40,24,40,1600,277,1323,40,True
M11,730103,40,25,40,1600,280,1320,40,True
M11,730103,40,26,40,1600,284,1316,40,True
M11,730103,40,27,40,1600,274,1326,40,True
M11,730103,40,28,40,1600,285,1315,40,True
M11,730103,40,29,40,1600,260,1340,40,True
M11,730103,40,30,40,1600,296,1304,40,True
M11,730103,40,31,40,1600,245,1355,40,True
M11,730103,40,32,40,1600,306,1294,40,True
M11,730103,40,33,40,1600,269,1331,40,True
M11,730103,40,34,40,1600,247,1353,40,True
M11,730103,40,35,40,1600,264,1336,40,True
M11,730103,40,36,40,1600,294,1306,40,True
M11,730103,40,37,40,1600,268,1332,40,True
M11,730103,40,38,40,1600,260,1340,40,True
M11,730103,40,39,40,1600,283,1317,40,True
M11,730103,40,40,40,1600,276,1324,40,True
M11,730103,40,41,40,1600,284,1316,40,True
M11,730103,40,42,40,1600,293,1307,40,True
M11,730103,40,43,40,1600,285,1315,40,True
M11,730103,40,44,40,1600,277,1323,40,True
M11,730103,40,45,40,1600,267,1333,40,True
M11,730103,40,46,40,1600,290,1310,40,True
M11,730103,40,47,40,1600,268,1332,40,True
M11,730103,40,48,40,1600,300,1300,40,True
M11,730103,40,49,40,1600,258,1342,40,True
S_ADAPT,-1,10,0,40,400,94,306,40,True
S_ADAPT,-1,10,1,40,400,93,307,40,True
S_ADAPT,-1,10,2,40,400,95,305,40,True
S_ADAPT,-1,10,3,40,400,100,300,40,True
S_ADAPT,-1,10,4,40,400,87,313,40,True
S_ADAPT,-1,10,5,40,400,88,312,40,True
S_ADAPT,-1,10,6,40,400,84,316,40,True
S_ADAPT,-1,10,7,40,400,88,312,40,True
S_ADAPT,-1,10,8,40,400,87,313,40,True
S_ADAPT,-1,10,9,40,400,94,306,40,True
S_ADAPT,-1,10,10,40,400,94,306,40,True
S_ADAPT,-1,10,11,40,400,91,309,40,True
S_ADAPT,-1,10,12,40,400,84,316,40,True
S_ADAPT,-1,10,13,40,400,91,309,40,True
S_ADAPT,-1,10,14,40,400,103,297,40,True
S_ADAPT,-1,10,15,40,400,95,305,40,True
S_ADAPT,-1,10,16,40,400,99,301,40,True
S_ADAPT,-1,10,17,40,400,89,311,40,True
S_ADAPT,-1,10,18,40,400,105,295,40,True
S_ADAPT,-1,10,19,40,400,94,306,40,True
S_ADAPT,-1,10,20,40,400,104,296,40,True
S_ADAPT,-1,10,21,40,400,87,313,40,True
S_ADAPT,-1,10,22,40,400,89,311,40,True
S_ADAPT,-1,10,23,40,400,79,321,40,True
S_ADAPT,-1,10,24,40,400,84,316,40,True
S_ADAPT,-1,10,25,40,400,85,315,40,True
S_ADAPT,-1,10,26,40,400,97,303,40,True
S_ADAPT,-1,10,27,40,400,88,312,40,True
S_ADAPT,-1,10,28,40,400,96,304,40,True
S_ADAPT,-1,10,29,40,400,90,310,40,True
S_ADAPT,-1,10,30,40,400,99,301,40,True
S_ADAPT,-1,10,31,40,400,95,305,40,True
S_ADAPT,-1,10,32,40,400,90,310,40,True
S_ADAPT,-1,10,33,40,400,85,315,40,True
S_ADAPT,-1,10,34,40,400,92,308,40,True
S_ADAPT,-1,10,35,40,400,93,307,40,True
S_ADAPT,-1,10,36,40,400,105,295,40,True
S_ADAPT,-1,10,37,40,400,86,314,40,True
S_ADAPT,-1,10,38,40,400,91,309,40,True
S_ADAPT,-1,10,39,40,400,93,307,40,True
S_ADAPT,-1,10,40,40,400,89,311,40,True
S_ADAPT,-1,10,41,40,400,98,302,40,True
S_ADAPT,-1,10,42,40,400,88,312,40,True
S_ADAPT,-1,10,43,40,400,86,314,40,True
S_ADAPT,-1,10,44,40,400,100,300,40,True
S_ADAPT,-1,10,45,40,400,104,296,40,True
S_ADAPT,-1,10,46,40,400,85,315,40,True
S_ADAPT,-1,10,47,40,400,94,306,40,True
S_ADAPT,-1,10,48,40,400,91,309,40,True
S_ADAPT,-1,10,49,40,400,93,307,40,True
S_ADAPT,-1,15,0,40,600,109,491,40,True
S_ADAPT,-1,15,1,40,600,109,491,40,True
S_ADAPT,-1,15,2,40,600,122,478,40,True
S_ADAPT,-1,15,3,40,600,126,474,40,True
S_ADAPT,-1,15,4,40,600,113,487,40,True
S_ADAPT,-1,15,5,40,600,108,492,40,True
S_ADAPT,-1,15,6,40,600,100,500,40,True
S_ADAPT,-1,15,7,40,600,110,490,40,True
S_ADAPT,-1,15,8,40,600,102,498,40,True
S_ADAPT,-1,15,9,40,600,116,484,40,True
S_ADAPT,-1,15,10,40,600,108,492,40,True
S_ADAPT,-1,15,11,40,600,104,496,40,True
S_ADAPT,-1,15,12,40,600,100,500,40,True
S_ADAPT,-1,15,13,40,600,108,492,40,True
S_ADAPT,-1,15,14,40,600,118,482,40,True
S_ADAPT,-1,15,15,40,600,114,486,40,True
S_ADAPT,-1,15,16,40,600,115,485,40,True
S_ADAPT,-1,15,17,40,600,106,494,40,True
S_ADAPT,-1,15,18,40,600,124,476,40,True
S_ADAPT,-1,15,19,40,600,111,489,40,True
S_ADAPT,-1,15,20,40,600,122,478,40,True
S_ADAPT,-1,15,21,40,600,96,504,40,True
S_ADAPT,-1,15,22,40,600,117,483,40,True
S_ADAPT,-1,15,23,40,600,96,504,40,True
S_ADAPT,-1,15,24,40,600,103,497,40,True
S_ADAPT,-1,15,25,40,600,103,497,40,True
S_ADAPT,-1,15,26,40,600,116,484,40,True
S_ADAPT,-1,15,27,40,600,107,493,40,True
S_ADAPT,-1,15,28,40,600,115,485,40,True
S_ADAPT,-1,15,29,40,600,106,494,40,True
S_ADAPT,-1,15,30,40,600,119,481,40,True
S_ADAPT,-1,15,31,40,600,110,490,40,True
S_ADAPT,-1,15,32,40,600,102,498,40,True
S_ADAPT,-1,15,33,40,600,102,498,40,True
S_ADAPT,-1,15,34,40,600,109,491,40,True
S_ADAPT,-1,15,35,40,600,107,493,40,True
S_ADAPT,-1,15,36,40,600,119,481,40,True
S_ADAPT,-1,15,37,40,600,100,500,40,True
S_ADAPT,-1,15,38,40,600,106,494,40,True
S_ADAPT,-1,15,39,40,600,111,489,40,True
S_ADAPT,-1,15,40,40,600,113,487,40,True
S_ADAPT,-1,15,41,40,600,113,487,40,True
S_ADAPT,-1,15,42,40,600,112,488,40,True
S_ADAPT,-1,15,43,40,600,101,499,40,True
S_ADAPT,-1,15,44,40,600,117,483,40,True
S_ADAPT,-1,15,45,40,600,116,484,40,True
S_ADAPT,-1,15,46,40,600,96,504,40,True
S_ADAPT,-1,15,47,40,600,119,481,40,True
S_ADAPT,-1,15,48,40,600,117,483,40,True
S_ADAPT,-1,15,49,40,600,103,497,40,True
S_ADAPT,-1,20,0,40,800,131,669,40,True
S_ADAPT,-1,20,1,40,800,125,675,40,True
S_ADAPT,-1,20,2,40,800,148,652,40,True
S_ADAPT,-1,20,3,40,800,146,654,40,True
S_ADAPT,-1,20,4,40,800,126,674,40,True
S_ADAPT,-1,20,5,40,800,124,676,40,True
S_ADAPT,-1,20,6,40,800,123,677,40,True
S_ADAPT,-1,20,7,40,800,138,662,40,True
S_ADAPT,-1,20,8,40,800,125,675,40,True
S_ADAPT,-1,20,9,40,800,133,667,40,True
S_ADAPT,-1,20,10,40,800,127,673,40,True
S_ADAPT,-1,20,11,40,800,117,683,40,True
S_ADAPT,-1,20,12,40,800,118,682,40,True
S_ADAPT,-1,20,13,40,800,127,673,40,True
S_ADAPT,-1,20,14,40,800,139,661,40,True
S_ADAPT,-1,20,15,40,800,128,672,40,True
S_ADAPT,-1,20,16,40,800,132,668,40,True
S_ADAPT,-1,20,17,40,800,122,678,40,True
S_ADAPT,-1,20,18,40,800,143,657,40,True
S_ADAPT,-1,20,19,40,800,127,673,40,True
S_ADAPT,-1,20,20,40,800,139,661,40,True
S_ADAPT,-1,20,21,40,800,115,685,40,True
S_ADAPT,-1,20,22,40,800,130,670,40,True
S_ADAPT,-1,20,23,40,800,114,686,40,True
S_ADAPT,-1,20,24,40,800,117,683,40,True
S_ADAPT,-1,20,25,40,800,125,675,40,True
S_ADAPT,-1,20,26,40,800,130,670,40,True
S_ADAPT,-1,20,27,40,800,124,676,40,True
S_ADAPT,-1,20,28,40,800,137,663,40,True
S_ADAPT,-1,20,29,40,800,119,681,40,True
S_ADAPT,-1,20,30,40,800,136,664,40,True
S_ADAPT,-1,20,31,40,800,124,676,40,True
S_ADAPT,-1,20,32,40,800,112,688,40,True
S_ADAPT,-1,20,33,40,800,118,682,40,True
S_ADAPT,-1,20,34,40,800,128,672,40,True
S_ADAPT,-1,20,35,40,800,126,674,40,True
S_ADAPT,-1,20,36,40,800,139,661,40,True
S_ADAPT,-1,20,37,40,800,114,686,40,True
S_ADAPT,-1,20,38,40,800,117,683,40,True
S_ADAPT,-1,20,39,40,800,126,674,40,True
S_ADAPT,-1,20,40,40,800,131,669,40,True
S_ADAPT,-1,20,41,40,800,135,665,40,True
S_ADAPT,-1,20,42,40,800,134,666,40,True
S_ADAPT,-1,20,43,40,800,119,681,40,True
S_ADAPT,-1,20,44,40,800,127,673,40,True
S_ADAPT,-1,20,45,40,800,127,673,40,True
S_ADAPT,-1,20,46,40,800,115,685,40,True
S_ADAPT,-1,20,47,40,800,135,665,40,True
S_ADAPT,-1,20,48,40,800,130,670,40,True
S_ADAPT,-1,20,49,40,800,126,674,40,True
S_ADAPT,-1,30,0,40,1200,174,1026,40,True
S_ADAPT,-1,30,1,40,1200,158,1042,40,True
S_ADAPT,-1,30,2,40,1200,185,1015,40,True
S_ADAPT,-1,30,3,40,1200,182,1018,40,True
S_ADAPT,-1,30,4,40,1200,165,1035,40,True
S_ADAPT,-1,30,5,40,1200,171,1029,40,True
S_ADAPT,-1,30,6,40,1200,174,1026,40,True
S_ADAPT,-1,30,7,40,1200,172,1028,40,True
S_ADAPT,-1,30,8,40,1200,173,1027,40,True
S_ADAPT,-1,30,9,40,1200,170,1030,40,True
S_ADAPT,-1,30,10,40,1200,172,1028,40,True
S_ADAPT,-1,30,11,40,1200,145,1055,40,True
S_ADAPT,-1,30,12,40,1200,156,1044,40,True
S_ADAPT,-1,30,13,40,1200,182,1018,40,True
S_ADAPT,-1,30,14,40,1200,174,1026,40,True
S_ADAPT,-1,30,15,40,1200,175,1025,40,True
S_ADAPT,-1,30,16,40,1200,167,1033,40,True
S_ADAPT,-1,30,17,40,1200,155,1045,40,True
S_ADAPT,-1,30,18,40,1200,182,1018,40,True
S_ADAPT,-1,30,19,40,1200,171,1029,40,True
S_ADAPT,-1,30,20,40,1200,178,1022,40,True
S_ADAPT,-1,30,21,40,1200,181,1019,40,True
S_ADAPT,-1,30,22,40,1200,170,1030,40,True
S_ADAPT,-1,30,23,40,1200,161,1039,40,True
S_ADAPT,-1,30,24,40,1200,160,1040,40,True
S_ADAPT,-1,30,25,40,1200,160,1040,40,True
S_ADAPT,-1,30,26,40,1200,169,1031,40,True
S_ADAPT,-1,30,27,40,1200,171,1029,40,True
S_ADAPT,-1,30,28,40,1200,181,1019,40,True
S_ADAPT,-1,30,29,40,1200,162,1038,40,True
S_ADAPT,-1,30,30,40,1200,171,1029,40,True
S_ADAPT,-1,30,31,40,1200,154,1046,40,True
S_ADAPT,-1,30,32,40,1200,154,1046,40,True
S_ADAPT,-1,30,33,40,1200,168,1032,40,True
S_ADAPT,-1,30,34,40,1200,156,1044,40,True
S_ADAPT,-1,30,35,40,1200,161,1039,40,True
S_ADAPT,-1,30,36,40,1200,185,1015,40,True
S_ADAPT,-1,30,37,40,1200,157,1043,40,True
S_ADAPT,-1,30,38,40,1200,154,1046,40,True
S_ADAPT,-1,30,39,40,1200,165,1035,40,True
S_ADAPT,-1,30,40,40,1200,169,1031,40,True
S_ADAPT,-1,30,41,40,1200,177,1023,40,True
S_ADAPT,-1,30,42,40,1200,182,1018,40,True
S_ADAPT,-1,30,43,40,1200,163,1037,40,True
S_ADAPT,-1,30,44,40,1200,167,1033,40,True
S_ADAPT,-1,30,45,40,1200,163,1037,40,True
S_ADAPT,-1,30,46,40,1200,174,1026,40,True
S_ADAPT,-1,30,47,40,1200,162,1038,40,True
S_ADAPT,-1,30,48,40,1200,173,1027,40,True
S_ADAPT,-1,30,49,40,1200,156,1044,40,True
S_ADAPT,-1,40,0,40,1600,230,1370,40,True
S_ADAPT,-1,40,1,40,1600,209,1391,40,True
S_ADAPT,-1,40,2,40,1600,228,1372,40,True
S_ADAPT,-1,40,3,40,1600,237,1363,40,True
S_ADAPT,-1,40,4,40,1600,215,1385,40,True
S_ADAPT,-1,40,5,40,1600,224,1376,40,True
S_ADAPT,-1,40,6,40,1600,233,1367,40,True
S_ADAPT,-1,40,7,40,1600,240,1360,40,True
S_ADAPT,-1,40,8,40,1600,221,1379,40,True
S_ADAPT,-1,40,9,40,1600,219,1381,40,True
S_ADAPT,-1,40,10,40,1600,235,1365,40,True
S_ADAPT,-1,40,11,40,1600,208,1392,40,True
S_ADAPT,-1,40,12,40,1600,202,1398,40,True
S_ADAPT,-1,40,13,40,1600,248,1352,40,True
S_ADAPT,-1,40,14,40,1600,222,1378,40,True
S_ADAPT,-1,40,15,40,1600,215,1385,40,True
S_ADAPT,-1,40,16,40,1600,222,1378,40,True
S_ADAPT,-1,40,17,40,1600,218,1382,40,True
S_ADAPT,-1,40,18,40,1600,237,1363,40,True
S_ADAPT,-1,40,19,40,1600,213,1387,40,True
S_ADAPT,-1,40,20,40,1600,237,1363,40,True
S_ADAPT,-1,40,21,40,1600,228,1372,40,True
S_ADAPT,-1,40,22,40,1600,228,1372,40,True
S_ADAPT,-1,40,23,40,1600,215,1385,40,True
S_ADAPT,-1,40,24,40,1600,204,1396,40,True
S_ADAPT,-1,40,25,40,1600,210,1390,40,True
S_ADAPT,-1,40,26,40,1600,230,1370,40,True
S_ADAPT,-1,40,27,40,1600,226,1374,40,True
S_ADAPT,-1,40,28,40,1600,231,1369,40,True
S_ADAPT,-1,40,29,40,1600,219,1381,40,True
S_ADAPT,-1,40,30,40,1600,235,1365,40,True
S_ADAPT,-1,40,31,40,1600,212,1388,40,True
S_ADAPT,-1,40,32,40,1600,244,1356,40,True
S_ADAPT,-1,40,33,40,1600,222,1378,40,True
S_ADAPT,-1,40,34,40,1600,212,1388,40,True
S_ADAPT,-1,40,35,40,1600,203,1397,40,True
S_ADAPT,-1,40,36,40,1600,246,1354,40,True
S_ADAPT,-1,40,37,40,1600,204,1396,40,True
S_ADAPT,-1,40,38,40,1600,202,1398,40,True
S_ADAPT,-1,40,39,40,1600,228,1372,40,True
S_ADAPT,-1,40,40,40,1600,219,1381,40,True
S_ADAPT,-1,40,41,40,1600,251,1349,40,True
S_ADAPT,-1,40,42,40,1600,250,1350,40,True
S_ADAPT,-1,40,43,40,1600,228,1372,40,True
S_ADAPT,-1,40,44,40,1600,234,1366,40,True
S_ADAPT,-1,40,45,40,1600,214,1386,40,True
S_ADAPT,-1,40,46,40,1600,232,1368,40,True
S_ADAPT,-1,40,47,40,1600,210,1390,40,True
S_ADAPT,-1,40,48,40,1600,240,1360,40,True
S_ADAPT,-1,40,49,40,1600,218,1382,40,True
S_FIXED,-1,10,0,40,400,105,295,40,True
S_FIXED,-1,10,1,40,400,96,304,40,True
S_FIXED,-1,10,2,40,400,106,294,40,True
S_FIXED,-1,10,3,40,400,126,274,40,True
S_FIXED,-1,10,4,40,400,95,305,40,True
S_FIXED,-1,10,5,40,400,99,301,40,True
S_FIXED,-1,10,6,40,400,85,315,40,True
S_FIXED,-1,10,7,40,400,104,296,40,True
S_FIXED,-1,10,8,40,400,103,297,40,True
S_FIXED,-1,10,9,40,400,100,300,40,True
S_FIXED,-1,10,10,40,400,97,303,40,True
S_FIXED,-1,10,11,40,400,93,307,40,True
S_FIXED,-1,10,12,40,400,95,305,40,True
S_FIXED,-1,10,13,40,400,103,297,40,True
S_FIXED,-1,10,14,40,400,113,287,40,True
S_FIXED,-1,10,15,40,400,103,297,40,True
S_FIXED,-1,10,16,40,400,101,299,40,True
S_FIXED,-1,10,17,40,400,93,307,40,True
S_FIXED,-1,10,18,40,400,105,295,40,True
S_FIXED,-1,10,19,40,400,101,299,40,True
S_FIXED,-1,10,20,40,400,109,291,40,True
S_FIXED,-1,10,21,40,400,89,311,40,True
S_FIXED,-1,10,22,40,400,103,297,40,True
S_FIXED,-1,10,23,40,400,87,313,40,True
S_FIXED,-1,10,24,40,400,92,308,40,True
S_FIXED,-1,10,25,40,400,93,307,40,True
S_FIXED,-1,10,26,40,400,110,290,40,True
S_FIXED,-1,10,27,40,400,98,302,40,True
S_FIXED,-1,10,28,40,400,111,289,40,True
S_FIXED,-1,10,29,40,400,92,308,40,True
S_FIXED,-1,10,30,40,400,104,296,40,True
S_FIXED,-1,10,31,40,400,104,296,40,True
S_FIXED,-1,10,32,40,400,100,300,40,True
S_FIXED,-1,10,33,40,400,103,297,40,True
S_FIXED,-1,10,34,40,400,99,301,40,True
S_FIXED,-1,10,35,40,400,96,304,40,True
S_FIXED,-1,10,36,40,400,113,287,40,True
S_FIXED,-1,10,37,40,400,91,309,40,True
S_FIXED,-1,10,38,40,400,92,308,40,True
S_FIXED,-1,10,39,40,400,96,304,40,True
S_FIXED,-1,10,40,40,400,103,297,40,True
S_FIXED,-1,10,41,40,400,110,290,40,True
S_FIXED,-1,10,42,40,400,97,303,40,True
S_FIXED,-1,10,43,40,400,99,301,40,True
S_FIXED,-1,10,44,40,400,103,297,40,True
S_FIXED,-1,10,45,40,400,102,298,40,True
S_FIXED,-1,10,46,40,400,95,305,40,True
S_FIXED,-1,10,47,40,400,101,299,40,True
S_FIXED,-1,10,48,40,400,108,292,40,True
S_FIXED,-1,10,49,40,400,95,305,40,True
S_FIXED,-1,15,0,40,600,133,467,40,True
S_FIXED,-1,15,1,40,600,119,481,40,True
S_FIXED,-1,15,2,40,600,137,463,40,True
S_FIXED,-1,15,3,40,600,148,452,40,True
S_FIXED,-1,15,4,40,600,128,472,40,True
S_FIXED,-1,15,5,40,600,126,474,40,True
S_FIXED,-1,15,6,40,600,108,492,40,True
S_FIXED,-1,15,7,40,600,128,472,40,True
S_FIXED,-1,15,8,40,600,131,469,40,True
S_FIXED,-1,15,9,40,600,121,479,40,True
S_FIXED,-1,15,10,40,600,122,478,40,True
S_FIXED,-1,15,11,40,600,112,488,40,True
S_FIXED,-1,15,12,40,600,118,482,40,True
S_FIXED,-1,15,13,40,600,121,479,40,True
S_FIXED,-1,15,14,40,600,132,468,40,True
S_FIXED,-1,15,15,40,600,127,473,40,True
S_FIXED,-1,15,16,40,600,129,471,40,True
S_FIXED,-1,15,17,40,600,124,476,40,True
S_FIXED,-1,15,18,40,600,129,471,40,True
S_FIXED,-1,15,19,40,600,129,471,40,True
S_FIXED,-1,15,20,40,600,133,467,40,True
S_FIXED,-1,15,21,40,600,117,483,40,True
S_FIXED,-1,15,22,40,600,138,462,40,True
S_FIXED,-1,15,23,40,600,111,489,40,True
S_FIXED,-1,15,24,40,600,115,485,40,True
S_FIXED,-1,15,25,40,600,122,478,40,True
S_FIXED,-1,15,26,40,600,133,467,40,True
S_FIXED,-1,15,27,40,600,121,479,40,True
S_FIXED,-1,15,28,40,600,132,468,40,True
S_FIXED,-1,15,29,40,600,123,477,40,True
S_FIXED,-1,15,30,40,600,132,468,40,True
S_FIXED,-1,15,31,40,600,137,463,40,True
S_FIXED,-1,15,32,40,600,127,473,40,True
S_FIXED,-1,15,33,40,600,122,478,40,True
S_FIXED,-1,15,34,40,600,123,477,40,True
S_FIXED,-1,15,35,40,600,123,477,40,True
S_FIXED,-1,15,36,40,600,138,462,40,True
S_FIXED,-1,15,37,40,600,112,488,40,True
S_FIXED,-1,15,38,40,600,117,483,40,True
S_FIXED,-1,15,39,40,600,119,481,40,True
S_FIXED,-1,15,40,40,600,126,474,40,True
S_FIXED,-1,15,41,40,600,137,463,40,True
S_FIXED,-1,15,42,40,600,122,478,40,True
S_FIXED,-1,15,43,40,600,125,475,40,True
S_FIXED,-1,15,44,40,600,130,470,40,True
S_FIXED,-1,15,45,40,600,126,474,40,True
S_FIXED,-1,15,46,40,600,121,479,40,True
S_FIXED,-1,15,47,40,600,126,474,40,True
S_FIXED,-1,15,48,40,600,137,463,40,True
S_FIXED,-1,15,49,40,600,116,484,40,True
S_FIXED,-1,20,0,40,800,156,644,40,True
S_FIXED,-1,20,1,40,800,142,658,40,True
S_FIXED,-1,20,2,40,800,167,633,40,True
S_FIXED,-1,20,3,40,800,167,633,40,True
S_FIXED,-1,20,4,40,800,159,641,40,True
S_FIXED,-1,20,5,40,800,152,648,40,True
S_FIXED,-1,20,6,40,800,133,667,40,True
S_FIXED,-1,20,7,40,800,150,650,40,True
S_FIXED,-1,20,8,40,800,164,636,40,True
S_FIXED,-1,20,9,40,800,154,646,40,True
S_FIXED,-1,20,10,40,800,142,658,40,True
S_FIXED,-1,20,11,40,800,133,667,40,True
S_FIXED,-1,20,12,40,800,148,652,40,True
S_FIXED,-1,20,13,40,800,162,638,40,True
S_FIXED,-1,20,14,40,800,158,642,40,True
S_FIXED,-1,20,15,40,800,149,651,40,True
S_FIXED,-1,20,16,40,800,155,645,40,True
S_FIXED,-1,20,17,40,800,150,650,40,True
S_FIXED,-1,20,18,40,800,161,639,40,True
S_FIXED,-1,20,19,40,800,161,639,40,True
S_FIXED,-1,20,20,40,800,157,643,40,True
S_FIXED,-1,20,21,40,800,151,649,40,True
S_FIXED,-1,20,22,40,800,158,642,40,True
S_FIXED,-1,20,23,40,800,127,673,40,True
S_FIXED,-1,20,24,40,800,140,660,40,True
S_FIXED,-1,20,25,40,800,143,657,40,True
S_FIXED,-1,20,26,40,800,154,646,40,True
S_FIXED,-1,20,27,40,800,148,652,40,True
S_FIXED,-1,20,28,40,800,162,638,40,True
S_FIXED,-1,20,29,40,800,142,658,40,True
S_FIXED,-1,20,30,40,800,160,640,40,True
S_FIXED,-1,20,31,40,800,156,644,40,True
S_FIXED,-1,20,32,40,800,151,649,40,True
S_FIXED,-1,20,33,40,800,145,655,40,True
S_FIXED,-1,20,34,40,800,150,650,40,True
S_FIXED,-1,20,35,40,800,148,652,40,True
S_FIXED,-1,20,36,40,800,176,624,40,True
S_FIXED,-1,20,37,40,800,134,666,40,True
S_FIXED,-1,20,38,40,800,141,659,40,True
S_FIXED,-1,20,39,40,800,148,652,40,True
S_FIXED,-1,20,40,40,800,154,646,40,True
S_FIXED,-1,20,41,40,800,162,638,40,True
S_FIXED,-1,20,42,40,800,152,648,40,True
S_FIXED,-1,20,43,40,800,152,648,40,True
S_FIXED,-1,20,44,40,800,155,645,40,True
S_FIXED,-1,20,45,40,800,145,655,40,True
S_FIXED,-1,20,46,40,800,148,652,40,True
S_FIXED,-1,20,47,40,800,154,646,40,True
S_FIXED,-1,20,48,40,800,186,614,40,True
S_FIXED,-1,20,49,40,800,136,664,40,True
S_FIXED,-1,30,0,40,1200,202,998,40,True
S_FIXED,-1,30,1,40,1200,193,1007,40,True
S_FIXED,-1,30,2,40,1200,215,985,40,True
S_FIXED,-1,30,3,40,1200,222,978,40,True
S_FIXED,-1,30,4,40,1200,205,995,40,True
S_FIXED,-1,30,5,40,1200,208,992,40,True
S_FIXED,-1,30,6,40,1200,191,1009,40,True
S_FIXED,-1,30,7,40,1200,205,995,40,True
S_FIXED,-1,30,8,40,1200,206,994,40,True
S_FIXED,-1,30,9,40,1200,205,995,40,True
S_FIXED,-1,30,10,40,1200,198,1002,40,True
S_FIXED,-1,30,11,40,1200,170,1030,40,True
S_FIXED,-1,30,12,40,1200,179,1021,40,True
S_FIXED,-1,30,13,40,1200,218,982,40,True
S_FIXED,-1,30,14,40,1200,211,989,40,True
S_FIXED,-1,30,15,40,1200,194,1006,40,True
S_FIXED,-1,30,16,40,1200,203,997,40,True
S_FIXED,-1,30,17,40,1200,191,1009,40,True
S_FIXED,-1,30,18,40,1200,214,986,40,True
S_FIXED,-1,30,19,40,1200,194,1006,40,True
S_FIXED,-1,30,20,40,1200,204,996,40,True
S_FIXED,-1,30,21,40,1200,205,995,40,True
S_FIXED,-1,30,22,40,1200,215,985,40,True
S_FIXED,-1,30,23,40,1200,181,1019,40,True
S_FIXED,-1,30,24,40,1200,188,1012,40,True
S_FIXED,-1,30,25,40,1200,188,1012,40,True
S_FIXED,-1,30,26,40,1200,205,995,40,True
S_FIXED,-1,30,27,40,1200,196,1004,40,True
S_FIXED,-1,30,28,40,1200,214,986,40,True
S_FIXED,-1,30,29,40,1200,178,1022,40,True
S_FIXED,-1,30,30,40,1200,223,977,40,True
S_FIXED,-1,30,31,40,1200,191,1009,40,True
S_FIXED,-1,30,32,40,1200,217,983,40,True
S_FIXED,-1,30,33,40,1200,200,1000,40,True
S_FIXED,-1,30,34,40,1200,196,1004,40,True
S_FIXED,-1,30,35,40,1200,188,1012,40,True
S_FIXED,-1,30,36,40,1200,218,982,40,True
S_FIXED,-1,30,37,40,1200,183,1017,40,True
S_FIXED,-1,30,38,40,1200,178,1022,40,True
S_FIXED,-1,30,39,40,1200,203,997,40,True
S_FIXED,-1,30,40,40,1200,198,1002,40,True
S_FIXED,-1,30,41,40,1200,213,987,40,True
S_FIXED,-1,30,42,40,1200,210,990,40,True
S_FIXED,-1,30,43,40,1200,202,998,40,True
S_FIXED,-1,30,44,40,1200,207,993,40,True
S_FIXED,-1,30,45,40,1200,189,1011,40,True
S_FIXED,-1,30,46,40,1200,202,998,40,True
S_FIXED,-1,30,47,40,1200,196,1004,40,True
S_FIXED,-1,30,48,40,1200,231,969,40,True
S_FIXED,-1,30,49,40,1200,184,1016,40,True
S_FIXED,-1,40,0,40,1600,246,1354,40,True
S_FIXED,-1,40,1,40,1600,245,1355,40,True
S_FIXED,-1,40,2,40,1600,259,1341,40,True
S_FIXED,-1,40,3,40,1600,267,1333,40,True
S_FIXED,-1,40,4,40,1600,250,1350,40,True
S_FIXED,-1,40,5,40,1600,256,1344,40,True
S_FIXED,-1,40,6,40,1600,253,1347,40,True
S_FIXED,-1,40,7,40,1600,253,1347,40,True
S_FIXED,-1,40,8,40,1600,246,1354,40,True
S_FIXED,-1,40,9,40,1600,261,1339,40,True
S_FIXED,-1,40,10,40,1600,263,1337,40,True
S_FIXED,-1,40,11,40,1600,216,1384,40,True
S_FIXED,-1,40,12,40,1600,229,1371,40,True
S_FIXED,-1,40,13,40,1600,273,1327,40,True
S_FIXED,-1,40,14,40,1600,256,1344,40,True
S_FIXED,-1,40,15,40,1600,236,1364,40,True
S_FIXED,-1,40,16,40,1600,247,1353,40,True
S_FIXED,-1,40,17,40,1600,236,1364,40,True
S_FIXED,-1,40,18,40,1600,259,1341,40,True
S_FIXED,-1,40,19,40,1600,230,1370,40,True
S_FIXED,-1,40,20,40,1600,241,1359,40,True
S_FIXED,-1,40,21,40,1600,263,1337,40,True
S_FIXED,-1,40,22,40,1600,257,1343,40,True
S_FIXED,-1,40,23,40,1600,223,1377,40,True
S_FIXED,-1,40,24,40,1600,238,1362,40,True
S_FIXED,-1,40,25,40,1600,246,1354,40,True
S_FIXED,-1,40,26,40,1600,245,1355,40,True
S_FIXED,-1,40,27,40,1600,238,1362,40,True
S_FIXED,-1,40,28,40,1600,260,1340,40,True
S_FIXED,-1,40,29,40,1600,227,1373,40,True
S_FIXED,-1,40,30,40,1600,270,1330,40,True
S_FIXED,-1,40,31,40,1600,222,1378,40,True
S_FIXED,-1,40,32,40,1600,267,1333,40,True
S_FIXED,-1,40,33,40,1600,237,1363,40,True
S_FIXED,-1,40,34,40,1600,231,1369,40,True
S_FIXED,-1,40,35,40,1600,238,1362,40,True
S_FIXED,-1,40,36,40,1600,264,1336,40,True
S_FIXED,-1,40,37,40,1600,227,1373,40,True
S_FIXED,-1,40,38,40,1600,232,1368,40,True
S_FIXED,-1,40,39,40,1600,254,1346,40,True
S_FIXED,-1,40,40,40,1600,246,1354,40,True
S_FIXED,-1,40,41,40,1600,275,1325,40,True
S_FIXED,-1,40,42,40,1600,264,1336,40,True
S_FIXED,-1,40,43,40,1600,254,1346,40,True
S_FIXED,-1,40,44,40,1600,245,1355,40,True
S_FIXED,-1,40,45,40,1600,236,1364,40,True
S_FIXED,-1,40,46,40,1600,255,1345,40,True
S_FIXED,-1,40,47,40,1600,236,1364,40,True
S_FIXED,-1,40,48,40,1600,270,1330,40,True
S_FIXED,-1,40,49,40,1600,219,1381,40,True
