method,seed,budget,image_count,n_before_total,n_after_total,removed_total,n_before_mean,n_before_min,n_before_max,n_after_mean,n_after_min,n_after_max,empty_images,group_size,budget_closure_before,slot_backfilling
M11,730101,10,2000,20000,6559,13441,10.0,5,50,3.2795,1,20,0,40,True,False
M11,730101,15,2000,30000,8346,21654,15.0,5,50,4.173,1,20,0,40,True,False
M11,730101,20,2000,40000,9895,30105,20.0,5,50,4.9475,1,20,0,40,True,False
M11,730101,30,2000,60000,12232,47768,30.0,5,50,6.116,1,20,0,40,True,False
M11,730101,40,2000,80000,13961,66039,40.0,5,50,6.9805,1,20,0,40,True,False
M11,730102,10,2000,20000,6586,13414,10.0,5,50,3.293,1,20,0,40,True,False
M11,730102,15,2000,30000,8397,21603,15.0,5,50,4.1985,1,20,0,40,True,False
M11,730102,20,2000,40000,9961,30039,20.0,5,50,4.9805,1,20,0,40,True,False
M11,730102,30,2000,60000,12318,47682,30.0,5,50,6.159,1,20,0,40,True,False
M11,730102,40,2000,80000,14010,65990,40.0,5,50,7.005,1,20,0,40,True,False
M11,730103,10,2000,20000,6585,13415,10.0,5,50,3.2925,1,20,0,40,True,False
M11,730103,15,2000,30000,8364,21636,15.0,5,50,4.182,1,20,0,40,True,False
M11,730103,20,2000,40000,9885,30115,20.0,5,50,4.9425,1,20,0,40,True,False
M11,730103,30,2000,60000,12159,47841,30.0,5,50,6.0795,1,20,0,40,True,False
M11,730103,40,2000,80000,13844,66156,40.0,5,50,6.922,1,20,0,40,True,False
S_ADAPT,-1,10,2000,20000,4611,15389,10.0,5,50,2.3055,1,9,0,40,True,False
S_ADAPT,-1,15,2000,30000,5496,24504,15.0,5,50,2.748,1,10,0,40,True,False
S_ADAPT,-1,20,2000,40000,6368,33632,20.0,5,50,3.184,1,12,0,40,True,False
S_ADAPT,-1,30,2000,60000,8407,51593,30.0,5,50,4.2035,1,20,0,40,True,False
S_ADAPT,-1,40,2000,80000,11208,68792,40.0,5,50,5.604,1,20,0,40,True,False
S_FIXED,-1,10,2000,20000,5018,14982,10.0,10,10,2.509,1,8,0,40,True,False
S_FIXED,-1,15,2000,30000,6283,23717,15.0,15,15,3.1415,1,9,0,40,True,False
S_FIXED,-1,20,2000,40000,7598,32402,20.0,20,20,3.799,1,11,0,40,True,False
S_FIXED,-1,30,2000,60000,10027,49973,30.0,30,30,5.0135,1,15,0,40,True,False
S_FIXED,-1,40,2000,80000,12361,67639,40.0,40,40,6.1805,1,17,0,40,True,False
