method,seed,budget,category_id,class_name,GT,images_with_GT,selected_records,coverage,coverage_recall,legacy_TP,precision,recall,F1,AP,AP50,AP75,AR100,variant_id,class_weight_on,multi_threshold_on,source
LEARN_QUALITY,530101,10,1,person,2771,631,2136,1435,0.5178635871526525,1435,0.6718164794007491,0.5178635871526525,0.5848787446504993,0.24712711093485662,0.4580167515129809,0.2292930365337103,0.3012991699747384,M11,true,true,REUSED_P1
LEARN_QUALITY,530101,10,2,bicycle,244,125,95,52,0.21311475409836064,52,0.5473684210526316,0.21311475409836064,0.30678466076696165,0.08837450861968521,0.18577650748020447,0.07488910789525334,0.11762295081967214,M11,true,true,REUSED_P1
LEARN_QUALITY,530101,10,3,car,20453,1988,13053,10495,0.5131276585342004,10490,0.8036466712633111,0.5128831956192246,0.6261565092819197,0.31842051648411956,0.4898698400144305,0.3388959656545639,0.3532880262064245,M11,true,true,REUSED_P1
LEARN_QUALITY,530101,10,4,motorcycle,95,66,38,17,0.17894736842105263,17,0.4473684210526316,0.17894736842105263,0.2556390977443609,0.071307135901607,0.15201039997898994,0.06493399339933993,0.08736842105263158,M11,true,true,REUSED_P1
LEARN_QUALITY,530101,10,5,bus,350,258,452,162,0.46285714285714286,162,0.3584070796460177,0.46285714285714286,0.40399002493765584,0.2702000553481744,0.33295486837389404,0.3101150371727862,0.38485714285714284,M11,true,true,REUSED_P1
LEARN_QUALITY,530101,10,6,train,6,5,68,0,0,0,0,0,0,0,0,0,0,M11,true,true,REUSED_P1
LEARN_QUALITY,530101,10,7,truck,889,540,1457,439,0.4938132733408324,439,0.3013040494166095,0.4938132733408324,0.3742540494458653,0.21497545650253255,0.28823302552115143,0.24265364089821198,0.38425196850393706,M11,true,true,REUSED_P1
LEARN_QUALITY,530101,10,8,traffic light,5158,1123,2701,1374,0.26638231872818924,1374,0.508700481303221,0.26638231872818924,0.3496628069728973,0.06985109478852533,0.18869933898160696,0.04195356197721231,0.11940674680108569,M11,true,true,REUSED_P1
LEARN_QUALITY,530101,15,1,person,2771,631,3253,1663,0.6001443522194154,1662,0.510913003381494,0.599783471670877,0.5517928286852589,0.26641342796543044,0.5049643924501812,0.2393026382666355,0.34059906171057386,M11,true,true,REUSED_P1
LEARN_QUALITY,530101,15,2,bicycle,244,125,187,74,0.30327868852459017,70,0.37433155080213903,0.28688524590163933,0.32482598607888635,0.09931686703945596,0.21827912803796887,0.07839641674509829,0.15081967213114753,M11,true,true,REUSED_P1
LEARN_QUALITY,530101,15,3,car,20453,1988,17747,12193,0.5961472644599815,12179,0.6862568321406435,0.5954627682980492,0.6376439790575915,0.34318991311652,0.5492469036057057,0.35462263694195484,0.3908717547548037,M11,true,true,REUSED_P1
LEARN_QUALITY,530101,15,4,motorcycle,95,66,78,23,0.24210526315789474,23,0.2948717948717949,0.24210526315789474,0.2658959537572254,0.080378456597413,0.1804137524288951,0.0677039132484677,0.12,M11,true,true,REUSED_P1
LEARN_QUALITY,530101,15,5,bus,350,258,765,191,0.5457142857142857,191,0.2496732026143791,0.5457142857142857,0.34260089686098655,0.2839209357403438,0.3540123359440327,0.32544487736802047,0.4411428571428571,M11,true,true,REUSED_P1
LEARN_QUALITY,530101,15,6,train,6,5,77,0,0,0,0,0,0,0,0,0,0,M11,true,true,REUSED_P1
LEARN_QUALITY,530101,15,7,truck,889,540,2835,527,0.592800899887514,527,0.18589065255731924,0.592800899887514,0.2830290010741139,0.223800540086103,0.30262928228498825,0.25094469870042674,0.4509561304836895,M11,true,true,REUSED_P1
LEARN_QUALITY,530101,15,8,traffic light,5158,1123,5058,2003,0.3883288096161303,2003,0.3960063266113088,0.3883288096161303,0.39212999216914646,0.08519547741749608,0.24255964651483922,0.04577103256480067,0.16595579682047304,M11,true,true,REUSED_P1
LEARN_QUALITY,530101,20,1,person,2771,631,4333,1765,0.6369541681703356,1764,0.407108239095315,0.6365932876217972,0.4966216216216217,0.27140031572791057,0.5217386379578054,0.2416003302222429,0.35561169252977265,M11,true,true,REUSED_P1
LEARN_QUALITY,530101,20,2,bicycle,244,125,255,82,0.3360655737704918,78,0.3058823529411765,0.319672131147541,0.31262525050100204,0.105321257949873,0.22847377943293962,0.08157412561434091,0.17418032786885246,M11,true,true,REUSED_P1
LEARN_QUALITY,530101,20,3,car,20453,1988,22209,13122,0.6415684740624847,13101,0.5898959881129272,0.6405417298195863,0.6141765505602175,0.3540822880333141,0.5798483590115728,0.3626840369842337,0.4100620935804039,M11,true,true,REUSED_P1
LEARN_QUALITY,530101,20,4,motorcycle,95,66,145,25,0.2631578947368421,25,0.1724137931034483,0.2631578947368421,0.20833333333333334,0.08191983048036744,0.18156047941888243,0.07193923352078227,0.14,M11,true,true,REUSED_P1
LEARN_QUALITY,530101,20,5,bus,350,258,1012,203,0.58,203,0.20059288537549408,0.58,0.2980910425844347,0.28775448653508684,0.36149704570866187,0.3287577863987176,0.4631428571428572,M11,true,true,REUSED_P1
LEARN_QUALITY,530101,20,6,train,6,5,96,0,0,0,0,0,0,0,0,0,0,M11,true,true,REUSED_P1
LEARN_QUALITY,530101,20,7,truck,889,540,4426,582,0.6546681664791901,582,0.13149570718481698,0.6546681664791901,0.21900282220131703,0.22693267866298925,0.30794854728173904,0.2538956463692546,0.4896512935883014,M11,true,true,REUSED_P1
LEARN_QUALITY,530101,20,8,traffic light,5158,1123,7524,2335,0.45269484296238854,2335,0.31034024455077086,0.45269484296238854,0.36823844819429113,0.09060264964291558,0.2648532188489697,0.0463458419385966,0.18943388910430398,M11,true,true,REUSED_P1
LEARN_QUALITY,530101,30,1,person,2771,631,6245,1839,0.6636593287621797,1838,0.2943154523618895,0.6632984482136413,0.4077196095829636,0.2747512742697841,0.53043212625398,0.24327712702163795,0.3680259833994948,M11,true,true,REUSED_P1
LEARN_QUALITY,530101,30,2,bicycle,244,125,377,94,0.38524590163934425,90,0.23872679045092837,0.36885245901639346,0.2898550724637682,0.10992473558947344,0.24205087666841246,0.08535164392954976,0.19959016393442622,M11,true,true,REUSED_P1
LEARN_QUALITY,530101,30,3,car,20453,1988,31641,14315,0.6998973255757102,14286,0.45150279700388735,0.6984794406688505,0.5484700733289822,0.363177377159637,0.6040388619776498,0.36558464652454176,0.434928861291742,M11,true,true,REUSED_P1
LEARN_QUALITY,530101,30,4,motorcycle,95,66,263,29,0.30526315789473685,29,0.11026615969581749,0.30526315789473685,0.16201117318435757,0.08470741982811664,0.1875589752098008,0.07382633008768688,0.1694736842105263,M11,true,true,REUSED_P1
LEARN_QUALITY,530101,30,5,bus,350,258,1524,224,0.64,224,0.14698162729658792,0.64,0.23906083244397014,0.29522944118014344,0.3709611856504864,0.3384009464160335,0.5097142857142857,M11,true,true,REUSED_P1
LEARN_QUALITY,530101,30,6,train,6,5,160,0,0,0,0,0,0,0,0,0,0,M11,true,true,REUSED_P1
LEARN_QUALITY,530101,30,7,truck,889,540,7430,643,0.7232845894263217,643,0.08654104979811575,0.7232845894263217,0.15458588772689025,0.22922744624810062,0.3122105794002027,0.25578183031567336,0.530933633295838,M11,true,true,REUSED_P1
LEARN_QUALITY,530101,30,8,traffic light,5158,1123,12360,2681,0.5197751066304769,2680,0.2168284789644013,0.5195812330360605,0.30597100125585114,0.09440172946429125,0.2786363666297515,0.04685141502993463,0.2137650252035673,M11,true,true,REUSED_P1
LEARN_QUALITY,530101,40,1,person,2771,631,8260,1862,0.6719595813785637,1861,0.22530266343825667,0.6715987008300253,0.337412745897924,0.275137227533174,0.5320825475468399,0.2432028838560181,0.3719234933237099,M11,true,true,REUSED_P1
LEARN_QUALITY,530101,40,2,bicycle,244,125,483,97,0.3975409836065574,93,0.19254658385093168,0.38114754098360654,0.2558459422283356,0.1100132198574419,0.246896289673126,0.08498907647371828,0.2012295081967213,M11,true,true,REUSED_P1
LEARN_QUALITY,530101,40,3,car,20453,1988,40918,14942,0.7305529751136752,14914,0.36448506769636835,0.7291839827898108,0.48602760261361233,0.36792411550831394,0.6156326580207013,0.3681122452483954,0.44790495281865744,M11,true,true,REUSED_P1
LEARN_QUALITY,530101,40,4,motorcycle,95,66,385,31,0.3263157894736842,31,0.08051948051948052,0.3263157894736842,0.12916666666666665,0.08529160244084967,0.1893957030642373,0.07365279261357704,0.17789473684210527,M11,true,true,REUSED_P1
LEARN_QUALITY,530101,40,5,bus,350,258,2029,230,0.6571428571428571,230,0.11335633316904879,0.6571428571428571,0.19335855401429172,0.2961809959717327,0.37177902379719757,0.33925104353529906,0.5228571428571429,M11,true,true,REUSED_P1
LEARN_QUALITY,530101,40,6,train,6,5,350,0,0,0,0,0,0,0,0,0,0,M11,true,true,REUSED_P1
LEARN_QUALITY,530101,40,7,truck,889,540,10177,671,0.7547806524184477,671,0.06593298614522944,0.7547806524184477,0.12127236580516898,0.2303248884672186,0.31356300332661896,0.25732866307442775,0.5551181102362205,M11,true,true,REUSED_P1
LEARN_QUALITY,530101,40,8,traffic light,5158,1123,17398,2815,0.54575416828228,2814,0.16174272904931603,0.5455602946878635,0.24951232488029793,0.09545919818907614,0.283436803571431,0.047264258623905014,0.2230321830166731,M11,true,true,REUSED_P1
LEARN_QUALITY,530102,10,1,person,2771,631,2118,1431,0.5164200649584988,1431,0.6756373937677054,0.5164200649584988,0.5853957864593986,0.24714643519403556,0.45803414054852465,0.2293119523756702,0.30068567304222305,M11,true,true,REUSED_P1
LEARN_QUALITY,530102,10,2,bicycle,244,125,97,54,0.22131147540983606,53,0.5463917525773195,0.21721311475409835,0.31085043988269795,0.08839230253522733,0.18636649506115935,0.07485289737764986,0.1180327868852459,M11,true,true,REUSED_P1
LEARN_QUALITY,530102,10,3,car,20453,1988,12960,10468,0.5118075587933311,10462,0.8072530864197531,0.5115142032953601,0.6262233262502619,0.3185142249454741,0.49001974251261116,0.3389858445208524,0.35297022441695597,M11,true,true,REUSED_P1
LEARN_QUALITY,530102,10,4,motorcycle,95,66,44,18,0.18947368421052632,18,0.4090909090909091,0.18947368421052632,0.2589928057553957,0.07328699832149904,0.15571144158950306,0.06690290081639742,0.09578947368421054,M11,true,true,REUSED_P1
LEARN_QUALITY,530102,10,5,bus,350,258,502,168,0.48,168,0.3346613545816733,0.48,0.39436619718309857,0.2739999140784962,0.33876790967993164,0.31649825240607127,0.39771428571428574,M11,true,true,REUSED_P1
LEARN_QUALITY,530102,10,6,train,6,5,70,0,0,0,0,0,0,0,0,0,0,M11,true,true,REUSED_P1
LEARN_QUALITY,530102,10,7,truck,889,540,1580,450,0.5061867266591676,450,0.2848101265822785,0.5061867266591676,0.3645200486026731,0.21595613613909911,0.2892435503258621,0.2413921667289081,0.3925759280089988,M11,true,true,REUSED_P1
LEARN_QUALITY,530102,10,8,traffic light,5158,1123,2629,1346,0.26095385808452887,1346,0.5119817421072651,0.26095385808452887,0.3457043790933607,0.06953976804538319,0.18900518541231454,0.041914683768874694,0.11673129119813881,M11,true,true,REUSED_P1
LEARN_QUALITY,530102,15,1,person,2771,631,3210,1646,0.594009382894262,1645,0.5124610591900312,0.5936485023457235,0.5500752382544725,0.26481623710090263,0.5046067798577852,0.23923872812413163,0.33706243233489713,M11,true,true,REUSED_P1
LEARN_QUALITY,530102,15,2,bicycle,244,125,197,72,0.29508196721311475,69,0.350253807106599,0.2827868852459016,0.31292517006802717,0.10013949864965607,0.2171343463564124,0.07822623869359982,0.15204918032786885,M11,true,true,REUSED_P1
LEARN_QUALITY,530102,15,3,car,20453,1988,17691,12166,0.5948271647191121,12152,0.6869029450002826,0.5941426685571799,0.6371644295302014,0.3425968079143336,0.5491145313350791,0.3545716376525347,0.3900014667774899,M11,true,true,REUSED_P1
LEARN_QUALITY,530102,15,4,motorcycle,95,66,95,23,0.24210526315789474,23,0.24210526315789474,0.24210526315789474,0.24210526315789474,0.08066682137554915,0.1789394306790139,0.07048563078937303,0.12631578947368421,M11,true,true,REUSED_P1
LEARN_QUALITY,530102,15,5,bus,350,258,827,194,0.5542857142857143,194,0.23458282950423218,0.5542857142857143,0.3296516567544605,0.2850815769681829,0.35504925428740824,0.32728057242085007,0.45,M11,true,true,REUSED_P1
LEARN_QUALITY,530102,15,6,train,6,5,80,0,0,0,0,0,0,0,0,0,0,M11,true,true,REUSED_P1
LEARN_QUALITY,530102,15,7,truck,889,540,3014,533,0.5995500562429696,533,0.17684140676841406,0.5995500562429696,0.2731232385344607,0.22378801610631668,0.3017866208698073,0.2504758408727688,0.4543307086614172,M11,true,true,REUSED_P1
LEARN_QUALITY,530102,15,8,traffic light,5158,1123,4886,1951,0.3782473827064754,1951,0.3993041342611543,0.3782473827064754,0.3884906411788132,0.08366790136563061,0.2381222617507621,0.04452578513762955,0.16205893757270257,M11,true,true,REUSED_P1
LEARN_QUALITY,530102,20,1,person,2771,631,4262,1747,0.6304583182966438,1746,0.4096668230877522,0.6300974377481053,0.49651642257926915,0.2713970467116551,0.5214748716094694,0.24167346612387974,0.3539877300613497,M11,true,true,REUSED_P1
LEARN_QUALITY,530102,20,2,bicycle,244,125,263,82,0.3360655737704918,78,0.2965779467680608,0.319672131147541,0.3076923076923077,0.10489509340434938,0.22848776130931137,0.08144119672778272,0.1737704918032787,M11,true,true,REUSED_P1
LEARN_QUALITY,530102,20,3,car,20453,1988,22224,13115,0.6412262259815186,13094,0.5891828653707704,0.6401994817386203,0.613632635846006,0.35401337418173806,0.579684805135258,0.3626189035812959,0.4101989928127903,M11,true,true,REUSED_P1
LEARN_QUALITY,530102,20,4,motorcycle,95,66,158,25,0.2631578947368421,25,0.15822784810126583,0.2631578947368421,0.1976284584980237,0.08168616764733548,0.1811664974029669,0.07171235742215708,0.14,M11,true,true,REUSED_P1
LEARN_QUALITY,530102,20,5,bus,350,258,1089,211,0.6028571428571429,211,0.19375573921028466,0.6028571428571429,0.29325920778318276,0.29067327745063326,0.3649725904811865,0.33255663465086105,0.4797142857142857,M11,true,true,REUSED_P1
LEARN_QUALITY,530102,20,6,train,6,5,104,0,0,0,0,0,0,0,0,0,0,M11,true,true,REUSED_P1
LEARN_QUALITY,530102,20,7,truck,889,540,4659,597,0.671541057367829,597,0.12813908564069543,0.671541057367829,0.21521268925739004,0.22829943348910095,0.3102701136729458,0.25507283729895264,0.5005624296962881,M11,true,true,REUSED_P1
LEARN_QUALITY,530102,20,8,traffic light,5158,1123,7241,2297,0.4453276463745638,2297,0.3172213782626709,0.4453276463745638,0.3705137511089604,0.08975400246126936,0.26185904609611976,0.046380874073318444,0.1866614967041489,M11,true,true,REUSED_P1
LEARN_QUALITY,530102,30,1,person,2771,631,6160,1835,0.662215806568026,1834,0.29772727272727273,0.6618549260194876,0.4107042884335461,0.2747312984628185,0.5304557548019827,0.24327760284775493,0.36715987008300255,M11,true,true,REUSED_P1
LEARN_QUALITY,530102,30,2,bicycle,244,125,398,95,0.38934426229508196,91,0.228643216080402,0.3729508196721312,0.28348909657320875,0.10986388362331036,0.24567546194278994,0.08408125807965688,0.1975409836065574,M11,true,true,REUSED_P1
LEARN_QUALITY,530102,30,3,car,20453,1988,31755,14336,0.7009240698186086,14308,0.45057471264367815,0.699555077494744,0.5481152313821637,0.3630249522756428,0.6040037337350029,0.36561618345696023,0.435344448247201,M11,true,true,REUSED_P1
LEARN_QUALITY,530102,30,4,motorcycle,95,66,274,30,0.3157894736842105,30,0.10948905109489052,0.3157894736842105,0.1626016260162602,0.0851027554365739,0.1887441370303176,0.07375960578313058,0.1736842105263158,M11,true,true,REUSED_P1
LEARN_QUALITY,530102,30,5,bus,350,258,1581,225,0.6428571428571429,225,0.14231499051233396,0.6428571428571429,0.23303987571206625,0.2953304445563608,0.3709222891850932,0.3383733139769338,0.5117142857142858,M11,true,true,REUSED_P1
LEARN_QUALITY,530102,30,6,train,6,5,183,0,0,0,0,0,0,0,0,0,0,M11,true,true,REUSED_P1
LEARN_QUALITY,530102,30,7,truck,889,540,7529,643,0.7232845894263217,643,0.0854031079824678,0.7232845894263217,0.15276787835590402,0.22918616264493652,0.31209748904115936,0.2558497248169511,0.5308211473565804,M11,true,true,REUSED_P1
LEARN_QUALITY,530102,30,8,traffic light,5158,1123,12120,2678,0.5191934858472276,2677,0.22087458745874589,0.5189996122528112,0.30987382798935065,0.09439464585709792,0.2786402758029403,0.04684337526750738,0.2132027917797596,M11,true,true,REUSED_P1
LEARN_QUALITY,530102,40,1,person,2771,631,8125,1860,0.6712378202814868,1859,0.2288,0.6708769397329484,0.34122613803230545,0.27515113688862775,0.532112281491082,0.24320445223875664,0.3714182605557561,M11,true,true,REUSED_P1
LEARN_QUALITY,530102,40,2,bicycle,244,125,494,97,0.3975409836065574,93,0.1882591093117409,0.38114754098360654,0.2520325203252033,0.10999282246250972,0.2468363104729987,0.08497741654212713,0.2012295081967213,M11,true,true,REUSED_P1
LEARN_QUALITY,530102,40,3,car,20453,1988,41059,14944,0.7306507602796656,14917,0.36330646143354683,0.7293306605387962,0.485011054753544,0.36791485022509307,0.615617965040512,0.3681139047948154,0.4479685131765511,M11,true,true,REUSED_P1
LEARN_QUALITY,530102,40,4,motorcycle,95,66,397,31,0.3263157894736842,31,0.07808564231738035,0.3263157894736842,0.12601626016260162,0.08528823445288046,0.1893891790981881,0.0736498870737659,0.17789473684210527,M11,true,true,REUSED_P1
LEARN_QUALITY,530102,40,5,bus,350,258,2086,230,0.6571428571428571,230,0.11025886864813039,0.6571428571428571,0.18883415435139572,0.29617257504108574,0.371760505946709,0.33923715454100534,0.5222857142857144,M11,true,true,REUSED_P1
LEARN_QUALITY,530102,40,6,train,6,5,380,0,0,0,0,0,0,0,0,0,0,M11,true,true,REUSED_P1
LEARN_QUALITY,530102,40,7,truck,889,540,10246,672,0.7559055118110236,672,0.06558657036892446,0.7559055118110236,0.12070049393803323,0.2302299054903068,0.3135128852503023,0.25728459847800406,0.5547806524184477,M11,true,true,REUSED_P1
LEARN_QUALITY,530102,40,8,traffic light,5158,1123,17213,2806,0.5440093059325319,2805,0.16295822924533782,0.5438154323381156,0.25077108756872735,0.09546441903733917,0.2834505532903643,0.04725766308956203,0.2223148507173323,M11,true,true,REUSED_P1
LEARN_QUALITY,530103,10,1,person,2771,631,2100,1425,0.5142547816672681,1425,0.6785714285714286,0.5142547816672681,0.585095462943954,0.24656600087823774,0.4581840224252886,0.22928760106516125,0.29938650306748466,M11,true,true,REUSED_P1
LEARN_QUALITY,530103,10,2,bicycle,244,125,99,55,0.22540983606557377,54,0.5454545454545454,0.22131147540983606,0.314868804664723,0.0899325386459532,0.19205469964880867,0.0746899756800747,0.11926229508196722,M11,true,true,REUSED_P1
LEARN_QUALITY,530103,10,3,car,20453,1988,13069,10523,0.5144966508580648,10517,0.804728747417553,0.5142032953600939,0.6274685281307798,0.3200058702114168,0.4900238749398806,0.33893196315330326,0.35389918349386396,M11,true,true,REUSED_P1
LEARN_QUALITY,530103,10,4,motorcycle,95,66,45,18,0.18947368421052632,18,0.4,0.18947368421052632,0.2571428571428571,0.0711365289754782,0.15898705255140896,0.06461312797946461,0.08842105263157896,M11,true,true,REUSED_P1
LEARN_QUALITY,530103,10,5,bus,350,258,479,167,0.47714285714285715,167,0.348643006263048,0.47714285714285715,0.40289505428226774,0.274518302344617,0.33629045955870956,0.31761221408453083,0.39771428571428574,M11,true,true,REUSED_P1
LEARN_QUALITY,530103,10,6,train,6,5,70,0,0,0,0,0,0,0,0,0,0,M11,true,true,REUSED_P1
LEARN_QUALITY,530103,10,7,truck,889,540,1522,450,0.5061867266591676,450,0.2956636005256242,0.5061867266591676,0.3732890916632103,0.21694004890471588,0.2908183954171991,0.24251082371803018,0.3914510686164229,M11,true,true,REUSED_P1
LEARN_QUALITY,530103,10,8,traffic light,5158,1123,2616,1322,0.2563008918185343,1322,0.5053516819571865,0.2563008918185343,0.3401080524826344,0.06854946059902342,0.18298666822365373,0.04182515475739883,0.1151996898022489,M11,true,true,REUSED_P1
LEARN_QUALITY,530103,15,1,person,2771,631,3241,1651,0.5958137856369542,1650,0.5091021289725394,0.5954529050884158,0.5489021956087825,0.2652872707333435,0.5048655445647566,0.23929272307260405,0.3380728978708048,M11,true,true,REUSED_P1
LEARN_QUALITY,530103,15,2,bicycle,244,125,204,73,0.29918032786885246,69,0.3382352941176471,0.2827868852459016,0.3080357142857143,0.09835271086844494,0.21670261449288597,0.07804920603519423,0.14795081967213114,M11,true,true,REUSED_P1
LEARN_QUALITY,530103,15,3,car,20453,1988,17792,12216,0.5972717938688701,12201,0.6857576438848921,0.5965384051239427,0.6380441887828475,0.3431809370568655,0.5492463229926974,0.3546146759579908,0.3911308854446781,M11,true,true,REUSED_P1
LEARN_QUALITY,530103,15,4,motorcycle,95,66,90,24,0.25263157894736843,24,0.26666666666666666,0.25263157894736843,0.2594594594594594,0.08128187822466708,0.181473992044755,0.07015039315362899,0.13052631578947368,M11,true,true,REUSED_P1
LEARN_QUALITY,530103,15,5,bus,350,258,788,194,0.5542857142857143,194,0.24619289340101522,0.5542857142857143,0.3409490333919156,0.2856754522856549,0.35648318171432225,0.3279062830963698,0.4477142857142857,M11,true,true,REUSED_P1
LEARN_QUALITY,530103,15,6,train,6,5,76,0,0,0,0,0,0,0,0,0,0,M11,true,true,REUSED_P1
LEARN_QUALITY,530103,15,7,truck,889,540,2969,531,0.5973003374578177,531,0.1788480970023577,0.5973003374578177,0.27527216174183516,0.22413116003017444,0.3018864422936522,0.25213417817650063,0.45433070866141734,M11,true,true,REUSED_P1
LEARN_QUALITY,530103,15,8,traffic light,5158,1123,4840,1965,0.38096161302830556,1965,0.4059917355371901,0.38096161302830556,0.3930786157231447,0.08477687797831476,0.24272998641556484,0.04585690253079321,0.1636099263280341,M11,true,true,REUSED_P1
LEARN_QUALITY,530103,20,1,person,2771,631,4291,1750,0.6315409599422591,1749,0.4075972966674435,0.6311800793937207,0.4953271028037384,0.27129640734690913,0.5214227963710041,0.24160279063701456,0.35409599422591126,M11,true,true,REUSED_P1
LEARN_QUALITY,530103,20,2,bicycle,244,125,268,83,0.3401639344262295,79,0.2947761194029851,0.3237704918032787,0.30859375,0.10506598200378592,0.23164361175012393,0.0812108110141601,0.1725409836065574,M11,true,true,REUSED_P1
LEARN_QUALITY,530103,20,3,car,20453,1988,22374,13156,0.6432308218843201,13132,0.5869312594976311,0.6420573998924363,0.6132579914539893,0.3540656560951175,0.5798403468658312,0.36265763031793735,0.41075147900063563,M11,true,true,REUSED_P1
LEARN_QUALITY,530103,20,4,motorcycle,95,66,154,25,0.2631578947368421,25,0.16233766233766234,0.2631578947368421,0.20080321285140562,0.08176582616920519,0.18132742596792853,0.07176244256908695,0.14,M11,true,true,REUSED_P1
LEARN_QUALITY,530103,20,5,bus,350,258,1046,206,0.5885714285714285,206,0.19694072657743786,0.5885714285714285,0.2951289398280802,0.2896107501199376,0.36101265668133176,0.3326381494921933,0.47400000000000003,M11,true,true,REUSED_P1
LEARN_QUALITY,530103,20,6,train,6,5,94,0,0,0,0,0,0,0,0,0,0,M11,true,true,REUSED_P1
LEARN_QUALITY,530103,20,7,truck,889,540,4515,588,0.6614173228346457,588,0.13023255813953488,0.6614173228346457,0.21761658031088082,0.22747553073123136,0.3090705237291543,0.2537448775558865,0.4941507311586051,M11,true,true,REUSED_P1
LEARN_QUALITY,530103,20,8,traffic light,5158,1123,7258,2315,0.4488173710740597,2315,0.31895839074125104,0.4488173710740597,0.3729059278350516,0.09005894372599246,0.26237995157689686,0.046390439310379755,0.18761147731678945,M11,true,true,REUSED_P1
LEARN_QUALITY,530103,30,1,person,2771,631,6224,1840,0.6640202093107181,1839,0.29546915167095117,0.6636593287621797,0.40889382990550305,0.2747836598865051,0.530491030183452,0.2433555281664355,0.36845904005774094,M11,true,true,REUSED_P1
LEARN_QUALITY,530103,30,2,bicycle,244,125,410,95,0.38934426229508196,91,0.22195121951219512,0.3729508196721312,0.2782874617737003,0.10980303758360757,0.24552550037759996,0.08405357760304902,0.19795081967213116,M11,true,true,REUSED_P1
LEARN_QUALITY,530103,30,3,car,20453,1988,31770,14337,0.7009729624016037,14309,0.450393452943028,0.6996039700777392,0.5479960936752005,0.36321968558280326,0.6041294319128654,0.3656483331735555,0.4358089277856549,M11,true,true,REUSED_P1
LEARN_QUALITY,530103,30,4,motorcycle,95,66,271,30,0.3157894736842105,30,0.11070110701107011,0.3157894736842105,0.1639344262295082,0.08506535033139741,0.18868037504167684,0.07372626157842561,0.1736842105263158,M11,true,true,REUSED_P1
LEARN_QUALITY,530103,30,5,bus,350,258,1529,225,0.6428571428571429,225,0.1471550032701112,0.6428571428571429,0.23948908994145823,0.2956252551142708,0.3711708816824352,0.33854934376507956,0.5125714285714286,M11,true,true,REUSED_P1
LEARN_QUALITY,530103,30,6,train,6,5,180,0,0,0,0,0,0,0,0,0,0,M11,true,true,REUSED_P1
LEARN_QUALITY,530103,30,7,truck,889,540,7489,644,0.7244094488188977,644,0.08599278942448925,0.7244094488188977,0.15373597517307233,0.2291136037331335,0.3121664705684962,0.25582846535148446,0.5312710911136109,M11,true,true,REUSED_P1
LEARN_QUALITY,530103,30,8,traffic light,5158,1123,12127,2679,0.519387359441644,2678,0.22082955388801848,0.5191934858472276,0.309864043968759,0.09432880225207779,0.27876492119660196,0.04685545758043428,0.21316401706087632,M11,true,true,REUSED_P1
LEARN_QUALITY,530103,40,1,person,2771,631,8268,1861,0.6715987008300253,1860,0.22496371552975328,0.6712378202814868,0.3369870459280732,0.27513972916184654,0.5320761747612164,0.2432032140124759,0.37170696499458683,M11,true,true,REUSED_P1
LEARN_QUALITY,530103,40,2,bicycle,244,125,491,97,0.3975409836065574,93,0.1894093686354379,0.38114754098360654,0.25306122448979596,0.11000178815819951,0.24686125548419077,0.08498352032712062,0.2012295081967213,M11,true,true,REUSED_P1
LEARN_QUALITY,530103,40,3,car,20453,1988,41030,14960,0.7314330416075882,14933,0.36395320497197176,0.7301129418667188,0.4857602914626808,0.36828830052234984,0.6192606277625367,0.36811866837112495,0.4481934190583289,M11,true,true,REUSED_P1
LEARN_QUALITY,530103,40,4,motorcycle,95,66,399,31,0.3263157894736842,31,0.07769423558897243,0.3263157894736842,0.12550607287449392,0.08528602441044765,0.18938322159249965,0.0736498870737659,0.17789473684210527,M11,true,true,REUSED_P1
LEARN_QUALITY,530103,40,5,bus,350,258,2040,229,0.6542857142857142,229,0.11225490196078432,0.6542857142857142,0.19163179916317993,0.29608049732646113,0.37178905859698674,0.33925832156338853,0.5211428571428571,M11,true,true,REUSED_P1
LEARN_QUALITY,530103,40,6,train,6,5,388,0,0,0,0,0,0,0,0,0,0,M11,true,true,REUSED_P1
LEARN_QUALITY,530103,40,7,truck,889,540,10310,672,0.7559055118110236,672,0.06517943743937925,0.7559055118110236,0.12001071524243237,0.23029486611157204,0.3135026646523885,0.2572889025345398,0.5555680539932508,M11,true,true,REUSED_P1
LEARN_QUALITY,530103,40,8,traffic light,5158,1123,17074,2817,0.5461419154711128,2815,0.16487056342977627,0.54575416828228,0.2532385750269881,0.09549265228073679,0.2835673203553801,0.047273331513653705,0.22307095773555644,M11,true,true,REUSED_P1
S_ADAPT,-1,10,1,person,2771,631,1830,1314,0.474197040779502,1314,0.7180327868852459,0.474197040779502,0.5711801782221256,0.2360052885632116,0.42897249430410134,0.22072425816143657,0.28303861421869364,BASELINE,false,false,REUSED_P1
S_ADAPT,-1,10,2,bicycle,244,125,63,44,0.18032786885245902,44,0.6984126984126984,0.18032786885245902,0.28664495114006516,0.08208784480889676,0.16829071488040157,0.06826473856176828,0.10204918032786885,BASELINE,false,false,REUSED_P1
S_ADAPT,-1,10,3,car,20453,1988,13515,10627,0.5195814794895615,10620,0.7857935627081021,0.5192392314085953,0.6252943947244465,0.3191788991215324,0.4889845762223092,0.3383298892303067,0.35466190778858847,BASELINE,false,false,REUSED_P1
S_ADAPT,-1,10,4,motorcycle,95,66,38,16,0.16842105263157894,16,0.42105263157894735,0.16842105263157894,0.24060150375939848,0.06677387401537033,0.14763227453967118,0.06452145214521451,0.07789473684210527,BASELINE,false,false,REUSED_P1
S_ADAPT,-1,10,5,bus,350,258,358,141,0.40285714285714286,141,0.39385474860335196,0.40285714285714286,0.3983050847457627,0.2543317144238837,0.30894203674143805,0.2919257403806901,0.34,BASELINE,false,false,REUSED_P1
S_ADAPT,-1,10,6,train,6,5,65,0,0,0,0,0,0,0,0,0,0,BASELINE,false,false,REUSED_P1
S_ADAPT,-1,10,7,truck,889,540,1545,403,0.453318335208099,403,0.2608414239482201,0.453318335208099,0.3311421528348398,0.2053317356621455,0.27130306436180496,0.23107047576228235,0.36130483689538806,BASELINE,false,false,REUSED_P1
S_ADAPT,-1,10,8,traffic light,5158,1123,2586,1273,0.24680108569212872,1273,0.4922660479505027,0.24680108569212872,0.3287706611570248,0.06569374729138458,0.17612352373218748,0.03968848201618704,0.1085886002326483,BASELINE,false,false,REUSED_P1
S_ADAPT,-1,15,1,person,2771,631,2757,1561,0.5633345362684952,1560,0.5658324265505985,0.5629736557199567,0.5643994211287988,0.25826972338771625,0.487843531196575,0.2363054785445822,0.3229520028870444,BASELINE,false,false,REUSED_P1
S_ADAPT,-1,15,2,bicycle,244,125,134,64,0.26229508196721313,61,0.4552238805970149,0.25,0.32275132275132273,0.09352362726989581,0.2046180049968533,0.07417087702582272,0.130327868852459,BASELINE,false,false,REUSED_P1
S_ADAPT,-1,15,3,car,20453,1988,18271,12210,0.5969784383708991,12194,0.6673964205571671,0.5961961570429766,0.6297903109182935,0.34266841989482555,0.5480178062150273,0.35427993922087614,0.3902752652422628,BASELINE,false,false,REUSED_P1
S_ADAPT,-1,15,4,motorcycle,95,66,76,21,0.22105263157894736,21,0.27631578947368424,0.22105263157894736,0.2456140350877193,0.07593237384869583,0.17040494524936506,0.06581994265000271,0.10736842105263159,BASELINE,false,false,REUSED_P1
S_ADAPT,-1,15,5,bus,350,258,611,173,0.4942857142857143,173,0.28314238952536824,0.4942857142857143,0.36004162330905304,0.2762811256135658,0.3390880941236343,0.31703196506420595,0.4128571428571428,BASELINE,false,false,REUSED_P1
S_ADAPT,-1,15,6,train,6,5,87,0,0,0,0,0,0,0,0,0,0,BASELINE,false,false,REUSED_P1
S_ADAPT,-1,15,7,truck,889,540,3147,497,0.5590551181102362,497,0.1579281855735621,0.5590551181102362,0.2462834489593657,0.21903447278643548,0.2926292235356272,0.2462935690289215,0.43205849268841395,BASELINE,false,false,REUSED_P1
S_ADAPT,-1,15,8,traffic light,5158,1123,4917,1926,0.3734005428460644,1926,0.39170225747406956,0.3734005428460644,0.382332506203474,0.08244367721705656,0.23680489205124017,0.04430264192634303,0.15777433113609923,BASELINE,false,false,REUSED_P1
S_ADAPT,-1,20,1,person,2771,631,3781,1686,0.6084446048357993,1685,0.445649299127215,0.6080837242872609,0.5143467643467643,0.26702503769604796,0.5078881013203981,0.23911828950836087,0.34370263442800436,BASELINE,false,false,REUSED_P1
S_ADAPT,-1,20,2,bicycle,244,125,196,73,0.29918032786885246,70,0.35714285714285715,0.28688524590163933,0.3181818181818182,0.09820130139037403,0.21705892529967147,0.07634769045184617,0.14631147540983605,BASELINE,false,false,REUSED_P1
S_ADAPT,-1,20,3,car,20453,1988,22786,13078,0.6394172004106977,13054,0.5728956376722549,0.6382437784188139,0.6038067485372002,0.35220076233720055,0.5728550351399408,0.35855608037704534,0.4085806483156505,BASELINE,false,false,REUSED_P1
S_ADAPT,-1,20,4,motorcycle,95,66,145,25,0.2631578947368421,25,0.1724137931034483,0.2631578947368421,0.20833333333333334,0.0807980975570096,0.18069203937637068,0.07056914470173158,0.13473684210526318,BASELINE,false,false,REUSED_P1
S_ADAPT,-1,20,5,bus,350,258,880,194,0.5542857142857143,194,0.22045454545454546,0.5542857142857143,0.3154471544715447,0.2852609126574515,0.354163685561318,0.32853348249016473,0.45285714285714285,BASELINE,false,false,REUSED_P1
S_ADAPT,-1,20,6,train,6,5,124,0,0,0,0,0,0,0,0,0,0,BASELINE,false,false,REUSED_P1
S_ADAPT,-1,20,7,truck,889,540,4644,552,0.6209223847019123,552,0.11886304909560723,0.6209223847019123,0.19953009217422735,0.22376062387149032,0.3020885480004226,0.25092048524294686,0.4697412823397076,BASELINE,false,false,REUSED_P1
S_ADAPT,-1,20,8,traffic light,5158,1123,7444,2259,0.43796044978673904,2258,0.3033315421816228,0.4377665761923226,0.35835581653705767,0.08864146207099981,0.2573798435439109,0.04529025722875348,0.18214424195424583,BASELINE,false,false,REUSED_P1
S_ADAPT,-1,30,1,person,2771,631,5980,1815,0.6549981955972574,1814,0.30334448160535116,0.6546373150487189,0.4145811907210605,0.2730921410641784,0.5267491838368978,0.24319397762109762,0.3640923854204258,BASELINE,false,false,REUSED_P1
S_ADAPT,-1,30,2,bicycle,244,125,335,90,0.36885245901639346,86,0.25671641791044775,0.3524590163934426,0.2970639032815198,0.10775569275285009,0.24016814404054593,0.08395260339376914,0.18729508196721312,BASELINE,false,false,REUSED_P1
S_ADAPT,-1,30,3,car,20453,1988,31687,14203,0.6944213562802523,14175,0.44734433679426894,0.6930523639563878,0.5437284234752588,0.3627891918964407,0.6033783700522719,0.3655132603317634,0.432767809123356,BASELINE,false,false,REUSED_P1
S_ADAPT,-1,30,4,motorcycle,95,66,259,28,0.29473684210526313,28,0.10810810810810811,0.29473684210526313,0.1581920903954802,0.08384070612784185,0.18608210809718378,0.07297289629776521,0.16105263157894736,BASELINE,false,false,REUSED_P1
S_ADAPT,-1,30,5,bus,350,258,1393,219,0.6257142857142857,219,0.15721464465183058,0.6257142857142857,0.2512908777969019,0.2935259677664421,0.3676863628003364,0.33691672453250526,0.4997142857142857,BASELINE,false,false,REUSED_P1
S_ADAPT,-1,30,6,train,6,5,209,0,0,0,0,0,0,0,0,0,0,BASELINE,false,false,REUSED_P1
S_ADAPT,-1,30,7,truck,889,540,7440,627,0.7052868391451068,627,0.0842741935483871,0.7052868391451068,0.1505582903109617,0.22788507859736168,0.30988213653462165,0.25492472945529604,0.5186726659167604,BASELINE,false,false,REUSED_P1
S_ADAPT,-1,30,8,traffic light,5158,1123,12697,2648,0.5133772780147344,2647,0.20847444278175947,0.513183404420318,0.29649957994959397,0.09405758848139985,0.27781734835290617,0.046765221024302854,0.21043039937960453,BASELINE,false,false,REUSED_P1
S_ADAPT,-1,40,1,person,2771,631,8134,1857,0.6701551786358715,1856,0.2281780181952299,0.669794298087333,0.3403943145346171,0.27464447749944493,0.5296323598860704,0.24318976309224716,0.3709130277878023,BASELINE,false,false,REUSED_P1
S_ADAPT,-1,40,2,bicycle,244,125,449,95,0.38934426229508196,91,0.2026726057906459,0.3729508196721312,0.2626262626262627,0.10977220917343866,0.24477636035886838,0.08496056215672504,0.2,BASELINE,false,false,REUSED_P1
S_ADAPT,-1,40,3,car,20453,1988,40792,14848,0.7259570723121302,14822,0.36335555991370855,0.7246858651542561,0.48402318556616875,0.3671653695593534,0.6153806559300101,0.36809067365693304,0.4461839338972278,BASELINE,false,false,REUSED_P1
S_ADAPT,-1,40,4,motorcycle,95,66,399,31,0.3263157894736842,31,0.07769423558897243,0.3263157894736842,0.12550607287449392,0.08527331997490571,0.1893489748532127,0.0736498870737659,0.17789473684210527,BASELINE,false,false,REUSED_P1
S_ADAPT,-1,40,5,bus,350,258,1926,228,0.6514285714285715,228,0.11838006230529595,0.6514285714285715,0.20035149384885764,0.29585764070877385,0.37175580272595343,0.3391778032729315,0.518,BASELINE,false,false,REUSED_P1
S_ADAPT,-1,40,6,train,6,5,366,0,0,0,0,0,0,0,0,0,0,BASELINE,false,false,REUSED_P1
S_ADAPT,-1,40,7,truck,889,540,10093,659,0.7412823397075365,659,0.06529277717229763,0.7412823397075365,0.12001456929521034,0.22959476691506542,0.3127561813557412,0.25668697581492006,0.5448818897637795,BASELINE,false,false,REUSED_P1
S_ADAPT,-1,40,8,traffic light,5158,1123,17841,2809,0.5445909267157814,2807,0.1573342301440502,0.5442031795269484,0.2440975694595417,0.09541941380146318,0.2832995999216473,0.047251058738910674,0.22219852656068242,BASELINE,false,false,REUSED_P1
LEARN_CLASS50,530101,10,1,person,2771,631,2155,1455,0.5250811981234211,1455,0.6751740139211136,0.5250811981234211,0.5907429963459196,0.2497265957677511,0.46535929943355175,0.22945677889508803,0.30393359797906894,M10,true,false,NEW_P1A
LEARN_CLASS50,530101,10,2,bicycle,244,125,91,51,0.20901639344262296,51,0.5604395604395604,0.20901639344262296,0.3044776119402985,0.08800891760093595,0.1806297768110211,0.07514089949972093,0.11680327868852458,M10,true,false,NEW_P1A
LEARN_CLASS50,530101,10,3,car,20453,1988,13009,10525,0.5145944360240552,10519,0.808594050272888,0.5143010805260841,0.6287131671747057,0.31754929715832014,0.49035450677586456,0.33881077245147284,0.3512980980785215,M10,true,false,NEW_P1A
LEARN_CLASS50,530101,10,4,motorcycle,95,66,39,17,0.17894736842105263,17,0.4358974358974359,0.17894736842105263,0.2537313432835821,0.07096808221936252,0.15114060856635114,0.06481848184818483,0.08736842105263158,M10,true,false,NEW_P1A
LEARN_CLASS50,530101,10,5,bus,350,258,405,153,0.43714285714285717,153,0.37777777777777777,0.43714285714285717,0.4052980132450331,0.26291136937345466,0.3216957236852802,0.29920842132681763,0.36314285714285716,M10,true,false,NEW_P1A
LEARN_CLASS50,530101,10,6,train,6,5,66,0,0,0,0,0,0,0,0,0,0,M10,true,false,NEW_P1A
LEARN_CLASS50,530101,10,7,truck,889,540,1310,420,0.47244094488188976,420,0.32061068702290074,0.47244094488188976,0.38199181446111874,0.21132573470195415,0.28310944566072926,0.23832913670286762,0.369066366704162,M10,true,false,NEW_P1A
LEARN_CLASS50,530101,10,8,traffic light,5158,1123,2925,1494,0.28964715005816205,1494,0.5107692307692308,0.28964715005816205,0.36966472844241,0.07290268804776519,0.19995083136222663,0.04163903071555968,0.12644435827840245,M10,true,false,NEW_P1A
LEARN_CLASS50,530101,15,1,person,2771,631,3246,1661,0.5994225911223385,1660,0.5113986444855206,0.5990617105738001,0.5517699850423798,0.265751757288627,0.5051199795810959,0.23914870182488757,0.3390111872970047,M10,true,false,NEW_P1A
LEARN_CLASS50,530101,15,2,bicycle,244,125,177,71,0.29098360655737704,69,0.3898305084745763,0.2827868852459016,0.327790973871734,0.09708049492560666,0.2178868165967805,0.07849039576395177,0.1426229508196721,M10,true,false,NEW_P1A
LEARN_CLASS50,530101,15,3,car,20453,1988,17841,12260,0.5994230675206571,12246,0.6863965024382042,0.5987385713587249,0.6395780017757351,0.3425577890559644,0.5492617429693797,0.35436636900615975,0.39000635603578937,M10,true,false,NEW_P1A
LEARN_CLASS50,530101,15,4,motorcycle,95,66,73,23,0.24210526315789474,23,0.3150684931506849,0.24210526315789474,0.2738095238095238,0.07953464800700964,0.18226106531665737,0.06794871794871796,0.11578947368421053,M10,true,false,NEW_P1A
LEARN_CLASS50,530101,15,5,bus,350,258,692,184,0.5257142857142857,184,0.2658959537572254,0.5257142857142857,0.3531669865642994,0.280171756450806,0.3486411711398508,0.3228476919411396,0.4248571428571428,M10,true,false,NEW_P1A
LEARN_CLASS50,530101,15,6,train,6,5,78,0,0,0,0,0,0,0,0,0,0,M10,true,false,NEW_P1A
LEARN_CLASS50,530101,15,7,truck,889,540,2626,509,0.5725534308211474,509,0.19383092155369383,0.5725534308211474,0.2896159317211949,0.22211214182076558,0.29991218618134224,0.2501971135665266,0.4368953880764904,M10,true,false,NEW_P1A
LEARN_CLASS50,530101,15,8,traffic light,5158,1123,5267,2057,0.39879798371461805,2057,0.3905449022213784,0.39879798371461805,0.3946282973621103,0.08617989284034902,0.2468426822844461,0.04572587143219155,0.16899961225281118,M10,true,false,NEW_P1A
LEARN_CLASS50,530101,20,1,person,2771,631,4273,1755,0.6333453626849512,1754,0.4104844371635853,0.6329844821364129,0.49801249290176036,0.27102244825552757,0.5217120238814085,0.24147380828486995,0.3536629375676651,M10,true,false,NEW_P1A
LEARN_CLASS50,530101,20,2,bicycle,244,125,240,81,0.3319672131147541,77,0.32083333333333336,0.3155737704918033,0.3181818181818182,0.1034698780549935,0.22868895132530997,0.07966135424943191,0.16475409836065574,M10,true,false,NEW_P1A
LEARN_CLASS50,530101,20,3,car,20453,1988,22345,13186,0.6446975993741749,13166,0.5892145893936004,0.6437197477142718,0.6152623954390393,0.35322998235102576,0.5800147415136119,0.3587285368211868,0.41005720432210435,M10,true,false,NEW_P1A
LEARN_CLASS50,530101,20,4,motorcycle,95,66,131,25,0.2631578947368421,25,0.19083969465648856,0.2631578947368421,0.22123893805309733,0.08165919596987681,0.18244105690363852,0.07078098255721543,0.13684210526315793,M10,true,false,NEW_P1A
LEARN_CLASS50,530101,20,5,bus,350,258,944,201,0.5742857142857143,201,0.2129237288135593,0.5742857142857143,0.3106646058732612,0.2865747425991953,0.3596272579434802,0.32689676872449286,0.45685714285714285,M10,true,false,NEW_P1A
LEARN_CLASS50,530101,20,6,train,6,5,91,0,0,0,0,0,0,0,0,0,0,M10,true,false,NEW_P1A
LEARN_CLASS50,530101,20,7,truck,889,540,4187,567,0.6377952755905512,567,0.13541915452591355,0.6377952755905512,0.22340425531914893,0.22569801653666882,0.30549168149600897,0.2529113206391469,0.4777277840269966,M10,true,false,NEW_P1A
LEARN_CLASS50,530101,20,8,traffic light,5158,1123,7789,2373,0.46006203955021324,2373,0.3046604185389652,0.46006203955021324,0.366571406503437,0.0911453491180787,0.267992822169463,0.04633655379519138,0.1920511826289259,M10,true,false,NEW_P1A
LEARN_CLASS50,530101,30,1,person,2771,631,6152,1838,0.6632984482136413,1837,0.29860208062418725,0.6629375676651028,0.4117449288355934,0.2746753097527046,0.53044107532151,0.24314327957968154,0.3677011909058102,M10,true,false,NEW_P1A
LEARN_CLASS50,530101,30,2,bicycle,244,125,367,91,0.3729508196721312,87,0.23705722070844687,0.35655737704918034,0.2847790507364975,0.10838110137605082,0.23908378651492884,0.08416204006500427,0.1930327868852459,M10,true,false,NEW_P1A
LEARN_CLASS50,530101,30,3,car,20453,1988,31595,14348,0.7015107808145504,14321,0.45326792213957906,0.7001906810736811,0.5502997233323087,0.36351223105834496,0.6087155761342209,0.36554006545217493,0.43474306947636043,M10,true,false,NEW_P1A
LEARN_CLASS50,530101,30,4,motorcycle,95,66,246,28,0.29473684210526313,28,0.11382113821138211,0.29473684210526313,0.16422287390029325,0.08364655860529832,0.18617692512696107,0.07302465675682113,0.15894736842105264,M10,true,false,NEW_P1A
LEARN_CLASS50,530101,30,5,bus,350,258,1454,222,0.6342857142857142,222,0.15268225584594222,0.6342857142857142,0.24611973392461195,0.29463251073346225,0.36969363097366287,0.3372218591902,0.5057142857142858,M10,true,false,NEW_P1A
LEARN_CLASS50,530101,30,6,train,6,5,148,0,0,0,0,0,0,0,0,0,0,M10,true,false,NEW_P1A
LEARN_CLASS50,530101,30,7,truck,889,540,7184,638,0.7176602924634421,638,0.08880846325167038,0.7176602924634421,0.15805772327511458,0.22884003613454762,0.3114865621452864,0.25515611815122907,0.5257592800899887,M10,true,false,NEW_P1A
LEARN_CLASS50,530101,30,8,traffic light,5158,1123,12854,2690,0.5215199689802249,2689,0.20919558114205694,0.5213260953858084,0.2985787252942483,0.09456574444260614,0.2805895959679708,0.04683271757491784,0.21413338503295853,M10,true,false,NEW_P1A
LEARN_CLASS50,530101,40,1,person,2771,631,8273,1861,0.6715987008300253,1860,0.22482775293122204,0.6712378202814868,0.33683448026077506,0.2751455102247568,0.5320892666322609,0.2432065998728704,0.37174305304944066,M10,true,false,NEW_P1A
LEARN_CLASS50,530101,40,2,bicycle,244,125,479,97,0.3975409836065574,93,0.1941544885177453,0.38114754098360654,0.2572614107883818,0.10997951440372089,0.24681139818536346,0.084966035065825,0.2012295081967213,M10,true,false,NEW_P1A
LEARN_CLASS50,530101,40,3,car,20453,1988,40768,14953,0.731090793526622,14926,0.36612048665620095,0.7297706937857527,0.487610460462913,0.36795051977466353,0.6157156253934808,0.36813673831849497,0.4476507113870826,M10,true,false,NEW_P1A
LEARN_CLASS50,530101,40,4,motorcycle,95,66,382,31,0.3263157894736842,31,0.08115183246073299,0.3263157894736842,0.129979035639413,0.08531600829772905,0.18944039319968556,0.07366689149824364,0.17789473684210527,M10,true,false,NEW_P1A
LEARN_CLASS50,530101,40,5,bus,350,258,1991,231,0.66,231,0.11602209944751381,0.66,0.19735155916275093,0.29640443456352467,0.3731259105059735,0.34038704345060555,0.5225714285714286,M10,true,false,NEW_P1A
LEARN_CLASS50,530101,40,6,train,6,5,362,0,0,0,0,0,0,0,0,0,0,M10,true,false,NEW_P1A
LEARN_CLASS50,530101,40,7,truck,889,540,9953,667,0.750281214848144,667,0.06701497036069527,0.750281214848144,0.12304002951484967,0.230017941149454,0.31364994191430956,0.2567906358070599,0.5489313835770528,M10,true,false,NEW_P1A
LEARN_CLASS50,530101,40,8,traffic light,5158,1123,17792,2828,0.5482745250096936,2827,0.1588916366906475,0.5480806514152773,0.24636165577342045,0.09561562811255521,0.28352806109421846,0.047265028123023876,0.2239433889104304,M10,true,false,NEW_P1A
LEARN_CLASS50,530102,10,1,person,2771,631,2114,1443,0.5207506315409599,1443,0.6825922421948912,0.5207506315409599,0.5907881269191402,0.24875575844856707,0.465581662549513,0.22962586728245796,0.3026705160591844,M10,true,false,NEW_P1A
LEARN_CLASS50,530102,10,2,bicycle,244,125,94,53,0.21721311475409835,53,0.5638297872340425,0.21721311475409835,0.3136094674556213,0.08839230253522733,0.18636649506115935,0.07485289737764986,0.1180327868852459,M10,true,false,NEW_P1A
LEARN_CLASS50,530102,10,3,car,20453,1988,13019,10537,0.5151811470199971,10532,0.8089715031876488,0.5149366841050212,0.629302103250478,0.3184018478534266,0.4904627338312041,0.33890495862668657,0.3520021512736518,M10,true,false,NEW_P1A
LEARN_CLASS50,530102,10,4,motorcycle,95,66,41,17,0.17894736842105263,17,0.4146341463414634,0.17894736842105263,0.24999999999999994,0.07086104448856242,0.15088065979155088,0.06481848184818483,0.08736842105263158,M10,true,false,NEW_P1A
LEARN_CLASS50,530102,10,5,bus,350,258,436,159,0.4542857142857143,159,0.3646788990825688,0.4542857142857143,0.40458015267175573,0.26774567809670136,0.329791080190013,0.3069564095416261,0.37657142857142856,M10,true,false,NEW_P1A
LEARN_CLASS50,530102,10,6,train,6,5,66,0,0,0,0,0,0,0,0,0,0,M10,true,false,NEW_P1A
LEARN_CLASS50,530102,10,7,truck,889,540,1383,433,0.4870641169853768,433,0.31308749096167754,0.4870641169853768,0.381161971830986,0.21411693127078285,0.2860631985251652,0.24054025018861766,0.3793025871766029,M10,true,false,NEW_P1A
LEARN_CLASS50,530102,10,8,traffic light,5158,1123,2847,1449,0.2809228383094223,1449,0.5089567966280295,0.2809228383094223,0.3620237351655216,0.07202833543094257,0.1995467910624682,0.04168986383596387,0.12291585886002325,M10,true,false,NEW_P1A
LEARN_CLASS50,530102,15,1,person,2771,631,3166,1657,0.5979790689281848,1656,0.5230574857864814,0.5976181883796463,0.5578575037897928,0.26543882157325843,0.5051737817667827,0.23919220514434594,0.3379646337062433,M10,true,false,NEW_P1A
LEARN_CLASS50,530102,15,2,bicycle,244,125,182,70,0.28688524590163933,68,0.37362637362637363,0.2786885245901639,0.3192488262910798,0.09683067648389972,0.21413424063800174,0.07825946983233589,0.1426229508196721,M10,true,false,NEW_P1A
LEARN_CLASS50,530102,15,3,car,20453,1988,17900,12285,0.6006453820955361,12273,0.6856424581005587,0.6000586710995942,0.6400020858863714,0.3432522585369539,0.5560520651608284,0.35443906823331356,0.3908962010463013,M10,true,false,NEW_P1A
LEARN_CLASS50,530102,15,4,motorcycle,95,66,78,21,0.22105263157894736,21,0.2692307692307692,0.22105263157894736,0.24277456647398846,0.07490694065481901,0.1717471860308203,0.06593587930221594,0.10315789473684212,M10,true,false,NEW_P1A
LEARN_CLASS50,530102,15,5,bus,350,258,728,186,0.5314285714285715,186,0.2554945054945055,0.5314285714285715,0.34508348794063076,0.28129095586867503,0.35103055919504733,0.3227242253007911,0.4291428571428571,M10,true,false,NEW_P1A
LEARN_CLASS50,530102,15,6,train,6,5,80,0,0,0,0,0,0,0,0,0,0,M10,true,false,NEW_P1A
LEARN_CLASS50,530102,15,7,truck,889,540,2761,515,0.5793025871766029,515,0.186526620789569,0.5793025871766029,0.28219178082191776,0.22155004504901438,0.29842223247279004,0.2491034556037626,0.44049493813273344,M10,true,false,NEW_P1A
LEARN_CLASS50,530102,15,8,traffic light,5158,1123,5105,2021,0.3918185343156262,2021,0.3958863858961802,0.3918185343156262,0.3938419565429212,0.08583859828008826,0.24680532281010692,0.04447982992580598,0.16605273361768128,M10,true,false,NEW_P1A
LEARN_CLASS50,530102,20,1,person,2771,631,4171,1747,0.6304583182966438,1746,0.4186046511627907,0.6300974377481053,0.5030250648228176,0.27070848001910935,0.5217405529890504,0.24162639944484537,0.35315770479971126,M10,true,false,NEW_P1A
LEARN_CLASS50,530102,20,2,bicycle,244,125,250,81,0.3319672131147541,77,0.308,0.3155737704918033,0.3117408906882591,0.10377422769612607,0.22878676859484498,0.0813402171366879,0.1680327868852459,M10,true,false,NEW_P1A
LEARN_CLASS50,530102,20,3,car,20453,1988,22433,13222,0.6464577323620007,13198,0.5883296928631926,0.6452843103701168,0.6154922352282796,0.3540079919217002,0.5798897224054417,0.3625130845903489,0.41099105265731195,M10,true,false,NEW_P1A
LEARN_CLASS50,530102,20,4,motorcycle,95,66,142,24,0.25263157894736843,24,0.16901408450704225,0.25263157894736843,0.20253164556962025,0.08044732321800313,0.17875706143696554,0.07056248034197692,0.1336842105263158,M10,true,false,NEW_P1A
LEARN_CLASS50,530102,20,5,bus,350,258,977,206,0.5885714285714285,206,0.21084953940634596,0.5885714285714285,0.3104747550866616,0.28926210935933744,0.36161388085111645,0.33107562412128416,0.4702857142857143,M10,true,false,NEW_P1A
LEARN_CLASS50,530102,20,6,train,6,5,99,0,0,0,0,0,0,0,0,0,0,M10,true,false,NEW_P1A
LEARN_CLASS50,530102,20,7,truck,889,540,4344,574,0.6456692913385826,574,0.13213627992633517,0.6456692913385826,0.2193770303841009,0.22598443314177175,0.30649976020180725,0.2529000530066851,0.4815523059617548,M10,true,false,NEW_P1A
LEARN_CLASS50,530102,20,8,traffic light,5158,1123,7584,2336,0.45288871655680496,2336,0.3080168776371308,0.45288871655680496,0.3666614346256475,0.09077113890996182,0.2646069354553927,0.04630151145634662,0.18912369135323764,M10,true,false,NEW_P1A
LEARN_CLASS50,530102,30,1,person,2771,631,6023,1836,0.6625766871165644,1835,0.3046654491117383,0.662215806568026,0.4173299977257221,0.274736142282443,0.5304445741186143,0.24327495237558497,0.36759292674124866,M10,true,false,NEW_P1A
LEARN_CLASS50,530102,30,2,bicycle,244,125,364,93,0.38114754098360654,89,0.2445054945054945,0.36475409836065575,0.29276315789473684,0.10871560711181633,0.24296206016713598,0.08411438886383617,0.19385245901639342,M10,true,false,NEW_P1A
LEARN_CLASS50,530102,30,3,car,20453,1988,31844,14391,0.7036131618833423,14366,0.4511367918603191,0.7023908473084634,0.5494005392278717,0.3634878165099492,0.60866438988315,0.3655705191690383,0.43558891116217674,M10,true,false,NEW_P1A
LEARN_CLASS50,530102,30,4,motorcycle,95,66,238,29,0.30526315789473685,29,0.12184873949579832,0.30526315789473685,0.17417417417417416,0.08420957354572127,0.18768112585244212,0.07308247974686738,0.1631578947368421,M10,true,false,NEW_P1A
LEARN_CLASS50,530102,30,5,bus,350,258,1497,222,0.6342857142857142,222,0.14829659318637275,0.6342857142857142,0.24038982133188955,0.2945803211482515,0.3696055621442377,0.3371676855349356,0.5062857142857143,M10,true,false,NEW_P1A
LEARN_CLASS50,530102,30,6,train,6,5,181,0,0,0,0,0,0,0,0,0,0,M10,true,false,NEW_P1A
LEARN_CLASS50,530102,30,7,truck,889,540,7235,639,0.718785151856018,639,0.08832066344160332,0.718785151856018,0.15731166912850814,0.22875588218132234,0.3113275129294996,0.25512098588990256,0.5269966254218222,M10,true,false,NEW_P1A
LEARN_CLASS50,530102,30,8,traffic light,5158,1123,12618,2687,0.5209383481969756,2686,0.21287050245680775,0.5207444746025591,0.30220522052205223,0.09458233277143191,0.28069429566379095,0.046825923052837864,0.2138619620007755,M10,true,false,NEW_P1A
LEARN_CLASS50,530102,40,1,person,2771,631,8090,1859,0.6708769397329484,1858,0.22966625463535228,0.6705160591844099,0.3421416075867784,0.2749390079158459,0.5321359022758009,0.2432065998728704,0.3713099963911945,M10,true,false,NEW_P1A
LEARN_CLASS50,530102,40,2,bicycle,244,125,471,97,0.3975409836065574,93,0.19745222929936307,0.38114754098360654,0.2601398601398601,0.11001618297604056,0.2469078772415719,0.084995241421047,0.2012295081967213,M10,true,false,NEW_P1A
LEARN_CLASS50,530102,40,3,car,20453,1988,40947,14962,0.7315308267735785,14934,0.364715363762913,0.7301618344497139,0.48644951140065135,0.3682864385950046,0.6193024476182327,0.3681231757769862,0.4476653791619811,M10,true,false,NEW_P1A
LEARN_CLASS50,530102,40,4,motorcycle,95,66,382,31,0.3263157894736842,31,0.08115183246073299,0.3263157894736842,0.129979035639413,0.08529430937521626,0.18940556605154785,0.0736498870737659,0.17789473684210527,M10,true,false,NEW_P1A
LEARN_CLASS50,530102,40,5,bus,350,258,2036,232,0.6628571428571428,232,0.11394891944990176,0.6628571428571428,0.19446772841575857,0.29638011011972004,0.3731217418385974,0.3392046240433315,0.5228571428571429,M10,true,false,NEW_P1A
LEARN_CLASS50,530102,40,6,train,6,5,397,0,0,0,0,0,0,0,0,0,0,M10,true,false,NEW_P1A
LEARN_CLASS50,530102,40,7,truck,889,540,9995,670,0.7536557930258717,670,0.0670335167583792,0.7536557930258717,0.12311650128629181,0.23009272471972536,0.31361696845302606,0.256730405349386,0.5512935883014622,M10,true,false,NEW_P1A
LEARN_CLASS50,530102,40,8,traffic light,5158,1123,17682,2819,0.5465296626599457,2818,0.1593711118651736,0.5463357890655293,0.2467600700525394,0.09544826842158068,0.28341599916985777,0.04723858445513825,0.22293524621946492,M10,true,false,NEW_P1A
LEARN_CLASS50,530103,10,1,person,2771,631,2101,1436,0.5182244677011909,1436,0.6834840552118039,0.5182244677011909,0.5894909688013137,0.24727854116158496,0.4585447893379074,0.22938055591749626,0.3008300252616384,M10,true,false,NEW_P1A
LEARN_CLASS50,530103,10,2,bicycle,244,125,97,52,0.21311475409836064,52,0.5360824742268041,0.21311475409836064,0.3049853372434017,0.08888308718554493,0.1857367446896414,0.07475998268077476,0.1180327868852459,M10,true,false,NEW_P1A
LEARN_CLASS50,530103,10,3,car,20453,1988,13058,10533,0.5149855766880165,10528,0.8062490427324246,0.5147411137730407,0.6283309957924265,0.3175498773476934,0.4903408798648891,0.33879224204754255,0.3516256783845891,M10,true,false,NEW_P1A
LEARN_CLASS50,530103,10,4,motorcycle,95,66,40,18,0.18947368421052632,18,0.45,0.18947368421052632,0.26666666666666666,0.07153625381148537,0.16004655676485766,0.06471185580096471,0.08842105263157896,M10,true,false,NEW_P1A
LEARN_CLASS50,530103,10,5,bus,350,258,427,159,0.4542857142857143,159,0.37236533957845436,0.4542857142857143,0.4092664092664092,0.2691686449671183,0.3292048057073244,0.3107529008740908,0.37942857142857145,M10,true,false,NEW_P1A
LEARN_CLASS50,530103,10,6,train,6,5,67,0,0,0,0,0,0,0,0,0,0,M10,true,false,NEW_P1A
LEARN_CLASS50,530103,10,7,truck,889,540,1366,429,0.48256467941507314,429,0.3140556368960469,0.48256467941507314,0.3804878048780488,0.21311872220321743,0.2860628350950899,0.23812698205568802,0.3753655793025872,M10,true,false,NEW_P1A
LEARN_CLASS50,530103,10,8,traffic light,5158,1123,2844,1439,0.27898410236525784,1439,0.5059774964838256,0.27898410236525784,0.3596600849787553,0.07155042062351159,0.19429592604028553,0.04171922904212604,0.1227607599844901,M10,true,false,NEW_P1A
LEARN_CLASS50,530103,15,1,person,2771,631,3200,1657,0.5979790689281848,1656,0.5175,0.5976181883796463,0.5546809579634902,0.26590445040090105,0.5053530064689452,0.2393046448383987,0.33872248285817397,M10,true,false,NEW_P1A
LEARN_CLASS50,530103,15,2,bicycle,244,125,190,74,0.30327868852459017,70,0.3684210526315789,0.28688524590163933,0.3225806451612903,0.09883148896399853,0.21769628289404727,0.0783416334228197,0.14877049180327867,M10,true,false,NEW_P1A
LEARN_CLASS50,530103,15,3,car,20453,1988,17937,12305,0.6016232337554392,12290,0.6851758934046942,0.6008898450105119,0.640270903881219,0.3432362642430922,0.5560874794936385,0.3544103679381368,0.3908668654965042,M10,true,false,NEW_P1A
LEARN_CLASS50,530103,15,4,motorcycle,95,66,79,23,0.24210526315789474,23,0.2911392405063291,0.24210526315789474,0.26436781609195403,0.07846019931762481,0.1792391151002069,0.06759417321042449,0.11578947368421053,M10,true,false,NEW_P1A
LEARN_CLASS50,530103,15,5,bus,350,258,701,185,0.5285714285714286,185,0.26390870185449355,0.5285714285714286,0.35204567078972404,0.2806492121537432,0.34899050588693203,0.32317214666225347,0.4274285714285714,M10,true,false,NEW_P1A
LEARN_CLASS50,530103,15,6,train,6,5,79,0,0,0,0,0,0,0,0,0,0,M10,true,false,NEW_P1A
LEARN_CLASS50,530103,15,7,truck,889,540,2707,515,0.5793025871766029,515,0.1902475064647211,0.5793025871766029,0.2864293659621802,0.22298184714560118,0.299571334188541,0.24997735035946328,0.4427446569178852,M10,true,false,NEW_P1A
LEARN_CLASS50,530103,15,8,traffic light,5158,1123,5107,2023,0.3922062815044591,2023,0.3961229684746426,0.3922062815044591,0.394154895275207,0.08597479318278063,0.24683401801195085,0.04572668819529882,0.16644048080651414,M10,true,false,NEW_P1A
LEARN_CLASS50,530103,20,1,person,2771,631,4209,1753,0.6326236015878745,1752,0.41625089094796863,0.632262721039336,0.5020057306590258,0.27116197386576757,0.5220156540083725,0.24161129487891184,0.35377120173222665,M10,true,false,NEW_P1A
LEARN_CLASS50,530103,20,2,bicycle,244,125,253,82,0.3360655737704918,78,0.308300395256917,0.319672131147541,0.31388329979879276,0.10432258653283227,0.22851276439711388,0.08118351722521866,0.16967213114754098,M10,true,false,NEW_P1A
LEARN_CLASS50,530103,20,3,car,20453,1988,22459,13226,0.6466533026939814,13201,0.5877821808629058,0.6454309881191024,0.6152591349739002,0.35366057337676005,0.5799817134374333,0.3587359409245786,0.41093727081601716,M10,true,false,NEW_P1A
LEARN_CLASS50,530103,20,4,motorcycle,95,66,142,24,0.25263157894736843,24,0.16901408450704225,0.25263157894736843,0.20253164556962025,0.07982704544442891,0.178576841671038,0.06921051143256945,0.13052631578947368,M10,true,false,NEW_P1A
LEARN_CLASS50,530103,20,5,bus,350,258,967,203,0.58,203,0.20992761116856257,0.58,0.3082763857251329,0.2876089551196013,0.36147588957154403,0.32878841803406855,0.4631428571428572,M10,true,false,NEW_P1A
LEARN_CLASS50,530103,20,6,train,6,5,93,0,0,0,0,0,0,0,0,0,0,M10,true,false,NEW_P1A
LEARN_CLASS50,530103,20,7,truck,889,540,4299,576,0.6479190101237345,576,0.13398464759246337,0.6479190101237345,0.22205088666152661,0.22585793785530914,0.3064465503180577,0.25259974807423713,0.4834645669291338,M10,true,false,NEW_P1A
LEARN_CLASS50,530103,20,8,traffic light,5158,1123,7578,2358,0.45715393563396667,2358,0.31116389548693585,0.45715393563396667,0.3702889447236181,0.09092429309571766,0.2652312307625305,0.04632079291789776,0.19053896859247768,M10,true,false,NEW_P1A
LEARN_CLASS50,530103,30,1,person,2771,631,6098,1838,0.6632984482136413,1837,0.3012463102656609,0.6629375676651028,0.4142518886007442,0.2746765981152298,0.53037097138164,0.24317140517466818,0.36759292674124866,M10,true,false,NEW_P1A
LEARN_CLASS50,530103,30,2,bicycle,244,125,391,93,0.38114754098360654,89,0.22762148337595908,0.36475409836065575,0.28031496062992123,0.10864455256866588,0.24285923785193106,0.08401463986112484,0.1918032786885246,M10,true,false,NEW_P1A
LEARN_CLASS50,530103,30,3,car,20453,1988,31798,14383,0.703222021219381,14355,0.45144348701176173,0.7018530288955166,0.5494631681690303,0.3639375200305735,0.6087833047562191,0.3655937785965267,0.4356818070698675,M10,true,false,NEW_P1A
LEARN_CLASS50,530103,30,4,motorcycle,95,66,255,29,0.30526315789473685,29,0.11372549019607843,0.30526315789473685,0.1657142857142857,0.08402366965441196,0.1872572403188552,0.07298154408166477,0.1631578947368421,M10,true,false,NEW_P1A
LEARN_CLASS50,530103,30,5,bus,350,258,1459,224,0.64,224,0.15352981494174092,0.64,0.2476506357103372,0.2950761453794343,0.3713722658880669,0.337295047025374,0.508,M10,true,false,NEW_P1A
LEARN_CLASS50,530103,30,6,train,6,5,179,0,0,0,0,0,0,0,0,0,0,M10,true,false,NEW_P1A
LEARN_CLASS50,530103,30,7,truck,889,540,7210,642,0.7221597300337458,642,0.08904299583911235,0.7221597300337458,0.1585380911223608,0.22925157620389666,0.31239865377347087,0.2559472557576919,0.5293588301462318,M10,true,false,NEW_P1A
LEARN_CLASS50,530103,30,8,traffic light,5158,1123,12610,2692,0.5219077161690577,2691,0.2134020618556701,0.5217138425746414,0.3029040972534894,0.09458640261857329,0.28067934662365723,0.04683518432184147,0.21382318728189217,M10,true,false,NEW_P1A
LEARN_CLASS50,530103,40,1,person,2771,631,8218,1859,0.6708769397329484,1858,0.2260890727670966,0.6705160591844099,0.33815633815633817,0.27512784529618656,0.5319600275925789,0.2432050720192845,0.3715987008300253,M10,true,false,NEW_P1A
LEARN_CLASS50,530103,40,2,bicycle,244,125,484,97,0.3975409836065574,93,0.1921487603305785,0.38114754098360654,0.2554945054945055,0.10998836497879415,0.24682603035768425,0.08497408879781959,0.2012295081967213,M10,true,false,NEW_P1A
LEARN_CLASS50,530103,40,3,car,20453,1988,40920,14976,0.7322153229355107,14948,0.36529814271749755,0.7308463306116462,0.4871197432095547,0.36830822817970427,0.6193844018637173,0.36809997431830643,0.4478805065271598,M10,true,false,NEW_P1A
LEARN_CLASS50,530103,40,4,motorcycle,95,66,380,31,0.3263157894736842,31,0.08157894736842106,0.3263157894736842,0.13052631578947368,0.085310152514437,0.18944256401846035,0.07365279261357704,0.17789473684210527,M10,true,false,NEW_P1A
LEARN_CLASS50,530103,40,5,bus,350,258,2005,230,0.6571428571428571,230,0.11471321695760599,0.6571428571428571,0.19532908704883228,0.2961604626041266,0.37184995763173273,0.33930344271211305,0.5217142857142857,M10,true,false,NEW_P1A
LEARN_CLASS50,530103,40,6,train,6,5,380,0,0,0,0,0,0,0,0,0,0,M10,true,false,NEW_P1A
LEARN_CLASS50,530103,40,7,truck,889,540,10044,671,0.7547806524184477,671,0.06680605336519314,0.7547806524184477,0.12274764474526662,0.23023023274977455,0.3135733707479794,0.25731910297096006,0.553543307086614,M10,true,false,NEW_P1A
LEARN_CLASS50,530103,40,8,traffic light,5158,1123,17569,2827,0.5480806514152773,2826,0.16085149980078547,0.5478867778208608,0.24869098429181152,0.09561525095878298,0.2835191427591068,0.04726524271540367,0.22369135323768902,M10,true,false,NEW_P1A
S_CLASS_ADAPT,-1,10,1,person,2771,631,2374,1458,0.5261638397690365,1457,0.6137320977253581,0.525802959220498,0.5663751214771623,0.24943115862752846,0.46309246573550333,0.2291095487628592,0.30617105738000727,S_CLASS,true,false,NEW_P1B
S_CLASS_ADAPT,-1,10,2,bicycle,244,125,153,63,0.2581967213114754,60,0.39215686274509803,0.2459016393442623,0.3022670025188917,0.09334914949962231,0.20010221197879371,0.07432324714818922,0.130327868852459,S_CLASS,true,false,NEW_P1B
S_CLASS_ADAPT,-1,10,3,car,20453,1988,11258,8955,0.4378330807216545,8954,0.7953455320660864,0.4377841881386594,0.5647251742297626,0.2847668923230372,0.4182278243077973,0.3093000216323249,0.3104776805358627,S_CLASS,true,false,NEW_P1B
S_CLASS_ADAPT,-1,10,4,motorcycle,95,66,88,23,0.24210526315789474,23,0.26136363636363635,0.24210526315789474,0.25136612021857924,0.07959526943603591,0.17863289099004537,0.06749174917491749,0.12,S_CLASS,true,false,NEW_P1B
S_CLASS_ADAPT,-1,10,5,bus,350,258,593,167,0.47714285714285715,167,0.28161888701517707,0.47714285714285715,0.35418875927889715,0.2725876985958125,0.333165211017323,0.31418914488218946,0.4,S_CLASS,true,false,NEW_P1B
S_CLASS_ADAPT,-1,10,6,train,6,5,98,0,0,0,0,0,0,0,0,0,0,S_CLASS,true,false,NEW_P1B
S_CLASS_ADAPT,-1,10,7,truck,889,540,2776,482,0.5421822272215973,482,0.17363112391930835,0.5421822272215973,0.26302864938608456,0.21661312181121867,0.29052840574020816,0.24303024626488032,0.4178852643419573,S_CLASS,true,false,NEW_P1B
S_CLASS_ADAPT,-1,10,8,traffic light,5158,1123,2660,1236,0.23962776269872044,1236,0.46466165413533833,0.23962776269872044,0.31619339984650807,0.06391457554914035,0.16919262196561982,0.03946407355834493,0.10587436991081811,S_CLASS,true,false,NEW_P1B
S_CLASS_ADAPT,-1,15,1,person,2771,631,3604,1653,0.5965355467340311,1652,0.4583795782463929,0.5961746661854926,0.5182745098039215,0.26442382886819255,0.5026753804448946,0.2389118154579722,0.33796463370624324,S_CLASS,true,false,NEW_P1B
S_CLASS_ADAPT,-1,15,2,bicycle,244,125,248,76,0.3114754098360656,72,0.2903225806451613,0.29508196721311475,0.2926829268292683,0.10204000509974873,0.22185348545694364,0.07985930715810058,0.15860655737704915,S_CLASS,true,false,NEW_P1B
S_CLASS_ADAPT,-1,15,3,car,20453,1988,15509,10951,0.5354226763799932,10941,0.7054613450254691,0.5349337505500416,0.608475613147211,0.32350339820021895,0.5023909621204936,0.34328643373224044,0.36171221825649047,S_CLASS,true,false,NEW_P1B
S_CLASS_ADAPT,-1,15,4,motorcycle,95,66,166,26,0.2736842105263158,26,0.1566265060240964,0.2736842105263158,0.19923371647509577,0.0820899600867986,0.18347540515741917,0.07167660384679954,0.14210526315789473,S_CLASS,true,false,NEW_P1B
S_CLASS_ADAPT,-1,15,5,bus,350,258,961,196,0.56,196,0.20395421436004163,0.56,0.29900839054157136,0.28668239887360814,0.35664103234481837,0.32909112359852966,0.45771428571428574,S_CLASS,true,false,NEW_P1B
S_CLASS_ADAPT,-1,15,6,train,6,5,168,0,0,0,0,0,0,0,0,0,0,S_CLASS,true,false,NEW_P1B
S_CLASS_ADAPT,-1,15,7,truck,889,540,4604,549,0.6175478065241845,549,0.11924413553431798,0.6175478065241845,0.19989077007099942,0.22343381180823052,0.30130295894075976,0.24999489334552638,0.4671541057367829,S_CLASS,true,false,NEW_P1B
S_CLASS_ADAPT,-1,15,8,traffic light,5158,1123,4740,1807,0.35032958511050794,1807,0.3812236286919831,0.35032958511050794,0.3651242675287937,0.07994758957632896,0.22764099283637776,0.04434371584621075,0.1492051182628926,S_CLASS,true,false,NEW_P1B
S_CLASS_ADAPT,-1,20,1,person,2771,631,4868,1759,0.634788884879105,1758,0.36113393590797044,0.6344280043305666,0.4602696688048174,0.27075513682230967,0.5201332368701764,0.24138803336415854,0.35449296282930354,S_CLASS,true,false,NEW_P1B
S_CLASS_ADAPT,-1,20,2,bicycle,244,125,338,84,0.3442622950819672,80,0.23668639053254437,0.32786885245901637,0.27491408934707895,0.10594972724822953,0.2303283404390889,0.0843223044333905,0.18155737704918035,S_CLASS,true,false,NEW_P1B
S_CLASS_ADAPT,-1,20,3,car,20453,1988,19567,12137,0.5934092798122524,12123,0.6195635508764757,0.5927247836503202,0.605847076461769,0.34030123520749667,0.5463384120116134,0.3538386299549632,0.3889551655013934,S_CLASS,true,false,NEW_P1B
S_CLASS_ADAPT,-1,20,4,motorcycle,95,66,244,27,0.28421052631578947,27,0.11065573770491803,0.28421052631578947,0.1592920353982301,0.08273297557505453,0.18420805094883347,0.0719739773235314,0.1526315789473684,S_CLASS,true,false,NEW_P1B
S_CLASS_ADAPT,-1,20,5,bus,350,258,1263,212,0.6057142857142858,212,0.16785431512272367,0.6057142857142858,0.2628642281463112,0.2914609819550456,0.36396244009100803,0.3340652025050375,0.4880000000000001,S_CLASS,true,false,NEW_P1B
S_CLASS_ADAPT,-1,20,6,train,6,5,257,0,0,0,0,0,0,0,0,0,0,S_CLASS,true,false,NEW_P1B
S_CLASS_ADAPT,-1,20,7,truck,889,540,6313,594,0.6681664791901012,594,0.09409155710438777,0.6681664791901012,0.1649541793946126,0.2267306366044413,0.30630859027708207,0.2544250576945862,0.5029246344206973,S_CLASS,true,false,NEW_P1B
S_CLASS_ADAPT,-1,20,8,traffic light,5158,1123,7150,2182,0.4230321830166731,2182,0.3051748251748252,0.4230321830166731,0.3545661358466039,0.08711886728981516,0.253600625743827,0.04535533600630154,0.17634742148119426,S_CLASS,true,false,NEW_P1B
S_CLASS_ADAPT,-1,30,1,person,2771,631,7179,1834,0.6618549260194876,1833,0.25532804011700794,0.6614940454709491,0.3684422110552764,0.2740532876605447,0.5293863153584651,0.24313623730560713,0.36690725369902566,S_CLASS,true,false,NEW_P1B
S_CLASS_ADAPT,-1,30,2,bicycle,244,125,448,96,0.39344262295081966,92,0.20535714285714285,0.3770491803278688,0.2658959537572254,0.10984193687573167,0.2449328835900899,0.08501780827428101,0.20081967213114754,S_CLASS,true,false,NEW_P1B
S_CLASS_ADAPT,-1,30,3,car,20453,1988,28350,13690,0.6693394612037354,13663,0.4819400352733686,0.6680193614628661,0.5599245947995001,0.35799889538504415,0.5888759046975616,0.36228828362412135,0.4222607930376962,S_CLASS,true,false,NEW_P1B
S_CLASS_ADAPT,-1,30,4,motorcycle,95,66,371,30,0.3157894736842105,30,0.08086253369272237,0.3157894736842105,0.12875536480686695,0.08493877349426021,0.18844719871765167,0.0736498870737659,0.1736842105263158,S_CLASS,true,false,NEW_P1B
S_CLASS_ADAPT,-1,30,5,bus,350,258,1809,226,0.6457142857142857,226,0.12493090105030404,0.6457142857142857,0.2093561834182492,0.2954987781012828,0.37061036734339076,0.3392504282040645,0.5151428571428571,S_CLASS,true,false,NEW_P1B
S_CLASS_ADAPT,-1,30,6,train,6,5,411,0,0,0,0,0,0,0,0,0,0,S_CLASS,true,false,NEW_P1B
S_CLASS_ADAPT,-1,30,7,truck,889,540,9171,649,0.7300337457817773,649,0.07076654672336713,0.7300337457817773,0.1290258449304175,0.2292945088088753,0.3121867557550102,0.25620561713834394,0.5386951631046119,S_CLASS,true,false,NEW_P1B
S_CLASS_ADAPT,-1,30,8,traffic light,5158,1123,12261,2592,0.5025203567274137,2591,0.21132044694559987,0.5023264831329973,0.2974912451920317,0.09331907476922564,0.2755838714452554,0.046743968155620215,0.206048856145793,S_CLASS,true,false,NEW_P1B
S_CLASS_ADAPT,-1,40,1,person,2771,631,9120,1861,0.6715987008300253,1860,0.20394736842105263,0.6712378202814868,0.3128416449415524,0.2750788643705246,0.5319015360159037,0.24319129133286196,0.37145434861060994,S_CLASS,true,false,NEW_P1B
S_CLASS_ADAPT,-1,40,2,bicycle,244,125,518,97,0.3975409836065574,93,0.17953667953667954,0.38114754098360654,0.2440944881889764,0.10997022897541886,0.24675655837867033,0.08496056215672504,0.2012295081967213,S_CLASS,true,false,NEW_P1B
S_CLASS_ADAPT,-1,40,3,car,20453,1988,37933,14590,0.713342785899379,14562,0.3838873803811984,0.7119737935755146,0.4988182098448258,0.3655395455324024,0.6114292667573668,0.3680560018999289,0.441030655649538,S_CLASS,true,false,NEW_P1B
S_CLASS_ADAPT,-1,40,4,motorcycle,95,66,454,31,0.3263157894736842,31,0.06828193832599119,0.3263157894736842,0.11293260473588343,0.08527331997490571,0.1893489748532127,0.0736498870737659,0.17789473684210527,S_CLASS,true,false,NEW_P1B
S_CLASS_ADAPT,-1,40,5,bus,350,258,2253,231,0.66,231,0.10252996005326231,0.66,0.17748751440645408,0.29619102863239316,0.37282672920015475,0.3390591558551256,0.5237142857142857,S_CLASS,true,false,NEW_P1B
S_CLASS_ADAPT,-1,40,6,train,6,5,659,0,0,0,0,0,0,0,0,0,0,S_CLASS,true,false,NEW_P1B
S_CLASS_ADAPT,-1,40,7,truck,889,540,11356,672,0.7559055118110236,672,0.059175766114829165,0.7559055118110236,0.10975908534095549,0.23019259124760386,0.31334157774004956,0.2571874911775573,0.555793025871766,S_CLASS,true,false,NEW_P1B
S_CLASS_ADAPT,-1,40,8,traffic light,5158,1123,17707,2805,0.5438154323381156,2803,0.1582989778053877,0.5434276851492826,0.24517821998687953,0.09541190672848136,0.283239885837813,0.047243387063869866,0.222276075998449,S_CLASS,true,false,NEW_P1B
