scope,implementation,seed,budget,group_id,feature_max_abs,feature_within_tolerance,probability_max_abs,probability_within_tolerance,K_mismatch_images,selection_mismatch_images,objective_bitwise_equal,pass
PROFILE_FIT200,M11_OPT_V1_BATCHED_PCA_SCALER,530101,10,0,0,true,0,true,0,0,true,true
PROFILE_FIT200,S_ADAPT_OPT_V2_VERIFIED_PREFIX,-1,10,0,,true,,true,0,0,true,true
PROFILE_FIT200,M11_OPT_V1_BATCHED_PCA_SCALER,530101,15,0,0,true,0,true,0,0,true,true
PROFILE_FIT200,S_ADAPT_OPT_V2_VERIFIED_PREFIX,-1,15,0,,true,,true,0,0,true,true
PROFILE_FIT200,M11_OPT_V1_BATCHED_PCA_SCALER,530101,20,0,0,true,0,true,0,0,true,true
PROFILE_FIT200,S_ADAPT_OPT_V2_VERIFIED_PREFIX,-1,20,0,,true,,true,0,0,true,true
PROFILE_FIT200,M11_OPT_V1_BATCHED_PCA_SCALER,530101,10,1,0,true,0,true,0,0,true,true
PROFILE_FIT200,S_ADAPT_OPT_V2_VERIFIED_PREFIX,-1,10,1,,true,,true,0,0,true,true
PROFILE_FIT200,M11_OPT_V1_BATCHED_PCA_SCALER,530101,15,1,0,true,0,true,0,0,true,true
PROFILE_FIT200,S_ADAPT_OPT_V2_VERIFIED_PREFIX,-1,15,1,,true,,true,0,0,true,true
PROFILE_FIT200,M11_OPT_V1_BATCHED_PCA_SCALER,530101,20,1,0,true,0,true,0,0,true,true
PROFILE_FIT200,S_ADAPT_OPT_V2_VERIFIED_PREFIX,-1,20,1,,true,,true,0,0,true,true
PROFILE_FIT200,M11_OPT_V1_BATCHED_PCA_SCALER,530101,10,2,0,true,0,true,0,0,true,true
PROFILE_FIT200,S_ADAPT_OPT_V2_VERIFIED_PREFIX,-1,10,2,,true,,true,0,0,true,true
PROFILE_FIT200,M11_OPT_V1_BATCHED_PCA_SCALER,530101,15,2,0,true,0,true,0,0,true,true
PROFILE_FIT200,S_ADAPT_OPT_V2_VERIFIED_PREFIX,-1,15,2,,true,,true,0,0,true,true
PROFILE_FIT200,M11_OPT_V1_BATCHED_PCA_SCALER,530101,20,2,0,true,0,true,0,0,true,true
PROFILE_FIT200,S_ADAPT_OPT_V2_VERIFIED_PREFIX,-1,20,2,,true,,true,0,0,true,true
PROFILE_FIT200,M11_OPT_V1_BATCHED_PCA_SCALER,530101,10,3,0,true,0,true,0,0,true,true
PROFILE_FIT200,S_ADAPT_OPT_V2_VERIFIED_PREFIX,-1,10,3,,true,,true,0,0,true,true
PROFILE_FIT200,M11_OPT_V1_BATCHED_PCA_SCALER,530101,15,3,0,true,0,true,0,0,true,true
PROFILE_FIT200,S_ADAPT_OPT_V2_VERIFIED_PREFIX,-1,15,3,,true,,true,0,0,true,true
PROFILE_FIT200,M11_OPT_V1_BATCHED_PCA_SCALER,530101,20,3,0,true,0,true,0,0,true,true
PROFILE_FIT200,S_ADAPT_OPT_V2_VERIFIED_PREFIX,-1,20,3,,true,,true,0,0,true,true
PROFILE_FIT200,M11_OPT_V1_BATCHED_PCA_SCALER,530101,10,4,0,true,0,true,0,0,true,true
PROFILE_FIT200,S_ADAPT_OPT_V2_VERIFIED_PREFIX,-1,10,4,,true,,true,0,0,true,true
PROFILE_FIT200,M11_OPT_V1_BATCHED_PCA_SCALER,530101,15,4,0,true,0,true,0,0,true,true
PROFILE_FIT200,S_ADAPT_OPT_V2_VERIFIED_PREFIX,-1,15,4,,true,,true,0,0,true,true
PROFILE_FIT200,M11_OPT_V1_BATCHED_PCA_SCALER,530101,20,4,0,true,0,true,0,0,true,true
PROFILE_FIT200,S_ADAPT_OPT_V2_VERIFIED_PREFIX,-1,20,4,,true,,true,0,0,true,true
FULL_DEV_750_UNITS,M11_OPT_V1_BATCHED_PCA_SCALER,530101,10,0,,true,1.4094313695312e-7,true,0,0,,true
FULL_DEV_750_UNITS,M11_OPT_V1_BATCHED_PCA_SCALER,530101,15,0,,true,1.4094313695312e-7,true,0,0,,true
FULL_DEV_750_UNITS,M11_OPT_V1_BATCHED_PCA_SCALER,530101,20,0,,true,1.4094313695312e-7,true,0,0,,true
FULL_DEV_750_UNITS,M11_OPT_V1_BATCHED_PCA_SCALER,530101,30,0,,true,1.4094313695312e-7,true,0,0,,true
FULL_DEV_750_UNITS,M11_OPT_V1_BATCHED_PCA_SCALER,530101,40,0,,true,1.4094313695312e-7,true,0,0,,true
FULL_DEV_750_UNITS,M11_OPT_V1_BATCHED_PCA_SCALER,530102,10,0,,true,1.0094095159729477e-7,true,0,0,,true
FULL_DEV_750_UNITS,M11_OPT_V1_BATCHED_PCA_SCALER,530102,15,0,,true,1.0094095159729477e-7,true,0,0,,true
FULL_DEV_750_UNITS,M11_OPT_V1_BATCHED_PCA_SCALER,530102,20,0,,true,1.0094095159729477e-7,true,0,0,,true
FULL_DEV_750_UNITS,M11_OPT_V1_BATCHED_PCA_SCALER,530102,30,0,,true,1.0094095159729477e-7,true,0,0,,true
FULL_DEV_750_UNITS,M11_OPT_V1_BATCHED_PCA_SCALER,530102,40,0,,true,1.0094095159729477e-7,true,0,0,,true
FULL_DEV_750_UNITS,M11_OPT_V1_BATCHED_PCA_SCALER,530103,10,0,,true,1.3245856489429997e-7,true,0,0,,true
FULL_DEV_750_UNITS,M11_OPT_V1_BATCHED_PCA_SCALER,530103,15,0,,true,1.3245856489429997e-7,true,0,0,,true
FULL_DEV_750_UNITS,M11_OPT_V1_BATCHED_PCA_SCALER,530103,20,0,,true,1.3245856489429997e-7,true,0,0,,true
FULL_DEV_750_UNITS,M11_OPT_V1_BATCHED_PCA_SCALER,530103,30,0,,true,1.3245856489429997e-7,true,0,0,,true
FULL_DEV_750_UNITS,M11_OPT_V1_BATCHED_PCA_SCALER,530103,40,0,,true,1.3245856489429997e-7,true,0,0,,true
FULL_DEV_750_UNITS,M11_OPT_V1_BATCHED_PCA_SCALER,530101,10,1,,true,1.4250935312376534e-7,true,0,0,,true
FULL_DEV_750_UNITS,M11_OPT_V1_BATCHED_PCA_SCALER,530101,15,1,,true,1.4250935312376534e-7,true,0,0,,true
FULL_DEV_750_UNITS,M11_OPT_V1_BATCHED_PCA_SCALER,530101,20,1,,true,1.4250935312376534e-7,true,0,0,,true
FULL_DEV_750_UNITS,M11_OPT_V1_BATCHED_PCA_SCALER,530101,30,1,,true,1.4250935312376534e-7,true,0,0,,true
FULL_DEV_750_UNITS,M11_OPT_V1_BATCHED_PCA_SCALER,530101,40,1,,true,1.4250935312376534e-7,true,0,0,,true
FULL_DEV_750_UNITS,M11_OPT_V1_BATCHED_PCA_SCALER,530102,10,1,,true,1.1072637123854534e-7,true,0,0,,true
FULL_DEV_750_UNITS,M11_OPT_V1_BATCHED_PCA_SCALER,530102,15,1,,true,1.1072637123854534e-7,true,0,0,,true
FULL_DEV_750_UNITS,M11_OPT_V1_BATCHED_PCA_SCALER,530102,20,1,,true,1.1072637123854534e-7,true,0,0,,true
FULL_DEV_750_UNITS,M11_OPT_V1_BATCHED_PCA_SCALER,530102,30,1,,true,1.1072637123854534e-7,true,0,0,,true
FULL_DEV_750_UNITS,M11_OPT_V1_BATCHED_PCA_SCALER,530102,40,1,,true,1.1072637123854534e-7,true,0,0,,true
FULL_DEV_750_UNITS,M11_OPT_V1_BATCHED_PCA_SCALER,530103,10,1,,true,1.5217095677977355e-7,true,0,0,,true
FULL_DEV_750_UNITS,M11_OPT_V1_BATCHED_PCA_SCALER,530103,15,1,,true,1.5217095677977355e-7,true,0,0,,true
FULL_DEV_750_UNITS,M11_OPT_V1_BATCHED_PCA_SCALER,530103,20,1,,true,1.5217095677977355e-7,true,0,0,,true
FULL_DEV_750_UNITS,M11_OPT_V1_BATCHED_PCA_SCALER,530103,30,1,,true,1.5217095677977355e-7,true,0,0,,true
FULL_DEV_750_UNITS,M11_OPT_V1_BATCHED_PCA_SCALER,530103,40,1,,true,1.5217095677977355e-7,true,0,0,,true
FULL_DEV_750_UNITS,M11_OPT_V1_BATCHED_PCA_SCALER,530101,10,2,,true,1.2503491929327648e-7,true,0,0,,true
FULL_DEV_750_UNITS,M11_OPT_V1_BATCHED_PCA_SCALER,530101,15,2,,true,1.2503491929327648e-7,true,0,0,,true
FULL_DEV_750_UNITS,M11_OPT_V1_BATCHED_PCA_SCALER,530101,20,2,,true,1.2503491929327648e-7,true,0,0,,true
FULL_DEV_750_UNITS,M11_OPT_V1_BATCHED_PCA_SCALER,530101,30,2,,true,1.2503491929327648e-7,true,0,0,,true
FULL_DEV_750_UNITS,M11_OPT_V1_BATCHED_PCA_SCALER,530101,40,2,,true,1.2503491929327648e-7,true,0,0,,true
FULL_DEV_750_UNITS,M11_OPT_V1_BATCHED_PCA_SCALER,530102,10,2,,true,1.075398784466941e-7,true,0,0,,true
FULL_DEV_750_UNITS,M11_OPT_V1_BATCHED_PCA_SCALER,530102,15,2,,true,1.075398784466941e-7,true,0,0,,true
FULL_DEV_750_UNITS,M11_OPT_V1_BATCHED_PCA_SCALER,530102,20,2,,true,1.075398784466941e-7,true,0,0,,true
FULL_DEV_750_UNITS,M11_OPT_V1_BATCHED_PCA_SCALER,530102,30,2,,true,1.075398784466941e-7,true,0,0,,true
FULL_DEV_750_UNITS,M11_OPT_V1_BATCHED_PCA_SCALER,530102,40,2,,true,1.075398784466941e-7,true,0,0,,true
FULL_DEV_750_UNITS,M11_OPT_V1_BATCHED_PCA_SCALER,530103,10,2,,true,1.2246610123223256e-7,true,0,0,,true
FULL_DEV_750_UNITS,M11_OPT_V1_BATCHED_PCA_SCALER,530103,15,2,,true,1.2246610123223256e-7,true,0,0,,true
FULL_DEV_750_UNITS,M11_OPT_V1_BATCHED_PCA_SCALER,530103,20,2,,true,1.2246610123223256e-7,true,0,0,,true
FULL_DEV_750_UNITS,M11_OPT_V1_BATCHED_PCA_SCALER,530103,30,2,,true,1.2246610123223256e-7,true,0,0,,true
FULL_DEV_750_UNITS,M11_OPT_V1_BATCHED_PCA_SCALER,530103,40,2,,true,1.2246610123223256e-7,true,0,0,,true
FULL_DEV_750_UNITS,M11_OPT_V1_BATCHED_PCA_SCALER,530101,10,3,,true,1.575447348967085e-7,true,0,0,,true
FULL_DEV_750_UNITS,M11_OPT_V1_BATCHED_PCA_SCALER,530101,15,3,,true,1.575447348967085e-7,true,0,0,,true
FULL_DEV_750_UNITS,M11_OPT_V1_BATCHED_PCA_SCALER,530101,20,3,,true,1.575447348967085e-7,true,0,0,,true
FULL_DEV_750_UNITS,M11_OPT_V1_BATCHED_PCA_SCALER,530101,30,3,,true,1.575447348967085e-7,true,0,0,,true
FULL_DEV_750_UNITS,M11_OPT_V1_BATCHED_PCA_SCALER,530101,40,3,,true,1.575447348967085e-7,true,0,0,,true
FULL_DEV_750_UNITS,M11_OPT_V1_BATCHED_PCA_SCALER,530102,10,3,,true,1.1125854826321557e-7,true,0,0,,true
FULL_DEV_750_UNITS,M11_OPT_V1_BATCHED_PCA_SCALER,530102,15,3,,true,1.1125854826321557e-7,true,0,0,,true
FULL_DEV_750_UNITS,M11_OPT_V1_BATCHED_PCA_SCALER,530102,20,3,,true,1.1125854826321557e-7,true,0,0,,true
FULL_DEV_750_UNITS,M11_OPT_V1_BATCHED_PCA_SCALER,530102,30,3,,true,1.1125854826321557e-7,true,0,0,,true
FULL_DEV_750_UNITS,M11_OPT_V1_BATCHED_PCA_SCALER,530102,40,3,,true,1.1125854826321557e-7,true,0,0,,true
FULL_DEV_750_UNITS,M11_OPT_V1_BATCHED_PCA_SCALER,530103,10,3,,true,1.3570327334067045e-7,true,0,0,,true
FULL_DEV_750_UNITS,M11_OPT_V1_BATCHED_PCA_SCALER,530103,15,3,,true,1.3570327334067045e-7,true,0,0,,true
FULL_DEV_750_UNITS,M11_OPT_V1_BATCHED_PCA_SCALER,530103,20,3,,true,1.3570327334067045e-7,true,0,0,,true
FULL_DEV_750_UNITS,M11_OPT_V1_BATCHED_PCA_SCALER,530103,30,3,,true,1.3570327334067045e-7,true,0,0,,true
FULL_DEV_750_UNITS,M11_OPT_V1_BATCHED_PCA_SCALER,530103,40,3,,true,1.3570327334067045e-7,true,0,0,,true
FULL_DEV_750_UNITS,M11_OPT_V1_BATCHED_PCA_SCALER,530101,10,4,,true,1.4385887697754285e-7,true,0,0,,true
FULL_DEV_750_UNITS,M11_OPT_V1_BATCHED_PCA_SCALER,530101,15,4,,true,1.4385887697754285e-7,true,0,0,,true
FULL_DEV_750_UNITS,M11_OPT_V1_BATCHED_PCA_SCALER,530101,20,4,,true,1.4385887697754285e-7,true,0,0,,true
FULL_DEV_750_UNITS,M11_OPT_V1_BATCHED_PCA_SCALER,530101,30,4,,true,1.4385887697754285e-7,true,0,0,,true
FULL_DEV_750_UNITS,M11_OPT_V1_BATCHED_PCA_SCALER,530101,40,4,,true,1.4385887697754285e-7,true,0,0,,true
FULL_DEV_750_UNITS,M11_OPT_V1_BATCHED_PCA_SCALER,530102,10,4,,true,1.0059118138450174e-7,true,0,0,,true
FULL_DEV_750_UNITS,M11_OPT_V1_BATCHED_PCA_SCALER,530102,15,4,,true,1.0059118138450174e-7,true,0,0,,true
FULL_DEV_750_UNITS,M11_OPT_V1_BATCHED_PCA_SCALER,530102,20,4,,true,1.0059118138450174e-7,true,0,0,,true
FULL_DEV_750_UNITS,M11_OPT_V1_BATCHED_PCA_SCALER,530102,30,4,,true,1.0059118138450174e-7,true,0,0,,true
FULL_DEV_750_UNITS,M11_OPT_V1_BATCHED_PCA_SCALER,530102,40,4,,true,1.0059118138450174e-7,true,0,0,,true
FULL_DEV_750_UNITS,M11_OPT_V1_BATCHED_PCA_SCALER,530103,10,4,,true,1.2197968363159006e-7,true,0,0,,true
FULL_DEV_750_UNITS,M11_OPT_V1_BATCHED_PCA_SCALER,530103,15,4,,true,1.2197968363159006e-7,true,0,0,,true
FULL_DEV_750_UNITS,M11_OPT_V1_BATCHED_PCA_SCALER,530103,20,4,,true,1.2197968363159006e-7,true,0,0,,true
FULL_DEV_750_UNITS,M11_OPT_V1_BATCHED_PCA_SCALER,530103,30,4,,true,1.2197968363159006e-7,true,0,0,,true
FULL_DEV_750_UNITS,M11_OPT_V1_BATCHED_PCA_SCALER,530103,40,4,,true,1.2197968363159006e-7,true,0,0,,true
FULL_DEV_750_UNITS,M11_OPT_V1_BATCHED_PCA_SCALER,530101,10,5,,true,1.7090129234009765e-7,true,0,0,,true
FULL_DEV_750_UNITS,M11_OPT_V1_BATCHED_PCA_SCALER,530101,15,5,,true,1.7090129234009765e-7,true,0,0,,true
FULL_DEV_750_UNITS,M11_OPT_V1_BATCHED_PCA_SCALER,530101,20,5,,true,1.7090129234009765e-7,true,0,0,,true
FULL_DEV_750_UNITS,M11_OPT_V1_BATCHED_PCA_SCALER,530101,30,5,,true,1.7090129234009765e-7,true,0,0,,true
FULL_DEV_750_UNITS,M11_OPT_V1_BATCHED_PCA_SCALER,530101,40,5,,true,1.7090129234009765e-7,true,0,0,,true
FULL_DEV_750_UNITS,M11_OPT_V1_BATCHED_PCA_SCALER,530102,10,5,,true,1.0344654655103369e-7,true,0,0,,true
FULL_DEV_750_UNITS,M11_OPT_V1_BATCHED_PCA_SCALER,530102,15,5,,true,1.0344654655103369e-7,true,0,0,,true
FULL_DEV_750_UNITS,M11_OPT_V1_BATCHED_PCA_SCALER,530102,20,5,,true,1.0344654655103369e-7,true,0,0,,true
FULL_DEV_750_UNITS,M11_OPT_V1_BATCHED_PCA_SCALER,530102,30,5,,true,1.0344654655103369e-7,true,0,0,,true
FULL_DEV_750_UNITS,M11_OPT_V1_BATCHED_PCA_SCALER,530102,40,5,,true,1.0344654655103369e-7,true,0,0,,true
FULL_DEV_750_UNITS,M11_OPT_V1_BATCHED_PCA_SCALER,530103,10,5,,true,1.1815317191299357e-7,true,0,0,,true
FULL_DEV_750_UNITS,M11_OPT_V1_BATCHED_PCA_SCALER,530103,15,5,,true,1.1815317191299357e-7,true,0,0,,true
FULL_DEV_750_UNITS,M11_OPT_V1_BATCHED_PCA_SCALER,530103,20,5,,true,1.1815317191299357e-7,true,0,0,,true
FULL_DEV_750_UNITS,M11_OPT_V1_BATCHED_PCA_SCALER,530103,30,5,,true,1.1815317191299357e-7,true,0,0,,true
FULL_DEV_750_UNITS,M11_OPT_V1_BATCHED_PCA_SCALER,530103,40,5,,true,1.1815317191299357e-7,true,0,0,,true
FULL_DEV_750_UNITS,M11_OPT_V1_BATCHED_PCA_SCALER,530101,10,6,,true,1.3333043347163454e-7,true,0,0,,true
FULL_DEV_750_UNITS,M11_OPT_V1_BATCHED_PCA_SCALER,530101,15,6,,true,1.3333043347163454e-7,true,0,0,,true
FULL_DEV_750_UNITS,M11_OPT_V1_BATCHED_PCA_SCALER,530101,20,6,,true,1.3333043347163454e-7,true,0,0,,true
FULL_DEV_750_UNITS,M11_OPT_V1_BATCHED_PCA_SCALER,530101,30,6,,true,1.3333043347163454e-7,true,0,0,,true
FULL_DEV_750_UNITS,M11_OPT_V1_BATCHED_PCA_SCALER,530101,40,6,,true,1.3333043347163454e-7,true,0,0,,true
FULL_DEV_750_UNITS,M11_OPT_V1_BATCHED_PCA_SCALER,530102,10,6,,true,1.2095162849057317e-7,true,0,0,,true
FULL_DEV_750_UNITS,M11_OPT_V1_BATCHED_PCA_SCALER,530102,15,6,,true,1.2095162849057317e-7,true,0,0,,true
FULL_DEV_750_UNITS,M11_OPT_V1_BATCHED_PCA_SCALER,530102,20,6,,true,1.2095162849057317e-7,true,0,0,,true
FULL_DEV_750_UNITS,M11_OPT_V1_BATCHED_PCA_SCALER,530102,30,6,,true,1.2095162849057317e-7,true,0,0,,true
FULL_DEV_750_UNITS,M11_OPT_V1_BATCHED_PCA_SCALER,530102,40,6,,true,1.2095162849057317e-7,true,0,0,,true
FULL_DEV_750_UNITS,M11_OPT_V1_BATCHED_PCA_SCALER,530103,10,6,,true,1.3647307953168486e-7,true,0,0,,true
FULL_DEV_750_UNITS,M11_OPT_V1_BATCHED_PCA_SCALER,530103,15,6,,true,1.3647307953168486e-7,true,0,0,,true
FULL_DEV_750_UNITS,M11_OPT_V1_BATCHED_PCA_SCALER,530103,20,6,,true,1.3647307953168486e-7,true,0,0,,true
FULL_DEV_750_UNITS,M11_OPT_V1_BATCHED_PCA_SCALER,530103,30,6,,true,1.3647307953168486e-7,true,0,0,,true
FULL_DEV_750_UNITS,M11_OPT_V1_BATCHED_PCA_SCALER,530103,40,6,,true,1.3647307953168486e-7,true,0,0,,true
FULL_DEV_750_UNITS,M11_OPT_V1_BATCHED_PCA_SCALER,530101,10,7,,true,1.2504938573520974e-7,true,0,0,,true
FULL_DEV_750_UNITS,M11_OPT_V1_BATCHED_PCA_SCALER,530101,15,7,,true,1.2504938573520974e-7,true,0,0,,true
FULL_DEV_750_UNITS,M11_OPT_V1_BATCHED_PCA_SCALER,530101,20,7,,true,1.2504938573520974e-7,true,0,0,,true
FULL_DEV_750_UNITS,M11_OPT_V1_BATCHED_PCA_SCALER,530101,30,7,,true,1.2504938573520974e-7,true,0,0,,true
FULL_DEV_750_UNITS,M11_OPT_V1_BATCHED_PCA_SCALER,530101,40,7,,true,1.2504938573520974e-7,true,0,0,,true
FULL_DEV_750_UNITS,M11_OPT_V1_BATCHED_PCA_SCALER,530102,10,7,,true,1.088643332147754e-7,true,0,0,,true
FULL_DEV_750_UNITS,M11_OPT_V1_BATCHED_PCA_SCALER,530102,15,7,,true,1.088643332147754e-7,true,0,0,,true
FULL_DEV_750_UNITS,M11_OPT_V1_BATCHED_PCA_SCALER,530102,20,7,,true,1.088643332147754e-7,true,0,0,,true
FULL_DEV_750_UNITS,M11_OPT_V1_BATCHED_PCA_SCALER,530102,30,7,,true,1.088643332147754e-7,true,0,0,,true
FULL_DEV_750_UNITS,M11_OPT_V1_BATCHED_PCA_SCALER,530102,40,7,,true,1.088643332147754e-7,true,0,0,,true
FULL_DEV_750_UNITS,M11_OPT_V1_BATCHED_PCA_SCALER,530103,10,7,,true,1.675161382941326e-7,true,0,0,,true
FULL_DEV_750_UNITS,M11_OPT_V1_BATCHED_PCA_SCALER,530103,15,7,,true,1.675161382941326e-7,true,0,0,,true
FULL_DEV_750_UNITS,M11_OPT_V1_BATCHED_PCA_SCALER,530103,20,7,,true,1.675161382941326e-7,true,0,0,,true
FULL_DEV_750_UNITS,M11_OPT_V1_BATCHED_PCA_SCALER,530103,30,7,,true,1.675161382941326e-7,true,0,0,,true
FULL_DEV_750_UNITS,M11_OPT_V1_BATCHED_PCA_SCALER,530103,40,7,,true,1.675161382941326e-7,true,0,0,,true
FULL_DEV_750_UNITS,M11_OPT_V1_BATCHED_PCA_SCALER,530101,10,8,,true,1.5475178172241755e-7,true,0,0,,true
FULL_DEV_750_UNITS,M11_OPT_V1_BATCHED_PCA_SCALER,530101,15,8,,true,1.5475178172241755e-7,true,0,0,,true
FULL_DEV_750_UNITS,M11_OPT_V1_BATCHED_PCA_SCALER,530101,20,8,,true,1.5475178172241755e-7,true,0,0,,true
FULL_DEV_750_UNITS,M11_OPT_V1_BATCHED_PCA_SCALER,530101,30,8,,true,1.5475178172241755e-7,true,0,0,,true
FULL_DEV_750_UNITS,M11_OPT_V1_BATCHED_PCA_SCALER,530101,40,8,,true,1.5475178172241755e-7,true,0,0,,true
FULL_DEV_750_UNITS,M11_OPT_V1_BATCHED_PCA_SCALER,530102,10,8,,true,9.541725565220815e-8,true,0,0,,true
FULL_DEV_750_UNITS,M11_OPT_V1_BATCHED_PCA_SCALER,530102,15,8,,true,9.541725565220815e-8,true,0,0,,true
FULL_DEV_750_UNITS,M11_OPT_V1_BATCHED_PCA_SCALER,530102,20,8,,true,9.541725565220815e-8,true,0,0,,true
FULL_DEV_750_UNITS,M11_OPT_V1_BATCHED_PCA_SCALER,530102,30,8,,true,9.541725565220815e-8,true,0,0,,true
FULL_DEV_750_UNITS,M11_OPT_V1_BATCHED_PCA_SCALER,530102,40,8,,true,9.541725565220815e-8,true,0,0,,true
FULL_DEV_750_UNITS,M11_OPT_V1_BATCHED_PCA_SCALER,530103,10,8,,true,1.208409780018016e-7,true,0,0,,true
FULL_DEV_750_UNITS,M11_OPT_V1_BATCHED_PCA_SCALER,530103,15,8,,true,1.208409780018016e-7,true,0,0,,true
FULL_DEV_750_UNITS,M11_OPT_V1_BATCHED_PCA_SCALER,530103,20,8,,true,1.208409780018016e-7,true,0,0,,true
FULL_DEV_750_UNITS,M11_OPT_V1_BATCHED_PCA_SCALER,530103,30,8,,true,1.208409780018016e-7,true,0,0,,true
FULL_DEV_750_UNITS,M11_OPT_V1_BATCHED_PCA_SCALER,530103,40,8,,true,1.208409780018016e-7,true,0,0,,true
FULL_DEV_750_UNITS,M11_OPT_V1_BATCHED_PCA_SCALER,530101,10,9,,true,1.4803858111589463e-7,true,0,0,,true
FULL_DEV_750_UNITS,M11_OPT_V1_BATCHED_PCA_SCALER,530101,15,9,,true,1.4803858111589463e-7,true,0,0,,true
FULL_DEV_750_UNITS,M11_OPT_V1_BATCHED_PCA_SCALER,530101,20,9,,true,1.4803858111589463e-7,true,0,0,,true
FULL_DEV_750_UNITS,M11_OPT_V1_BATCHED_PCA_SCALER,530101,30,9,,true,1.4803858111589463e-7,true,0,0,,true
FULL_DEV_750_UNITS,M11_OPT_V1_BATCHED_PCA_SCALER,530101,40,9,,true,1.4803858111589463e-7,true,0,0,,true
FULL_DEV_750_UNITS,M11_OPT_V1_BATCHED_PCA_SCALER,530102,10,9,,true,1.0230865898908093e-7,true,0,0,,true
FULL_DEV_750_UNITS,M11_OPT_V1_BATCHED_PCA_SCALER,530102,15,9,,true,1.0230865898908093e-7,true,0,0,,true
FULL_DEV_750_UNITS,M11_OPT_V1_BATCHED_PCA_SCALER,530102,20,9,,true,1.0230865898908093e-7,true,0,0,,true
FULL_DEV_750_UNITS,M11_OPT_V1_BATCHED_PCA_SCALER,530102,30,9,,true,1.0230865898908093e-7,true,0,0,,true
FULL_DEV_750_UNITS,M11_OPT_V1_BATCHED_PCA_SCALER,530102,40,9,,true,1.0230865898908093e-7,true,0,0,,true
FULL_DEV_750_UNITS,M11_OPT_V1_BATCHED_PCA_SCALER,530103,10,9,,true,1.0808910677617689e-7,true,0,0,,true
FULL_DEV_750_UNITS,M11_OPT_V1_BATCHED_PCA_SCALER,530103,15,9,,true,1.0808910677617689e-7,true,0,0,,true
FULL_DEV_750_UNITS,M11_OPT_V1_BATCHED_PCA_SCALER,530103,20,9,,true,1.0808910677617689e-7,true,0,0,,true
FULL_DEV_750_UNITS,M11_OPT_V1_BATCHED_PCA_SCALER,530103,30,9,,true,1.0808910677617689e-7,true,0,0,,true
FULL_DEV_750_UNITS,M11_OPT_V1_BATCHED_PCA_SCALER,530103,40,9,,true,1.0808910677617689e-7,true,0,0,,true
FULL_DEV_750_UNITS,M11_OPT_V1_BATCHED_PCA_SCALER,530101,10,10,,true,1.607921504276355e-7,true,0,0,,true
FULL_DEV_750_UNITS,M11_OPT_V1_BATCHED_PCA_SCALER,530101,15,10,,true,1.607921504276355e-7,true,0,0,,true
FULL_DEV_750_UNITS,M11_OPT_V1_BATCHED_PCA_SCALER,530101,20,10,,true,1.607921504276355e-7,true,0,0,,true
FULL_DEV_750_UNITS,M11_OPT_V1_BATCHED_PCA_SCALER,530101,30,10,,true,1.607921504276355e-7,true,0,0,,true
FULL_DEV_750_UNITS,M11_OPT_V1_BATCHED_PCA_SCALER,530101,40,10,,true,1.607921504276355e-7,true,0,0,,true
FULL_DEV_750_UNITS,M11_OPT_V1_BATCHED_PCA_SCALER,530102,10,10,,true,1.3480179350544574e-7,true,0,0,,true
FULL_DEV_750_UNITS,M11_OPT_V1_BATCHED_PCA_SCALER,530102,15,10,,true,1.3480179350544574e-7,true,0,0,,true
FULL_DEV_750_UNITS,M11_OPT_V1_BATCHED_PCA_SCALER,530102,20,10,,true,1.3480179350544574e-7,true,0,0,,true
FULL_DEV_750_UNITS,M11_OPT_V1_BATCHED_PCA_SCALER,530102,30,10,,true,1.3480179350544574e-7,true,0,0,,true
FULL_DEV_750_UNITS,M11_OPT_V1_BATCHED_PCA_SCALER,530102,40,10,,true,1.3480179350544574e-7,true,0,0,,true
FULL_DEV_750_UNITS,M11_OPT_V1_BATCHED_PCA_SCALER,530103,10,10,,true,1.266046898984463e-7,true,0,0,,true
FULL_DEV_750_UNITS,M11_OPT_V1_BATCHED_PCA_SCALER,530103,15,10,,true,1.266046898984463e-7,true,0,0,,true
FULL_DEV_750_UNITS,M11_OPT_V1_BATCHED_PCA_SCALER,530103,20,10,,true,1.266046898984463e-7,true,0,0,,true
FULL_DEV_750_UNITS,M11_OPT_V1_BATCHED_PCA_SCALER,530103,30,10,,true,1.266046898984463e-7,true,0,0,,true
FULL_DEV_750_UNITS,M11_OPT_V1_BATCHED_PCA_SCALER,530103,40,10,,true,1.266046898984463e-7,true,0,0,,true
FULL_DEV_750_UNITS,M11_OPT_V1_BATCHED_PCA_SCALER,530101,10,11,,true,1.5274765421957603e-7,true,0,0,,true
FULL_DEV_750_UNITS,M11_OPT_V1_BATCHED_PCA_SCALER,530101,15,11,,true,1.5274765421957603e-7,true,0,0,,true
FULL_DEV_750_UNITS,M11_OPT_V1_BATCHED_PCA_SCALER,530101,20,11,,true,1.5274765421957603e-7,true,0,0,,true
FULL_DEV_750_UNITS,M11_OPT_V1_BATCHED_PCA_SCALER,530101,30,11,,true,1.5274765421957603e-7,true,0,0,,true
FULL_DEV_750_UNITS,M11_OPT_V1_BATCHED_PCA_SCALER,530101,40,11,,true,1.5274765421957603e-7,true,0,0,,true
FULL_DEV_750_UNITS,M11_OPT_V1_BATCHED_PCA_SCALER,530102,10,11,,true,1.0062785910092131e-7,true,0,0,,true
FULL_DEV_750_UNITS,M11_OPT_V1_BATCHED_PCA_SCALER,530102,15,11,,true,1.0062785910092131e-7,true,0,0,,true
FULL_DEV_750_UNITS,M11_OPT_V1_BATCHED_PCA_SCALER,530102,20,11,,true,1.0062785910092131e-7,true,0,0,,true
FULL_DEV_750_UNITS,M11_OPT_V1_BATCHED_PCA_SCALER,530102,30,11,,true,1.0062785910092131e-7,true,0,0,,true
FULL_DEV_750_UNITS,M11_OPT_V1_BATCHED_PCA_SCALER,530102,40,11,,true,1.0062785910092131e-7,true,0,0,,true
FULL_DEV_750_UNITS,M11_OPT_V1_BATCHED_PCA_SCALER,530103,10,11,,true,1.252501700133024e-7,true,0,0,,true
FULL_DEV_750_UNITS,M11_OPT_V1_BATCHED_PCA_SCALER,530103,15,11,,true,1.252501700133024e-7,true,0,0,,true
FULL_DEV_750_UNITS,M11_OPT_V1_BATCHED_PCA_SCALER,530103,20,11,,true,1.252501700133024e-7,true,0,0,,true
FULL_DEV_750_UNITS,M11_OPT_V1_BATCHED_PCA_SCALER,530103,30,11,,true,1.252501700133024e-7,true,0,0,,true
FULL_DEV_750_UNITS,M11_OPT_V1_BATCHED_PCA_SCALER,530103,40,11,,true,1.252501700133024e-7,true,0,0,,true
FULL_DEV_750_UNITS,M11_OPT_V1_BATCHED_PCA_SCALER,530101,10,12,,true,1.6773316818818884e-7,true,0,0,,true
FULL_DEV_750_UNITS,M11_OPT_V1_BATCHED_PCA_SCALER,530101,15,12,,true,1.6773316818818884e-7,true,0,0,,true
FULL_DEV_750_UNITS,M11_OPT_V1_BATCHED_PCA_SCALER,530101,20,12,,true,1.6773316818818884e-7,true,0,0,,true
FULL_DEV_750_UNITS,M11_OPT_V1_BATCHED_PCA_SCALER,530101,30,12,,true,1.6773316818818884e-7,true,0,0,,true
FULL_DEV_750_UNITS,M11_OPT_V1_BATCHED_PCA_SCALER,530101,40,12,,true,1.6773316818818884e-7,true,0,0,,true
FULL_DEV_750_UNITS,M11_OPT_V1_BATCHED_PCA_SCALER,530102,10,12,,true,1.0409303830005712e-7,true,0,0,,true
FULL_DEV_750_UNITS,M11_OPT_V1_BATCHED_PCA_SCALER,530102,15,12,,true,1.0409303830005712e-7,true,0,0,,true
FULL_DEV_750_UNITS,M11_OPT_V1_BATCHED_PCA_SCALER,530102,20,12,,true,1.0409303830005712e-7,true,0,0,,true
FULL_DEV_750_UNITS,M11_OPT_V1_BATCHED_PCA_SCALER,530102,30,12,,true,1.0409303830005712e-7,true,0,0,,true
FULL_DEV_750_UNITS,M11_OPT_V1_BATCHED_PCA_SCALER,530102,40,12,,true,1.0409303830005712e-7,true,0,0,,true
FULL_DEV_750_UNITS,M11_OPT_V1_BATCHED_PCA_SCALER,530103,10,12,,true,1.1499887936361475e-7,true,0,0,,true
FULL_DEV_750_UNITS,M11_OPT_V1_BATCHED_PCA_SCALER,530103,15,12,,true,1.1499887936361475e-7,true,0,0,,true
FULL_DEV_750_UNITS,M11_OPT_V1_BATCHED_PCA_SCALER,530103,20,12,,true,1.1499887936361475e-7,true,0,0,,true
FULL_DEV_750_UNITS,M11_OPT_V1_BATCHED_PCA_SCALER,530103,30,12,,true,1.1499887936361475e-7,true,0,0,,true
FULL_DEV_750_UNITS,M11_OPT_V1_BATCHED_PCA_SCALER,530103,40,12,,true,1.1499887936361475e-7,true,0,0,,true
FULL_DEV_750_UNITS,M11_OPT_V1_BATCHED_PCA_SCALER,530101,10,13,,true,1.6005749559067084e-7,true,0,0,,true
FULL_DEV_750_UNITS,M11_OPT_V1_BATCHED_PCA_SCALER,530101,15,13,,true,1.6005749559067084e-7,true,0,0,,true
FULL_DEV_750_UNITS,M11_OPT_V1_BATCHED_PCA_SCALER,530101,20,13,,true,1.6005749559067084e-7,true,0,0,,true
FULL_DEV_750_UNITS,M11_OPT_V1_BATCHED_PCA_SCALER,530101,30,13,,true,1.6005749559067084e-7,true,0,0,,true
FULL_DEV_750_UNITS,M11_OPT_V1_BATCHED_PCA_SCALER,530101,40,13,,true,1.6005749559067084e-7,true,0,0,,true
FULL_DEV_750_UNITS,M11_OPT_V1_BATCHED_PCA_SCALER,530102,10,13,,true,1.0961404617315651e-7,true,0,0,,true
FULL_DEV_750_UNITS,M11_OPT_V1_BATCHED_PCA_SCALER,530102,15,13,,true,1.0961404617315651e-7,true,0,0,,true
FULL_DEV_750_UNITS,M11_OPT_V1_BATCHED_PCA_SCALER,530102,20,13,,true,1.0961404617315651e-7,true,0,0,,true
FULL_DEV_750_UNITS,M11_OPT_V1_BATCHED_PCA_SCALER,530102,30,13,,true,1.0961404617315651e-7,true,0,0,,true
FULL_DEV_750_UNITS,M11_OPT_V1_BATCHED_PCA_SCALER,530102,40,13,,true,1.0961404617315651e-7,true,0,0,,true
FULL_DEV_750_UNITS,M11_OPT_V1_BATCHED_PCA_SCALER,530103,10,13,,true,1.2682724970236592e-7,true,0,0,,true
FULL_DEV_750_UNITS,M11_OPT_V1_BATCHED_PCA_SCALER,530103,15,13,,true,1.2682724970236592e-7,true,0,0,,true
FULL_DEV_750_UNITS,M11_OPT_V1_BATCHED_PCA_SCALER,530103,20,13,,true,1.2682724970236592e-7,true,0,0,,true
FULL_DEV_750_UNITS,M11_OPT_V1_BATCHED_PCA_SCALER,530103,30,13,,true,1.2682724970236592e-7,true,0,0,,true
FULL_DEV_750_UNITS,M11_OPT_V1_BATCHED_PCA_SCALER,530103,40,13,,true,1.2682724970236592e-7,true,0,0,,true
FULL_DEV_750_UNITS,M11_OPT_V1_BATCHED_PCA_SCALER,530101,10,14,,true,1.4252096502964662e-7,true,0,0,,true
FULL_DEV_750_UNITS,M11_OPT_V1_BATCHED_PCA_SCALER,530101,15,14,,true,1.4252096502964662e-7,true,0,0,,true
FULL_DEV_750_UNITS,M11_OPT_V1_BATCHED_PCA_SCALER,530101,20,14,,true,1.4252096502964662e-7,true,0,0,,true
FULL_DEV_750_UNITS,M11_OPT_V1_BATCHED_PCA_SCALER,530101,30,14,,true,1.4252096502964662e-7,true,0,0,,true
FULL_DEV_750_UNITS,M11_OPT_V1_BATCHED_PCA_SCALER,530101,40,14,,true,1.4252096502964662e-7,true,0,0,,true
FULL_DEV_750_UNITS,M11_OPT_V1_BATCHED_PCA_SCALER,530102,10,14,,true,1.0900372954258941e-7,true,0,0,,true
FULL_DEV_750_UNITS,M11_OPT_V1_BATCHED_PCA_SCALER,530102,15,14,,true,1.0900372954258941e-7,true,0,0,,true
FULL_DEV_750_UNITS,M11_OPT_V1_BATCHED_PCA_SCALER,530102,20,14,,true,1.0900372954258941e-7,true,0,0,,true
FULL_DEV_750_UNITS,M11_OPT_V1_BATCHED_PCA_SCALER,530102,30,14,,true,1.0900372954258941e-7,true,0,0,,true
FULL_DEV_750_UNITS,M11_OPT_V1_BATCHED_PCA_SCALER,530102,40,14,,true,1.0900372954258941e-7,true,0,0,,true
FULL_DEV_750_UNITS,M11_OPT_V1_BATCHED_PCA_SCALER,530103,10,14,,true,1.418747273274068e-7,true,0,0,,true
FULL_DEV_750_UNITS,M11_OPT_V1_BATCHED_PCA_SCALER,530103,15,14,,true,1.418747273274068e-7,true,0,0,,true
FULL_DEV_750_UNITS,M11_OPT_V1_BATCHED_PCA_SCALER,530103,20,14,,true,1.418747273274068e-7,true,0,0,,true
FULL_DEV_750_UNITS,M11_OPT_V1_BATCHED_PCA_SCALER,530103,30,14,,true,1.418747273274068e-7,true,0,0,,true
FULL_DEV_750_UNITS,M11_OPT_V1_BATCHED_PCA_SCALER,530103,40,14,,true,1.418747273274068e-7,true,0,0,,true
FULL_DEV_750_UNITS,M11_OPT_V1_BATCHED_PCA_SCALER,530101,10,15,,true,1.8996819864391945e-7,true,0,0,,true
FULL_DEV_750_UNITS,M11_OPT_V1_BATCHED_PCA_SCALER,530101,15,15,,true,1.8996819864391945e-7,true,0,0,,true
FULL_DEV_750_UNITS,M11_OPT_V1_BATCHED_PCA_SCALER,530101,20,15,,true,1.8996819864391945e-7,true,0,0,,true
FULL_DEV_750_UNITS,M11_OPT_V1_BATCHED_PCA_SCALER,530101,30,15,,true,1.8996819864391945e-7,true,0,0,,true
FULL_DEV_750_UNITS,M11_OPT_V1_BATCHED_PCA_SCALER,530101,40,15,,true,1.8996819864391945e-7,true,0,0,,true
FULL_DEV_750_UNITS,M11_OPT_V1_BATCHED_PCA_SCALER,530102,10,15,,true,1.135117197459401e-7,true,0,0,,true
FULL_DEV_750_UNITS,M11_OPT_V1_BATCHED_PCA_SCALER,530102,15,15,,true,1.135117197459401e-7,true,0,0,,true
FULL_DEV_750_UNITS,M11_OPT_V1_BATCHED_PCA_SCALER,530102,20,15,,true,1.135117197459401e-7,true,0,0,,true
FULL_DEV_750_UNITS,M11_OPT_V1_BATCHED_PCA_SCALER,530102,30,15,,true,1.135117197459401e-7,true,0,0,,true
FULL_DEV_750_UNITS,M11_OPT_V1_BATCHED_PCA_SCALER,530102,40,15,,true,1.135117197459401e-7,true,0,0,,true
FULL_DEV_750_UNITS,M11_OPT_V1_BATCHED_PCA_SCALER,530103,10,15,,true,1.2572068852634288e-7,true,0,0,,true
FULL_DEV_750_UNITS,M11_OPT_V1_BATCHED_PCA_SCALER,530103,15,15,,true,1.2572068852634288e-7,true,0,0,,true
FULL_DEV_750_UNITS,M11_OPT_V1_BATCHED_PCA_SCALER,530103,20,15,,true,1.2572068852634288e-7,true,0,0,,true
FULL_DEV_750_UNITS,M11_OPT_V1_BATCHED_PCA_SCALER,530103,30,15,,true,1.2572068852634288e-7,true,0,0,,true
FULL_DEV_750_UNITS,M11_OPT_V1_BATCHED_PCA_SCALER,530103,40,15,,true,1.2572068852634288e-7,true,0,0,,true
FULL_DEV_750_UNITS,M11_OPT_V1_BATCHED_PCA_SCALER,530101,10,16,,true,2.1483014500667252e-7,true,0,0,,true
FULL_DEV_750_UNITS,M11_OPT_V1_BATCHED_PCA_SCALER,530101,15,16,,true,2.1483014500667252e-7,true,0,0,,true
FULL_DEV_750_UNITS,M11_OPT_V1_BATCHED_PCA_SCALER,530101,20,16,,true,2.1483014500667252e-7,true,0,0,,true
FULL_DEV_750_UNITS,M11_OPT_V1_BATCHED_PCA_SCALER,530101,30,16,,true,2.1483014500667252e-7,true,0,0,,true
FULL_DEV_750_UNITS,M11_OPT_V1_BATCHED_PCA_SCALER,530101,40,16,,true,2.1483014500667252e-7,true,0,0,,true
FULL_DEV_750_UNITS,M11_OPT_V1_BATCHED_PCA_SCALER,530102,10,16,,true,1.2120605630272507e-7,true,0,0,,true
FULL_DEV_750_UNITS,M11_OPT_V1_BATCHED_PCA_SCALER,530102,15,16,,true,1.2120605630272507e-7,true,0,0,,true
FULL_DEV_750_UNITS,M11_OPT_V1_BATCHED_PCA_SCALER,530102,20,16,,true,1.2120605630272507e-7,true,0,0,,true
FULL_DEV_750_UNITS,M11_OPT_V1_BATCHED_PCA_SCALER,530102,30,16,,true,1.2120605630272507e-7,true,0,0,,true
FULL_DEV_750_UNITS,M11_OPT_V1_BATCHED_PCA_SCALER,530102,40,16,,true,1.2120605630272507e-7,true,0,0,,true
FULL_DEV_750_UNITS,M11_OPT_V1_BATCHED_PCA_SCALER,530103,10,16,,true,1.4021277239262275e-7,true,0,0,,true
FULL_DEV_750_UNITS,M11_OPT_V1_BATCHED_PCA_SCALER,530103,15,16,,true,1.4021277239262275e-7,true,0,0,,true
FULL_DEV_750_UNITS,M11_OPT_V1_BATCHED_PCA_SCALER,530103,20,16,,true,1.4021277239262275e-7,true,0,0,,true
FULL_DEV_750_UNITS,M11_OPT_V1_BATCHED_PCA_SCALER,530103,30,16,,true,1.4021277239262275e-7,true,0,0,,true
FULL_DEV_750_UNITS,M11_OPT_V1_BATCHED_PCA_SCALER,530103,40,16,,true,1.4021277239262275e-7,true,0,0,,true
FULL_DEV_750_UNITS,M11_OPT_V1_BATCHED_PCA_SCALER,530101,10,17,,true,1.4486307239880425e-7,true,0,0,,true
FULL_DEV_750_UNITS,M11_OPT_V1_BATCHED_PCA_SCALER,530101,15,17,,true,1.4486307239880425e-7,true,0,0,,true
FULL_DEV_750_UNITS,M11_OPT_V1_BATCHED_PCA_SCALER,530101,20,17,,true,1.4486307239880425e-7,true,0,0,,true
FULL_DEV_750_UNITS,M11_OPT_V1_BATCHED_PCA_SCALER,530101,30,17,,true,1.4486307239880425e-7,true,0,0,,true
FULL_DEV_750_UNITS,M11_OPT_V1_BATCHED_PCA_SCALER,530101,40,17,,true,1.4486307239880425e-7,true,0,0,,true
FULL_DEV_750_UNITS,M11_OPT_V1_BATCHED_PCA_SCALER,530102,10,17,,true,1.4710519213867457e-7,true,0,0,,true
FULL_DEV_750_UNITS,M11_OPT_V1_BATCHED_PCA_SCALER,530102,15,17,,true,1.4710519213867457e-7,true,0,0,,true
FULL_DEV_750_UNITS,M11_OPT_V1_BATCHED_PCA_SCALER,530102,20,17,,true,1.4710519213867457e-7,true,0,0,,true
FULL_DEV_750_UNITS,M11_OPT_V1_BATCHED_PCA_SCALER,530102,30,17,,true,1.4710519213867457e-7,true,0,0,,true
FULL_DEV_750_UNITS,M11_OPT_V1_BATCHED_PCA_SCALER,530102,40,17,,true,1.4710519213867457e-7,true,0,0,,true
FULL_DEV_750_UNITS,M11_OPT_V1_BATCHED_PCA_SCALER,530103,10,17,,true,1.3564556822220908e-7,true,0,0,,true
FULL_DEV_750_UNITS,M11_OPT_V1_BATCHED_PCA_SCALER,530103,15,17,,true,1.3564556822220908e-7,true,0,0,,true
FULL_DEV_750_UNITS,M11_OPT_V1_BATCHED_PCA_SCALER,530103,20,17,,true,1.3564556822220908e-7,true,0,0,,true
FULL_DEV_750_UNITS,M11_OPT_V1_BATCHED_PCA_SCALER,530103,30,17,,true,1.3564556822220908e-7,true,0,0,,true
FULL_DEV_750_UNITS,M11_OPT_V1_BATCHED_PCA_SCALER,530103,40,17,,true,1.3564556822220908e-7,true,0,0,,true
FULL_DEV_750_UNITS,M11_OPT_V1_BATCHED_PCA_SCALER,530101,10,18,,true,1.5426731223011636e-7,true,0,0,,true
FULL_DEV_750_UNITS,M11_OPT_V1_BATCHED_PCA_SCALER,530101,15,18,,true,1.5426731223011636e-7,true,0,0,,true
FULL_DEV_750_UNITS,M11_OPT_V1_BATCHED_PCA_SCALER,530101,20,18,,true,1.5426731223011636e-7,true,0,0,,true
FULL_DEV_750_UNITS,M11_OPT_V1_BATCHED_PCA_SCALER,530101,30,18,,true,1.5426731223011636e-7,true,0,0,,true
FULL_DEV_750_UNITS,M11_OPT_V1_BATCHED_PCA_SCALER,530101,40,18,,true,1.5426731223011636e-7,true,0,0,,true
FULL_DEV_750_UNITS,M11_OPT_V1_BATCHED_PCA_SCALER,530102,10,18,,true,1.335276963443377e-7,true,0,0,,true
FULL_DEV_750_UNITS,M11_OPT_V1_BATCHED_PCA_SCALER,530102,15,18,,true,1.335276963443377e-7,true,0,0,,true
FULL_DEV_750_UNITS,M11_OPT_V1_BATCHED_PCA_SCALER,530102,20,18,,true,1.335276963443377e-7,true,0,0,,true
FULL_DEV_750_UNITS,M11_OPT_V1_BATCHED_PCA_SCALER,530102,30,18,,true,1.335276963443377e-7,true,0,0,,true
FULL_DEV_750_UNITS,M11_OPT_V1_BATCHED_PCA_SCALER,530102,40,18,,true,1.335276963443377e-7,true,0,0,,true
FULL_DEV_750_UNITS,M11_OPT_V1_BATCHED_PCA_SCALER,530103,10,18,,true,1.321477257065773e-7,true,0,0,,true
FULL_DEV_750_UNITS,M11_OPT_V1_BATCHED_PCA_SCALER,530103,15,18,,true,1.321477257065773e-7,true,0,0,,true
FULL_DEV_750_UNITS,M11_OPT_V1_BATCHED_PCA_SCALER,530103,20,18,,true,1.321477257065773e-7,true,0,0,,true
FULL_DEV_750_UNITS,M11_OPT_V1_BATCHED_PCA_SCALER,530103,30,18,,true,1.321477257065773e-7,true,0,0,,true
FULL_DEV_750_UNITS,M11_OPT_V1_BATCHED_PCA_SCALER,530103,40,18,,true,1.321477257065773e-7,true,0,0,,true
FULL_DEV_750_UNITS,M11_OPT_V1_BATCHED_PCA_SCALER,530101,10,19,,true,1.3137656362793848e-7,true,0,0,,true
FULL_DEV_750_UNITS,M11_OPT_V1_BATCHED_PCA_SCALER,530101,15,19,,true,1.3137656362793848e-7,true,0,0,,true
FULL_DEV_750_UNITS,M11_OPT_V1_BATCHED_PCA_SCALER,530101,20,19,,true,1.3137656362793848e-7,true,0,0,,true
FULL_DEV_750_UNITS,M11_OPT_V1_BATCHED_PCA_SCALER,530101,30,19,,true,1.3137656362793848e-7,true,0,0,,true
FULL_DEV_750_UNITS,M11_OPT_V1_BATCHED_PCA_SCALER,530101,40,19,,true,1.3137656362793848e-7,true,0,0,,true
FULL_DEV_750_UNITS,M11_OPT_V1_BATCHED_PCA_SCALER,530102,10,19,,true,1.2124388698575572e-7,true,0,0,,true
FULL_DEV_750_UNITS,M11_OPT_V1_BATCHED_PCA_SCALER,530102,15,19,,true,1.2124388698575572e-7,true,0,0,,true
FULL_DEV_750_UNITS,M11_OPT_V1_BATCHED_PCA_SCALER,530102,20,19,,true,1.2124388698575572e-7,true,0,0,,true
FULL_DEV_750_UNITS,M11_OPT_V1_BATCHED_PCA_SCALER,530102,30,19,,true,1.2124388698575572e-7,true,0,0,,true
FULL_DEV_750_UNITS,M11_OPT_V1_BATCHED_PCA_SCALER,530102,40,19,,true,1.2124388698575572e-7,true,0,0,,true
FULL_DEV_750_UNITS,M11_OPT_V1_BATCHED_PCA_SCALER,530103,10,19,,true,1.3437151169526373e-7,true,0,0,,true
FULL_DEV_750_UNITS,M11_OPT_V1_BATCHED_PCA_SCALER,530103,15,19,,true,1.3437151169526373e-7,true,0,0,,true
FULL_DEV_750_UNITS,M11_OPT_V1_BATCHED_PCA_SCALER,530103,20,19,,true,1.3437151169526373e-7,true,0,0,,true
FULL_DEV_750_UNITS,M11_OPT_V1_BATCHED_PCA_SCALER,530103,30,19,,true,1.3437151169526373e-7,true,0,0,,true
FULL_DEV_750_UNITS,M11_OPT_V1_BATCHED_PCA_SCALER,530103,40,19,,true,1.3437151169526373e-7,true,0,0,,true
FULL_DEV_750_UNITS,M11_OPT_V1_BATCHED_PCA_SCALER,530101,10,20,,true,1.6222232207541154e-7,true,0,0,,true
FULL_DEV_750_UNITS,M11_OPT_V1_BATCHED_PCA_SCALER,530101,15,20,,true,1.6222232207541154e-7,true,0,0,,true
FULL_DEV_750_UNITS,M11_OPT_V1_BATCHED_PCA_SCALER,530101,20,20,,true,1.6222232207541154e-7,true,0,0,,true
FULL_DEV_750_UNITS,M11_OPT_V1_BATCHED_PCA_SCALER,530101,30,20,,true,1.6222232207541154e-7,true,0,0,,true
FULL_DEV_750_UNITS,M11_OPT_V1_BATCHED_PCA_SCALER,530101,40,20,,true,1.6222232207541154e-7,true,0,0,,true
FULL_DEV_750_UNITS,M11_OPT_V1_BATCHED_PCA_SCALER,530102,10,20,,true,1.4400704267947262e-7,true,0,0,,true
FULL_DEV_750_UNITS,M11_OPT_V1_BATCHED_PCA_SCALER,530102,15,20,,true,1.4400704267947262e-7,true,0,0,,true
FULL_DEV_750_UNITS,M11_OPT_V1_BATCHED_PCA_SCALER,530102,20,20,,true,1.4400704267947262e-7,true,0,0,,true
FULL_DEV_750_UNITS,M11_OPT_V1_BATCHED_PCA_SCALER,530102,30,20,,true,1.4400704267947262e-7,true,0,0,,true
FULL_DEV_750_UNITS,M11_OPT_V1_BATCHED_PCA_SCALER,530102,40,20,,true,1.4400704267947262e-7,true,0,0,,true
FULL_DEV_750_UNITS,M11_OPT_V1_BATCHED_PCA_SCALER,530103,10,20,,true,1.2125338921809004e-7,true,0,0,,true
FULL_DEV_750_UNITS,M11_OPT_V1_BATCHED_PCA_SCALER,530103,15,20,,true,1.2125338921809004e-7,true,0,0,,true
FULL_DEV_750_UNITS,M11_OPT_V1_BATCHED_PCA_SCALER,530103,20,20,,true,1.2125338921809004e-7,true,0,0,,true
FULL_DEV_750_UNITS,M11_OPT_V1_BATCHED_PCA_SCALER,530103,30,20,,true,1.2125338921809004e-7,true,0,0,,true
FULL_DEV_750_UNITS,M11_OPT_V1_BATCHED_PCA_SCALER,530103,40,20,,true,1.2125338921809004e-7,true,0,0,,true
FULL_DEV_750_UNITS,M11_OPT_V1_BATCHED_PCA_SCALER,530101,10,21,,true,1.5033347727788637e-7,true,0,0,,true
FULL_DEV_750_UNITS,M11_OPT_V1_BATCHED_PCA_SCALER,530101,15,21,,true,1.5033347727788637e-7,true,0,0,,true
FULL_DEV_750_UNITS,M11_OPT_V1_BATCHED_PCA_SCALER,530101,20,21,,true,1.5033347727788637e-7,true,0,0,,true
FULL_DEV_750_UNITS,M11_OPT_V1_BATCHED_PCA_SCALER,530101,30,21,,true,1.5033347727788637e-7,true,0,0,,true
FULL_DEV_750_UNITS,M11_OPT_V1_BATCHED_PCA_SCALER,530101,40,21,,true,1.5033347727788637e-7,true,0,0,,true
FULL_DEV_750_UNITS,M11_OPT_V1_BATCHED_PCA_SCALER,530102,10,21,,true,1.0609992640020494e-7,true,0,0,,true
FULL_DEV_750_UNITS,M11_OPT_V1_BATCHED_PCA_SCALER,530102,15,21,,true,1.0609992640020494e-7,true,0,0,,true
FULL_DEV_750_UNITS,M11_OPT_V1_BATCHED_PCA_SCALER,530102,20,21,,true,1.0609992640020494e-7,true,0,0,,true
FULL_DEV_750_UNITS,M11_OPT_V1_BATCHED_PCA_SCALER,530102,30,21,,true,1.0609992640020494e-7,true,0,0,,true
FULL_DEV_750_UNITS,M11_OPT_V1_BATCHED_PCA_SCALER,530102,40,21,,true,1.0609992640020494e-7,true,0,0,,true
FULL_DEV_750_UNITS,M11_OPT_V1_BATCHED_PCA_SCALER,530103,10,21,,true,1.3213856694949122e-7,true,0,0,,true
FULL_DEV_750_UNITS,M11_OPT_V1_BATCHED_PCA_SCALER,530103,15,21,,true,1.3213856694949122e-7,true,0,0,,true
FULL_DEV_750_UNITS,M11_OPT_V1_BATCHED_PCA_SCALER,530103,20,21,,true,1.3213856694949122e-7,true,0,0,,true
FULL_DEV_750_UNITS,M11_OPT_V1_BATCHED_PCA_SCALER,530103,30,21,,true,1.3213856694949122e-7,true,0,0,,true
FULL_DEV_750_UNITS,M11_OPT_V1_BATCHED_PCA_SCALER,530103,40,21,,true,1.3213856694949122e-7,true,0,0,,true
FULL_DEV_750_UNITS,M11_OPT_V1_BATCHED_PCA_SCALER,530101,10,22,,true,1.285001739459446e-7,true,0,0,,true
FULL_DEV_750_UNITS,M11_OPT_V1_BATCHED_PCA_SCALER,530101,15,22,,true,1.285001739459446e-7,true,0,0,,true
FULL_DEV_750_UNITS,M11_OPT_V1_BATCHED_PCA_SCALER,530101,20,22,,true,1.285001739459446e-7,true,0,0,,true
FULL_DEV_750_UNITS,M11_OPT_V1_BATCHED_PCA_SCALER,530101,30,22,,true,1.285001739459446e-7,true,0,0,,true
FULL_DEV_750_UNITS,M11_OPT_V1_BATCHED_PCA_SCALER,530101,40,22,,true,1.285001739459446e-7,true,0,0,,true
FULL_DEV_750_UNITS,M11_OPT_V1_BATCHED_PCA_SCALER,530102,10,22,,true,1.4111109752912299e-7,true,0,0,,true
FULL_DEV_750_UNITS,M11_OPT_V1_BATCHED_PCA_SCALER,530102,15,22,,true,1.4111109752912299e-7,true,0,0,,true
FULL_DEV_750_UNITS,M11_OPT_V1_BATCHED_PCA_SCALER,530102,20,22,,true,1.4111109752912299e-7,true,0,0,,true
FULL_DEV_750_UNITS,M11_OPT_V1_BATCHED_PCA_SCALER,530102,30,22,,true,1.4111109752912299e-7,true,0,0,,true
FULL_DEV_750_UNITS,M11_OPT_V1_BATCHED_PCA_SCALER,530102,40,22,,true,1.4111109752912299e-7,true,0,0,,true
FULL_DEV_750_UNITS,M11_OPT_V1_BATCHED_PCA_SCALER,530103,10,22,,true,1.3091013467692036e-7,true,0,0,,true
FULL_DEV_750_UNITS,M11_OPT_V1_BATCHED_PCA_SCALER,530103,15,22,,true,1.3091013467692036e-7,true,0,0,,true
FULL_DEV_750_UNITS,M11_OPT_V1_BATCHED_PCA_SCALER,530103,20,22,,true,1.3091013467692036e-7,true,0,0,,true
FULL_DEV_750_UNITS,M11_OPT_V1_BATCHED_PCA_SCALER,530103,30,22,,true,1.3091013467692036e-7,true,0,0,,true
FULL_DEV_750_UNITS,M11_OPT_V1_BATCHED_PCA_SCALER,530103,40,22,,true,1.3091013467692036e-7,true,0,0,,true
FULL_DEV_750_UNITS,M11_OPT_V1_BATCHED_PCA_SCALER,530101,10,23,,true,1.450102053990321e-7,true,0,0,,true
FULL_DEV_750_UNITS,M11_OPT_V1_BATCHED_PCA_SCALER,530101,15,23,,true,1.450102053990321e-7,true,0,0,,true
FULL_DEV_750_UNITS,M11_OPT_V1_BATCHED_PCA_SCALER,530101,20,23,,true,1.450102053990321e-7,true,0,0,,true
FULL_DEV_750_UNITS,M11_OPT_V1_BATCHED_PCA_SCALER,530101,30,23,,true,1.450102053990321e-7,true,0,0,,true
FULL_DEV_750_UNITS,M11_OPT_V1_BATCHED_PCA_SCALER,530101,40,23,,true,1.450102053990321e-7,true,0,0,,true
FULL_DEV_750_UNITS,M11_OPT_V1_BATCHED_PCA_SCALER,530102,10,23,,true,1.1061274834966994e-7,true,0,0,,true
FULL_DEV_750_UNITS,M11_OPT_V1_BATCHED_PCA_SCALER,530102,15,23,,true,1.1061274834966994e-7,true,0,0,,true
FULL_DEV_750_UNITS,M11_OPT_V1_BATCHED_PCA_SCALER,530102,20,23,,true,1.1061274834966994e-7,true,0,0,,true
FULL_DEV_750_UNITS,M11_OPT_V1_BATCHED_PCA_SCALER,530102,30,23,,true,1.1061274834966994e-7,true,0,0,,true
FULL_DEV_750_UNITS,M11_OPT_V1_BATCHED_PCA_SCALER,530102,40,23,,true,1.1061274834966994e-7,true,0,0,,true
FULL_DEV_750_UNITS,M11_OPT_V1_BATCHED_PCA_SCALER,530103,10,23,,true,1.0927804780513917e-7,true,0,0,,true
FULL_DEV_750_UNITS,M11_OPT_V1_BATCHED_PCA_SCALER,530103,15,23,,true,1.0927804780513917e-7,true,0,0,,true
FULL_DEV_750_UNITS,M11_OPT_V1_BATCHED_PCA_SCALER,530103,20,23,,true,1.0927804780513917e-7,true,0,0,,true
FULL_DEV_750_UNITS,M11_OPT_V1_BATCHED_PCA_SCALER,530103,30,23,,true,1.0927804780513917e-7,true,0,0,,true
FULL_DEV_750_UNITS,M11_OPT_V1_BATCHED_PCA_SCALER,530103,40,23,,true,1.0927804780513917e-7,true,0,0,,true
FULL_DEV_750_UNITS,M11_OPT_V1_BATCHED_PCA_SCALER,530101,10,24,,true,1.4742271620127312e-7,true,0,0,,true
FULL_DEV_750_UNITS,M11_OPT_V1_BATCHED_PCA_SCALER,530101,15,24,,true,1.4742271620127312e-7,true,0,0,,true
FULL_DEV_750_UNITS,M11_OPT_V1_BATCHED_PCA_SCALER,530101,20,24,,true,1.4742271620127312e-7,true,0,0,,true
FULL_DEV_750_UNITS,M11_OPT_V1_BATCHED_PCA_SCALER,530101,30,24,,true,1.4742271620127312e-7,true,0,0,,true
FULL_DEV_750_UNITS,M11_OPT_V1_BATCHED_PCA_SCALER,530101,40,24,,true,1.4742271620127312e-7,true,0,0,,true
FULL_DEV_750_UNITS,M11_OPT_V1_BATCHED_PCA_SCALER,530102,10,24,,true,9.958579316737826e-8,true,0,0,,true
FULL_DEV_750_UNITS,M11_OPT_V1_BATCHED_PCA_SCALER,530102,15,24,,true,9.958579316737826e-8,true,0,0,,true
FULL_DEV_750_UNITS,M11_OPT_V1_BATCHED_PCA_SCALER,530102,20,24,,true,9.958579316737826e-8,true,0,0,,true
FULL_DEV_750_UNITS,M11_OPT_V1_BATCHED_PCA_SCALER,530102,30,24,,true,9.958579316737826e-8,true,0,0,,true
FULL_DEV_750_UNITS,M11_OPT_V1_BATCHED_PCA_SCALER,530102,40,24,,true,9.958579316737826e-8,true,0,0,,true
FULL_DEV_750_UNITS,M11_OPT_V1_BATCHED_PCA_SCALER,530103,10,24,,true,1.1575408781494545e-7,true,0,0,,true
FULL_DEV_750_UNITS,M11_OPT_V1_BATCHED_PCA_SCALER,530103,15,24,,true,1.1575408781494545e-7,true,0,0,,true
FULL_DEV_750_UNITS,M11_OPT_V1_BATCHED_PCA_SCALER,530103,20,24,,true,1.1575408781494545e-7,true,0,0,,true
FULL_DEV_750_UNITS,M11_OPT_V1_BATCHED_PCA_SCALER,530103,30,24,,true,1.1575408781494545e-7,true,0,0,,true
FULL_DEV_750_UNITS,M11_OPT_V1_BATCHED_PCA_SCALER,530103,40,24,,true,1.1575408781494545e-7,true,0,0,,true
FULL_DEV_750_UNITS,M11_OPT_V1_BATCHED_PCA_SCALER,530101,10,25,,true,1.4206471010691502e-7,true,0,0,,true
FULL_DEV_750_UNITS,M11_OPT_V1_BATCHED_PCA_SCALER,530101,15,25,,true,1.4206471010691502e-7,true,0,0,,true
FULL_DEV_750_UNITS,M11_OPT_V1_BATCHED_PCA_SCALER,530101,20,25,,true,1.4206471010691502e-7,true,0,0,,true
FULL_DEV_750_UNITS,M11_OPT_V1_BATCHED_PCA_SCALER,530101,30,25,,true,1.4206471010691502e-7,true,0,0,,true
FULL_DEV_750_UNITS,M11_OPT_V1_BATCHED_PCA_SCALER,530101,40,25,,true,1.4206471010691502e-7,true,0,0,,true
FULL_DEV_750_UNITS,M11_OPT_V1_BATCHED_PCA_SCALER,530102,10,25,,true,9.993143901265711e-8,true,0,0,,true
FULL_DEV_750_UNITS,M11_OPT_V1_BATCHED_PCA_SCALER,530102,15,25,,true,9.993143901265711e-8,true,0,0,,true
FULL_DEV_750_UNITS,M11_OPT_V1_BATCHED_PCA_SCALER,530102,20,25,,true,9.993143901265711e-8,true,0,0,,true
FULL_DEV_750_UNITS,M11_OPT_V1_BATCHED_PCA_SCALER,530102,30,25,,true,9.993143901265711e-8,true,0,0,,true
FULL_DEV_750_UNITS,M11_OPT_V1_BATCHED_PCA_SCALER,530102,40,25,,true,9.993143901265711e-8,true,0,0,,true
FULL_DEV_750_UNITS,M11_OPT_V1_BATCHED_PCA_SCALER,530103,10,25,,true,1.1478668410225268e-7,true,0,0,,true
FULL_DEV_750_UNITS,M11_OPT_V1_BATCHED_PCA_SCALER,530103,15,25,,true,1.1478668410225268e-7,true,0,0,,true
FULL_DEV_750_UNITS,M11_OPT_V1_BATCHED_PCA_SCALER,530103,20,25,,true,1.1478668410225268e-7,true,0,0,,true
FULL_DEV_750_UNITS,M11_OPT_V1_BATCHED_PCA_SCALER,530103,30,25,,true,1.1478668410225268e-7,true,0,0,,true
FULL_DEV_750_UNITS,M11_OPT_V1_BATCHED_PCA_SCALER,530103,40,25,,true,1.1478668410225268e-7,true,0,0,,true
FULL_DEV_750_UNITS,M11_OPT_V1_BATCHED_PCA_SCALER,530101,10,26,,true,1.5976994099942132e-7,true,0,0,,true
FULL_DEV_750_UNITS,M11_OPT_V1_BATCHED_PCA_SCALER,530101,15,26,,true,1.5976994099942132e-7,true,0,0,,true
FULL_DEV_750_UNITS,M11_OPT_V1_BATCHED_PCA_SCALER,530101,20,26,,true,1.5976994099942132e-7,true,0,0,,true
FULL_DEV_750_UNITS,M11_OPT_V1_BATCHED_PCA_SCALER,530101,30,26,,true,1.5976994099942132e-7,true,0,0,,true
FULL_DEV_750_UNITS,M11_OPT_V1_BATCHED_PCA_SCALER,530101,40,26,,true,1.5976994099942132e-7,true,0,0,,true
FULL_DEV_750_UNITS,M11_OPT_V1_BATCHED_PCA_SCALER,530102,10,26,,true,1.2874432497866906e-7,true,0,0,,true
FULL_DEV_750_UNITS,M11_OPT_V1_BATCHED_PCA_SCALER,530102,15,26,,true,1.2874432497866906e-7,true,0,0,,true
FULL_DEV_750_UNITS,M11_OPT_V1_BATCHED_PCA_SCALER,530102,20,26,,true,1.2874432497866906e-7,true,0,0,,true
FULL_DEV_750_UNITS,M11_OPT_V1_BATCHED_PCA_SCALER,530102,30,26,,true,1.2874432497866906e-7,true,0,0,,true
FULL_DEV_750_UNITS,M11_OPT_V1_BATCHED_PCA_SCALER,530102,40,26,,true,1.2874432497866906e-7,true,0,0,,true
FULL_DEV_750_UNITS,M11_OPT_V1_BATCHED_PCA_SCALER,530103,10,26,,true,1.4541291160075076e-7,true,0,0,,true
FULL_DEV_750_UNITS,M11_OPT_V1_BATCHED_PCA_SCALER,530103,15,26,,true,1.4541291160075076e-7,true,0,0,,true
FULL_DEV_750_UNITS,M11_OPT_V1_BATCHED_PCA_SCALER,530103,20,26,,true,1.4541291160075076e-7,true,0,0,,true
FULL_DEV_750_UNITS,M11_OPT_V1_BATCHED_PCA_SCALER,530103,30,26,,true,1.4541291160075076e-7,true,0,0,,true
FULL_DEV_750_UNITS,M11_OPT_V1_BATCHED_PCA_SCALER,530103,40,26,,true,1.4541291160075076e-7,true,0,0,,true
FULL_DEV_750_UNITS,M11_OPT_V1_BATCHED_PCA_SCALER,530101,10,27,,true,1.355601463304268e-7,true,0,0,,true
FULL_DEV_750_UNITS,M11_OPT_V1_BATCHED_PCA_SCALER,530101,15,27,,true,1.355601463304268e-7,true,0,0,,true
FULL_DEV_750_UNITS,M11_OPT_V1_BATCHED_PCA_SCALER,530101,20,27,,true,1.355601463304268e-7,true,0,0,,true
FULL_DEV_750_UNITS,M11_OPT_V1_BATCHED_PCA_SCALER,530101,30,27,,true,1.355601463304268e-7,true,0,0,,true
FULL_DEV_750_UNITS,M11_OPT_V1_BATCHED_PCA_SCALER,530101,40,27,,true,1.355601463304268e-7,true,0,0,,true
FULL_DEV_750_UNITS,M11_OPT_V1_BATCHED_PCA_SCALER,530102,10,27,,true,9.687850421880029e-8,true,0,0,,true
FULL_DEV_750_UNITS,M11_OPT_V1_BATCHED_PCA_SCALER,530102,15,27,,true,9.687850421880029e-8,true,0,0,,true
FULL_DEV_750_UNITS,M11_OPT_V1_BATCHED_PCA_SCALER,530102,20,27,,true,9.687850421880029e-8,true,0,0,,true
FULL_DEV_750_UNITS,M11_OPT_V1_BATCHED_PCA_SCALER,530102,30,27,,true,9.687850421880029e-8,true,0,0,,true
FULL_DEV_750_UNITS,M11_OPT_V1_BATCHED_PCA_SCALER,530102,40,27,,true,9.687850421880029e-8,true,0,0,,true
FULL_DEV_750_UNITS,M11_OPT_V1_BATCHED_PCA_SCALER,530103,10,27,,true,1.1385527315388444e-7,true,0,0,,true
FULL_DEV_750_UNITS,M11_OPT_V1_BATCHED_PCA_SCALER,530103,15,27,,true,1.1385527315388444e-7,true,0,0,,true
FULL_DEV_750_UNITS,M11_OPT_V1_BATCHED_PCA_SCALER,530103,20,27,,true,1.1385527315388444e-7,true,0,0,,true
FULL_DEV_750_UNITS,M11_OPT_V1_BATCHED_PCA_SCALER,530103,30,27,,true,1.1385527315388444e-7,true,0,0,,true
FULL_DEV_750_UNITS,M11_OPT_V1_BATCHED_PCA_SCALER,530103,40,27,,true,1.1385527315388444e-7,true,0,0,,true
FULL_DEV_750_UNITS,M11_OPT_V1_BATCHED_PCA_SCALER,530101,10,28,,true,1.407532889130536e-7,true,0,0,,true
FULL_DEV_750_UNITS,M11_OPT_V1_BATCHED_PCA_SCALER,530101,15,28,,true,1.407532889130536e-7,true,0,0,,true
FULL_DEV_750_UNITS,M11_OPT_V1_BATCHED_PCA_SCALER,530101,20,28,,true,1.407532889130536e-7,true,0,0,,true
FULL_DEV_750_UNITS,M11_OPT_V1_BATCHED_PCA_SCALER,530101,30,28,,true,1.407532889130536e-7,true,0,0,,true
FULL_DEV_750_UNITS,M11_OPT_V1_BATCHED_PCA_SCALER,530101,40,28,,true,1.407532889130536e-7,true,0,0,,true
FULL_DEV_750_UNITS,M11_OPT_V1_BATCHED_PCA_SCALER,530102,10,28,,true,1.244172118664011e-7,true,0,0,,true
FULL_DEV_750_UNITS,M11_OPT_V1_BATCHED_PCA_SCALER,530102,15,28,,true,1.244172118664011e-7,true,0,0,,true
FULL_DEV_750_UNITS,M11_OPT_V1_BATCHED_PCA_SCALER,530102,20,28,,true,1.244172118664011e-7,true,0,0,,true
FULL_DEV_750_UNITS,M11_OPT_V1_BATCHED_PCA_SCALER,530102,30,28,,true,1.244172118664011e-7,true,0,0,,true
FULL_DEV_750_UNITS,M11_OPT_V1_BATCHED_PCA_SCALER,530102,40,28,,true,1.244172118664011e-7,true,0,0,,true
FULL_DEV_750_UNITS,M11_OPT_V1_BATCHED_PCA_SCALER,530103,10,28,,true,1.3038420723643362e-7,true,0,0,,true
FULL_DEV_750_UNITS,M11_OPT_V1_BATCHED_PCA_SCALER,530103,15,28,,true,1.3038420723643362e-7,true,0,0,,true
FULL_DEV_750_UNITS,M11_OPT_V1_BATCHED_PCA_SCALER,530103,20,28,,true,1.3038420723643362e-7,true,0,0,,true
FULL_DEV_750_UNITS,M11_OPT_V1_BATCHED_PCA_SCALER,530103,30,28,,true,1.3038420723643362e-7,true,0,0,,true
FULL_DEV_750_UNITS,M11_OPT_V1_BATCHED_PCA_SCALER,530103,40,28,,true,1.3038420723643362e-7,true,0,0,,true
FULL_DEV_750_UNITS,M11_OPT_V1_BATCHED_PCA_SCALER,530101,10,29,,true,1.5609556330842267e-7,true,0,0,,true
FULL_DEV_750_UNITS,M11_OPT_V1_BATCHED_PCA_SCALER,530101,15,29,,true,1.5609556330842267e-7,true,0,0,,true
FULL_DEV_750_UNITS,M11_OPT_V1_BATCHED_PCA_SCALER,530101,20,29,,true,1.5609556330842267e-7,true,0,0,,true
FULL_DEV_750_UNITS,M11_OPT_V1_BATCHED_PCA_SCALER,530101,30,29,,true,1.5609556330842267e-7,true,0,0,,true
FULL_DEV_750_UNITS,M11_OPT_V1_BATCHED_PCA_SCALER,530101,40,29,,true,1.5609556330842267e-7,true,0,0,,true
FULL_DEV_750_UNITS,M11_OPT_V1_BATCHED_PCA_SCALER,530102,10,29,,true,1.1199374549963892e-7,true,0,0,,true
FULL_DEV_750_UNITS,M11_OPT_V1_BATCHED_PCA_SCALER,530102,15,29,,true,1.1199374549963892e-7,true,0,0,,true
FULL_DEV_750_UNITS,M11_OPT_V1_BATCHED_PCA_SCALER,530102,20,29,,true,1.1199374549963892e-7,true,0,0,,true
FULL_DEV_750_UNITS,M11_OPT_V1_BATCHED_PCA_SCALER,530102,30,29,,true,1.1199374549963892e-7,true,0,0,,true
FULL_DEV_750_UNITS,M11_OPT_V1_BATCHED_PCA_SCALER,530102,40,29,,true,1.1199374549963892e-7,true,0,0,,true
FULL_DEV_750_UNITS,M11_OPT_V1_BATCHED_PCA_SCALER,530103,10,29,,true,1.6320061163588306e-7,true,0,0,,true
FULL_DEV_750_UNITS,M11_OPT_V1_BATCHED_PCA_SCALER,530103,15,29,,true,1.6320061163588306e-7,true,0,0,,true
FULL_DEV_750_UNITS,M11_OPT_V1_BATCHED_PCA_SCALER,530103,20,29,,true,1.6320061163588306e-7,true,0,0,,true
FULL_DEV_750_UNITS,M11_OPT_V1_BATCHED_PCA_SCALER,530103,30,29,,true,1.6320061163588306e-7,true,0,0,,true
FULL_DEV_750_UNITS,M11_OPT_V1_BATCHED_PCA_SCALER,530103,40,29,,true,1.6320061163588306e-7,true,0,0,,true
FULL_DEV_750_UNITS,M11_OPT_V1_BATCHED_PCA_SCALER,530101,10,30,,true,1.450784893886059e-7,true,0,0,,true
FULL_DEV_750_UNITS,M11_OPT_V1_BATCHED_PCA_SCALER,530101,15,30,,true,1.450784893886059e-7,true,0,0,,true
FULL_DEV_750_UNITS,M11_OPT_V1_BATCHED_PCA_SCALER,530101,20,30,,true,1.450784893886059e-7,true,0,0,,true
FULL_DEV_750_UNITS,M11_OPT_V1_BATCHED_PCA_SCALER,530101,30,30,,true,1.450784893886059e-7,true,0,0,,true
FULL_DEV_750_UNITS,M11_OPT_V1_BATCHED_PCA_SCALER,530101,40,30,,true,1.450784893886059e-7,true,0,0,,true
FULL_DEV_750_UNITS,M11_OPT_V1_BATCHED_PCA_SCALER,530102,10,30,,true,1.0732579802663622e-7,true,0,0,,true
FULL_DEV_750_UNITS,M11_OPT_V1_BATCHED_PCA_SCALER,530102,15,30,,true,1.0732579802663622e-7,true,0,0,,true
FULL_DEV_750_UNITS,M11_OPT_V1_BATCHED_PCA_SCALER,530102,20,30,,true,1.0732579802663622e-7,true,0,0,,true
FULL_DEV_750_UNITS,M11_OPT_V1_BATCHED_PCA_SCALER,530102,30,30,,true,1.0732579802663622e-7,true,0,0,,true
FULL_DEV_750_UNITS,M11_OPT_V1_BATCHED_PCA_SCALER,530102,40,30,,true,1.0732579802663622e-7,true,0,0,,true
FULL_DEV_750_UNITS,M11_OPT_V1_BATCHED_PCA_SCALER,530103,10,30,,true,1.2381705555286615e-7,true,0,0,,true
FULL_DEV_750_UNITS,M11_OPT_V1_BATCHED_PCA_SCALER,530103,15,30,,true,1.2381705555286615e-7,true,0,0,,true
FULL_DEV_750_UNITS,M11_OPT_V1_BATCHED_PCA_SCALER,530103,20,30,,true,1.2381705555286615e-7,true,0,0,,true
FULL_DEV_750_UNITS,M11_OPT_V1_BATCHED_PCA_SCALER,530103,30,30,,true,1.2381705555286615e-7,true,0,0,,true
FULL_DEV_750_UNITS,M11_OPT_V1_BATCHED_PCA_SCALER,530103,40,30,,true,1.2381705555286615e-7,true,0,0,,true
FULL_DEV_750_UNITS,M11_OPT_V1_BATCHED_PCA_SCALER,530101,10,31,,true,1.3952265492944704e-7,true,0,0,,true
FULL_DEV_750_UNITS,M11_OPT_V1_BATCHED_PCA_SCALER,530101,15,31,,true,1.3952265492944704e-7,true,0,0,,true
FULL_DEV_750_UNITS,M11_OPT_V1_BATCHED_PCA_SCALER,530101,20,31,,true,1.3952265492944704e-7,true,0,0,,true
FULL_DEV_750_UNITS,M11_OPT_V1_BATCHED_PCA_SCALER,530101,30,31,,true,1.3952265492944704e-7,true,0,0,,true
FULL_DEV_750_UNITS,M11_OPT_V1_BATCHED_PCA_SCALER,530101,40,31,,true,1.3952265492944704e-7,true,0,0,,true
FULL_DEV_750_UNITS,M11_OPT_V1_BATCHED_PCA_SCALER,530102,10,31,,true,1.1977736952273332e-7,true,0,0,,true
FULL_DEV_750_UNITS,M11_OPT_V1_BATCHED_PCA_SCALER,530102,15,31,,true,1.1977736952273332e-7,true,0,0,,true
FULL_DEV_750_UNITS,M11_OPT_V1_BATCHED_PCA_SCALER,530102,20,31,,true,1.1977736952273332e-7,true,0,0,,true
FULL_DEV_750_UNITS,M11_OPT_V1_BATCHED_PCA_SCALER,530102,30,31,,true,1.1977736952273332e-7,true,0,0,,true
FULL_DEV_750_UNITS,M11_OPT_V1_BATCHED_PCA_SCALER,530102,40,31,,true,1.1977736952273332e-7,true,0,0,,true
FULL_DEV_750_UNITS,M11_OPT_V1_BATCHED_PCA_SCALER,530103,10,31,,true,1.1934549024039676e-7,true,0,0,,true
FULL_DEV_750_UNITS,M11_OPT_V1_BATCHED_PCA_SCALER,530103,15,31,,true,1.1934549024039676e-7,true,0,0,,true
FULL_DEV_750_UNITS,M11_OPT_V1_BATCHED_PCA_SCALER,530103,20,31,,true,1.1934549024039676e-7,true,0,0,,true
FULL_DEV_750_UNITS,M11_OPT_V1_BATCHED_PCA_SCALER,530103,30,31,,true,1.1934549024039676e-7,true,0,0,,true
FULL_DEV_750_UNITS,M11_OPT_V1_BATCHED_PCA_SCALER,530103,40,31,,true,1.1934549024039676e-7,true,0,0,,true
FULL_DEV_750_UNITS,M11_OPT_V1_BATCHED_PCA_SCALER,530101,10,32,,true,1.778930201479234e-7,true,0,0,,true
FULL_DEV_750_UNITS,M11_OPT_V1_BATCHED_PCA_SCALER,530101,15,32,,true,1.778930201479234e-7,true,0,0,,true
FULL_DEV_750_UNITS,M11_OPT_V1_BATCHED_PCA_SCALER,530101,20,32,,true,1.778930201479234e-7,true,0,0,,true
FULL_DEV_750_UNITS,M11_OPT_V1_BATCHED_PCA_SCALER,530101,30,32,,true,1.778930201479234e-7,true,0,0,,true
FULL_DEV_750_UNITS,M11_OPT_V1_BATCHED_PCA_SCALER,530101,40,32,,true,1.778930201479234e-7,true,0,0,,true
FULL_DEV_750_UNITS,M11_OPT_V1_BATCHED_PCA_SCALER,530102,10,32,,true,1.1444671366156456e-7,true,0,0,,true
FULL_DEV_750_UNITS,M11_OPT_V1_BATCHED_PCA_SCALER,530102,15,32,,true,1.1444671366156456e-7,true,0,0,,true
FULL_DEV_750_UNITS,M11_OPT_V1_BATCHED_PCA_SCALER,530102,20,32,,true,1.1444671366156456e-7,true,0,0,,true
FULL_DEV_750_UNITS,M11_OPT_V1_BATCHED_PCA_SCALER,530102,30,32,,true,1.1444671366156456e-7,true,0,0,,true
FULL_DEV_750_UNITS,M11_OPT_V1_BATCHED_PCA_SCALER,530102,40,32,,true,1.1444671366156456e-7,true,0,0,,true
FULL_DEV_750_UNITS,M11_OPT_V1_BATCHED_PCA_SCALER,530103,10,32,,true,1.4931288455644065e-7,true,0,0,,true
FULL_DEV_750_UNITS,M11_OPT_V1_BATCHED_PCA_SCALER,530103,15,32,,true,1.4931288455644065e-7,true,0,0,,true
FULL_DEV_750_UNITS,M11_OPT_V1_BATCHED_PCA_SCALER,530103,20,32,,true,1.4931288455644065e-7,true,0,0,,true
FULL_DEV_750_UNITS,M11_OPT_V1_BATCHED_PCA_SCALER,530103,30,32,,true,1.4931288455644065e-7,true,0,0,,true
FULL_DEV_750_UNITS,M11_OPT_V1_BATCHED_PCA_SCALER,530103,40,32,,true,1.4931288455644065e-7,true,0,0,,true
FULL_DEV_750_UNITS,M11_OPT_V1_BATCHED_PCA_SCALER,530101,10,33,,true,1.2301663275537944e-7,true,0,0,,true
FULL_DEV_750_UNITS,M11_OPT_V1_BATCHED_PCA_SCALER,530101,15,33,,true,1.2301663275537944e-7,true,0,0,,true
FULL_DEV_750_UNITS,M11_OPT_V1_BATCHED_PCA_SCALER,530101,20,33,,true,1.2301663275537944e-7,true,0,0,,true
FULL_DEV_750_UNITS,M11_OPT_V1_BATCHED_PCA_SCALER,530101,30,33,,true,1.2301663275537944e-7,true,0,0,,true
FULL_DEV_750_UNITS,M11_OPT_V1_BATCHED_PCA_SCALER,530101,40,33,,true,1.2301663275537944e-7,true,0,0,,true
FULL_DEV_750_UNITS,M11_OPT_V1_BATCHED_PCA_SCALER,530102,10,33,,true,1.0250576221171315e-7,true,0,0,,true
FULL_DEV_750_UNITS,M11_OPT_V1_BATCHED_PCA_SCALER,530102,15,33,,true,1.0250576221171315e-7,true,0,0,,true
FULL_DEV_750_UNITS,M11_OPT_V1_BATCHED_PCA_SCALER,530102,20,33,,true,1.0250576221171315e-7,true,0,0,,true
FULL_DEV_750_UNITS,M11_OPT_V1_BATCHED_PCA_SCALER,530102,30,33,,true,1.0250576221171315e-7,true,0,0,,true
FULL_DEV_750_UNITS,M11_OPT_V1_BATCHED_PCA_SCALER,530102,40,33,,true,1.0250576221171315e-7,true,0,0,,true
FULL_DEV_750_UNITS,M11_OPT_V1_BATCHED_PCA_SCALER,530103,10,33,,true,1.1698637969459469e-7,true,0,0,,true
FULL_DEV_750_UNITS,M11_OPT_V1_BATCHED_PCA_SCALER,530103,15,33,,true,1.1698637969459469e-7,true,0,0,,true
FULL_DEV_750_UNITS,M11_OPT_V1_BATCHED_PCA_SCALER,530103,20,33,,true,1.1698637969459469e-7,true,0,0,,true
FULL_DEV_750_UNITS,M11_OPT_V1_BATCHED_PCA_SCALER,530103,30,33,,true,1.1698637969459469e-7,true,0,0,,true
FULL_DEV_750_UNITS,M11_OPT_V1_BATCHED_PCA_SCALER,530103,40,33,,true,1.1698637969459469e-7,true,0,0,,true
FULL_DEV_750_UNITS,M11_OPT_V1_BATCHED_PCA_SCALER,530101,10,34,,true,1.9129469669421084e-7,true,0,0,,true
FULL_DEV_750_UNITS,M11_OPT_V1_BATCHED_PCA_SCALER,530101,15,34,,true,1.9129469669421084e-7,true,0,0,,true
FULL_DEV_750_UNITS,M11_OPT_V1_BATCHED_PCA_SCALER,530101,20,34,,true,1.9129469669421084e-7,true,0,0,,true
FULL_DEV_750_UNITS,M11_OPT_V1_BATCHED_PCA_SCALER,530101,30,34,,true,1.9129469669421084e-7,true,0,0,,true
FULL_DEV_750_UNITS,M11_OPT_V1_BATCHED_PCA_SCALER,530101,40,34,,true,1.9129469669421084e-7,true,0,0,,true
FULL_DEV_750_UNITS,M11_OPT_V1_BATCHED_PCA_SCALER,530102,10,34,,true,1.0405795036749765e-7,true,0,0,,true
FULL_DEV_750_UNITS,M11_OPT_V1_BATCHED_PCA_SCALER,530102,15,34,,true,1.0405795036749765e-7,true,0,0,,true
FULL_DEV_750_UNITS,M11_OPT_V1_BATCHED_PCA_SCALER,530102,20,34,,true,1.0405795036749765e-7,true,0,0,,true
FULL_DEV_750_UNITS,M11_OPT_V1_BATCHED_PCA_SCALER,530102,30,34,,true,1.0405795036749765e-7,true,0,0,,true
FULL_DEV_750_UNITS,M11_OPT_V1_BATCHED_PCA_SCALER,530102,40,34,,true,1.0405795036749765e-7,true,0,0,,true
FULL_DEV_750_UNITS,M11_OPT_V1_BATCHED_PCA_SCALER,530103,10,34,,true,1.1983338787935338e-7,true,0,0,,true
FULL_DEV_750_UNITS,M11_OPT_V1_BATCHED_PCA_SCALER,530103,15,34,,true,1.1983338787935338e-7,true,0,0,,true
FULL_DEV_750_UNITS,M11_OPT_V1_BATCHED_PCA_SCALER,530103,20,34,,true,1.1983338787935338e-7,true,0,0,,true
FULL_DEV_750_UNITS,M11_OPT_V1_BATCHED_PCA_SCALER,530103,30,34,,true,1.1983338787935338e-7,true,0,0,,true
FULL_DEV_750_UNITS,M11_OPT_V1_BATCHED_PCA_SCALER,530103,40,34,,true,1.1983338787935338e-7,true,0,0,,true
FULL_DEV_750_UNITS,M11_OPT_V1_BATCHED_PCA_SCALER,530101,10,35,,true,1.5362123750861656e-7,true,0,0,,true
FULL_DEV_750_UNITS,M11_OPT_V1_BATCHED_PCA_SCALER,530101,15,35,,true,1.5362123750861656e-7,true,0,0,,true
FULL_DEV_750_UNITS,M11_OPT_V1_BATCHED_PCA_SCALER,530101,20,35,,true,1.5362123750861656e-7,true,0,0,,true
FULL_DEV_750_UNITS,M11_OPT_V1_BATCHED_PCA_SCALER,530101,30,35,,true,1.5362123750861656e-7,true,0,0,,true
FULL_DEV_750_UNITS,M11_OPT_V1_BATCHED_PCA_SCALER,530101,40,35,,true,1.5362123750861656e-7,true,0,0,,true
FULL_DEV_750_UNITS,M11_OPT_V1_BATCHED_PCA_SCALER,530102,10,35,,true,1.2219103823207789e-7,true,0,0,,true
FULL_DEV_750_UNITS,M11_OPT_V1_BATCHED_PCA_SCALER,530102,15,35,,true,1.2219103823207789e-7,true,0,0,,true
FULL_DEV_750_UNITS,M11_OPT_V1_BATCHED_PCA_SCALER,530102,20,35,,true,1.2219103823207789e-7,true,0,0,,true
FULL_DEV_750_UNITS,M11_OPT_V1_BATCHED_PCA_SCALER,530102,30,35,,true,1.2219103823207789e-7,true,0,0,,true
FULL_DEV_750_UNITS,M11_OPT_V1_BATCHED_PCA_SCALER,530102,40,35,,true,1.2219103823207789e-7,true,0,0,,true
FULL_DEV_750_UNITS,M11_OPT_V1_BATCHED_PCA_SCALER,530103,10,35,,true,1.5473126085963074e-7,true,0,0,,true
FULL_DEV_750_UNITS,M11_OPT_V1_BATCHED_PCA_SCALER,530103,15,35,,true,1.5473126085963074e-7,true,0,0,,true
FULL_DEV_750_UNITS,M11_OPT_V1_BATCHED_PCA_SCALER,530103,20,35,,true,1.5473126085963074e-7,true,0,0,,true
FULL_DEV_750_UNITS,M11_OPT_V1_BATCHED_PCA_SCALER,530103,30,35,,true,1.5473126085963074e-7,true,0,0,,true
FULL_DEV_750_UNITS,M11_OPT_V1_BATCHED_PCA_SCALER,530103,40,35,,true,1.5473126085963074e-7,true,0,0,,true
FULL_DEV_750_UNITS,M11_OPT_V1_BATCHED_PCA_SCALER,530101,10,36,,true,1.6147145004419272e-7,true,0,0,,true
FULL_DEV_750_UNITS,M11_OPT_V1_BATCHED_PCA_SCALER,530101,15,36,,true,1.6147145004419272e-7,true,0,0,,true
FULL_DEV_750_UNITS,M11_OPT_V1_BATCHED_PCA_SCALER,530101,20,36,,true,1.6147145004419272e-7,true,0,0,,true
FULL_DEV_750_UNITS,M11_OPT_V1_BATCHED_PCA_SCALER,530101,30,36,,true,1.6147145004419272e-7,true,0,0,,true
FULL_DEV_750_UNITS,M11_OPT_V1_BATCHED_PCA_SCALER,530101,40,36,,true,1.6147145004419272e-7,true,0,0,,true
FULL_DEV_750_UNITS,M11_OPT_V1_BATCHED_PCA_SCALER,530102,10,36,,true,1.1259861881773858e-7,true,0,0,,true
FULL_DEV_750_UNITS,M11_OPT_V1_BATCHED_PCA_SCALER,530102,15,36,,true,1.1259861881773858e-7,true,0,0,,true
FULL_DEV_750_UNITS,M11_OPT_V1_BATCHED_PCA_SCALER,530102,20,36,,true,1.1259861881773858e-7,true,0,0,,true
FULL_DEV_750_UNITS,M11_OPT_V1_BATCHED_PCA_SCALER,530102,30,36,,true,1.1259861881773858e-7,true,0,0,,true
FULL_DEV_750_UNITS,M11_OPT_V1_BATCHED_PCA_SCALER,530102,40,36,,true,1.1259861881773858e-7,true,0,0,,true
FULL_DEV_750_UNITS,M11_OPT_V1_BATCHED_PCA_SCALER,530103,10,36,,true,1.6457927459745392e-7,true,0,0,,true
FULL_DEV_750_UNITS,M11_OPT_V1_BATCHED_PCA_SCALER,530103,15,36,,true,1.6457927459745392e-7,true,0,0,,true
FULL_DEV_750_UNITS,M11_OPT_V1_BATCHED_PCA_SCALER,530103,20,36,,true,1.6457927459745392e-7,true,0,0,,true
FULL_DEV_750_UNITS,M11_OPT_V1_BATCHED_PCA_SCALER,530103,30,36,,true,1.6457927459745392e-7,true,0,0,,true
FULL_DEV_750_UNITS,M11_OPT_V1_BATCHED_PCA_SCALER,530103,40,36,,true,1.6457927459745392e-7,true,0,0,,true
FULL_DEV_750_UNITS,M11_OPT_V1_BATCHED_PCA_SCALER,530101,10,37,,true,2.015057986026747e-7,true,0,0,,true
FULL_DEV_750_UNITS,M11_OPT_V1_BATCHED_PCA_SCALER,530101,15,37,,true,2.015057986026747e-7,true,0,0,,true
FULL_DEV_750_UNITS,M11_OPT_V1_BATCHED_PCA_SCALER,530101,20,37,,true,2.015057986026747e-7,true,0,0,,true
FULL_DEV_750_UNITS,M11_OPT_V1_BATCHED_PCA_SCALER,530101,30,37,,true,2.015057986026747e-7,true,0,0,,true
FULL_DEV_750_UNITS,M11_OPT_V1_BATCHED_PCA_SCALER,530101,40,37,,true,2.015057986026747e-7,true,0,0,,true
FULL_DEV_750_UNITS,M11_OPT_V1_BATCHED_PCA_SCALER,530102,10,37,,true,1.1041693173674538e-7,true,0,0,,true
FULL_DEV_750_UNITS,M11_OPT_V1_BATCHED_PCA_SCALER,530102,15,37,,true,1.1041693173674538e-7,true,0,0,,true
FULL_DEV_750_UNITS,M11_OPT_V1_BATCHED_PCA_SCALER,530102,20,37,,true,1.1041693173674538e-7,true,0,0,,true
FULL_DEV_750_UNITS,M11_OPT_V1_BATCHED_PCA_SCALER,530102,30,37,,true,1.1041693173674538e-7,true,0,0,,true
FULL_DEV_750_UNITS,M11_OPT_V1_BATCHED_PCA_SCALER,530102,40,37,,true,1.1041693173674538e-7,true,0,0,,true
FULL_DEV_750_UNITS,M11_OPT_V1_BATCHED_PCA_SCALER,530103,10,37,,true,1.1310415010123975e-7,true,0,0,,true
FULL_DEV_750_UNITS,M11_OPT_V1_BATCHED_PCA_SCALER,530103,15,37,,true,1.1310415010123975e-7,true,0,0,,true
FULL_DEV_750_UNITS,M11_OPT_V1_BATCHED_PCA_SCALER,530103,20,37,,true,1.1310415010123975e-7,true,0,0,,true
FULL_DEV_750_UNITS,M11_OPT_V1_BATCHED_PCA_SCALER,530103,30,37,,true,1.1310415010123975e-7,true,0,0,,true
FULL_DEV_750_UNITS,M11_OPT_V1_BATCHED_PCA_SCALER,530103,40,37,,true,1.1310415010123975e-7,true,0,0,,true
FULL_DEV_750_UNITS,M11_OPT_V1_BATCHED_PCA_SCALER,530101,10,38,,true,1.603430184737853e-7,true,0,0,,true
FULL_DEV_750_UNITS,M11_OPT_V1_BATCHED_PCA_SCALER,530101,15,38,,true,1.603430184737853e-7,true,0,0,,true
FULL_DEV_750_UNITS,M11_OPT_V1_BATCHED_PCA_SCALER,530101,20,38,,true,1.603430184737853e-7,true,0,0,,true
FULL_DEV_750_UNITS,M11_OPT_V1_BATCHED_PCA_SCALER,530101,30,38,,true,1.603430184737853e-7,true,0,0,,true
FULL_DEV_750_UNITS,M11_OPT_V1_BATCHED_PCA_SCALER,530101,40,38,,true,1.603430184737853e-7,true,0,0,,true
FULL_DEV_750_UNITS,M11_OPT_V1_BATCHED_PCA_SCALER,530102,10,38,,true,1.1561699875262121e-7,true,0,0,,true
FULL_DEV_750_UNITS,M11_OPT_V1_BATCHED_PCA_SCALER,530102,15,38,,true,1.1561699875262121e-7,true,0,0,,true
FULL_DEV_750_UNITS,M11_OPT_V1_BATCHED_PCA_SCALER,530102,20,38,,true,1.1561699875262121e-7,true,0,0,,true
FULL_DEV_750_UNITS,M11_OPT_V1_BATCHED_PCA_SCALER,530102,30,38,,true,1.1561699875262121e-7,true,0,0,,true
FULL_DEV_750_UNITS,M11_OPT_V1_BATCHED_PCA_SCALER,530102,40,38,,true,1.1561699875262121e-7,true,0,0,,true
FULL_DEV_750_UNITS,M11_OPT_V1_BATCHED_PCA_SCALER,530103,10,38,,true,1.6708291594724756e-7,true,0,0,,true
FULL_DEV_750_UNITS,M11_OPT_V1_BATCHED_PCA_SCALER,530103,15,38,,true,1.6708291594724756e-7,true,0,0,,true
FULL_DEV_750_UNITS,M11_OPT_V1_BATCHED_PCA_SCALER,530103,20,38,,true,1.6708291594724756e-7,true,0,0,,true
FULL_DEV_750_UNITS,M11_OPT_V1_BATCHED_PCA_SCALER,530103,30,38,,true,1.6708291594724756e-7,true,0,0,,true
FULL_DEV_750_UNITS,M11_OPT_V1_BATCHED_PCA_SCALER,530103,40,38,,true,1.6708291594724756e-7,true,0,0,,true
FULL_DEV_750_UNITS,M11_OPT_V1_BATCHED_PCA_SCALER,530101,10,39,,true,1.7679110023149924e-7,true,0,0,,true
FULL_DEV_750_UNITS,M11_OPT_V1_BATCHED_PCA_SCALER,530101,15,39,,true,1.7679110023149924e-7,true,0,0,,true
FULL_DEV_750_UNITS,M11_OPT_V1_BATCHED_PCA_SCALER,530101,20,39,,true,1.7679110023149924e-7,true,0,0,,true
FULL_DEV_750_UNITS,M11_OPT_V1_BATCHED_PCA_SCALER,530101,30,39,,true,1.7679110023149924e-7,true,0,0,,true
FULL_DEV_750_UNITS,M11_OPT_V1_BATCHED_PCA_SCALER,530101,40,39,,true,1.7679110023149924e-7,true,0,0,,true
FULL_DEV_750_UNITS,M11_OPT_V1_BATCHED_PCA_SCALER,530102,10,39,,true,9.936587436198963e-8,true,0,0,,true
FULL_DEV_750_UNITS,M11_OPT_V1_BATCHED_PCA_SCALER,530102,15,39,,true,9.936587436198963e-8,true,0,0,,true
FULL_DEV_750_UNITS,M11_OPT_V1_BATCHED_PCA_SCALER,530102,20,39,,true,9.936587436198963e-8,true,0,0,,true
FULL_DEV_750_UNITS,M11_OPT_V1_BATCHED_PCA_SCALER,530102,30,39,,true,9.936587436198963e-8,true,0,0,,true
FULL_DEV_750_UNITS,M11_OPT_V1_BATCHED_PCA_SCALER,530102,40,39,,true,9.936587436198963e-8,true,0,0,,true
FULL_DEV_750_UNITS,M11_OPT_V1_BATCHED_PCA_SCALER,530103,10,39,,true,1.1928922216686288e-7,true,0,0,,true
FULL_DEV_750_UNITS,M11_OPT_V1_BATCHED_PCA_SCALER,530103,15,39,,true,1.1928922216686288e-7,true,0,0,,true
FULL_DEV_750_UNITS,M11_OPT_V1_BATCHED_PCA_SCALER,530103,20,39,,true,1.1928922216686288e-7,true,0,0,,true
FULL_DEV_750_UNITS,M11_OPT_V1_BATCHED_PCA_SCALER,530103,30,39,,true,1.1928922216686288e-7,true,0,0,,true
FULL_DEV_750_UNITS,M11_OPT_V1_BATCHED_PCA_SCALER,530103,40,39,,true,1.1928922216686288e-7,true,0,0,,true
FULL_DEV_750_UNITS,M11_OPT_V1_BATCHED_PCA_SCALER,530101,10,40,,true,1.5928160679301584e-7,true,0,0,,true
FULL_DEV_750_UNITS,M11_OPT_V1_BATCHED_PCA_SCALER,530101,15,40,,true,1.5928160679301584e-7,true,0,0,,true
FULL_DEV_750_UNITS,M11_OPT_V1_BATCHED_PCA_SCALER,530101,20,40,,true,1.5928160679301584e-7,true,0,0,,true
FULL_DEV_750_UNITS,M11_OPT_V1_BATCHED_PCA_SCALER,530101,30,40,,true,1.5928160679301584e-7,true,0,0,,true
FULL_DEV_750_UNITS,M11_OPT_V1_BATCHED_PCA_SCALER,530101,40,40,,true,1.5928160679301584e-7,true,0,0,,true
FULL_DEV_750_UNITS,M11_OPT_V1_BATCHED_PCA_SCALER,530102,10,40,,true,9.562514757810447e-8,true,0,0,,true
FULL_DEV_750_UNITS,M11_OPT_V1_BATCHED_PCA_SCALER,530102,15,40,,true,9.562514757810447e-8,true,0,0,,true
FULL_DEV_750_UNITS,M11_OPT_V1_BATCHED_PCA_SCALER,530102,20,40,,true,9.562514757810447e-8,true,0,0,,true
FULL_DEV_750_UNITS,M11_OPT_V1_BATCHED_PCA_SCALER,530102,30,40,,true,9.562514757810447e-8,true,0,0,,true
FULL_DEV_750_UNITS,M11_OPT_V1_BATCHED_PCA_SCALER,530102,40,40,,true,9.562514757810447e-8,true,0,0,,true
FULL_DEV_750_UNITS,M11_OPT_V1_BATCHED_PCA_SCALER,530103,10,40,,true,1.3998461750874824e-7,true,0,0,,true
FULL_DEV_750_UNITS,M11_OPT_V1_BATCHED_PCA_SCALER,530103,15,40,,true,1.3998461750874824e-7,true,0,0,,true
FULL_DEV_750_UNITS,M11_OPT_V1_BATCHED_PCA_SCALER,530103,20,40,,true,1.3998461750874824e-7,true,0,0,,true
FULL_DEV_750_UNITS,M11_OPT_V1_BATCHED_PCA_SCALER,530103,30,40,,true,1.3998461750874824e-7,true,0,0,,true
FULL_DEV_750_UNITS,M11_OPT_V1_BATCHED_PCA_SCALER,530103,40,40,,true,1.3998461750874824e-7,true,0,0,,true
FULL_DEV_750_UNITS,M11_OPT_V1_BATCHED_PCA_SCALER,530101,10,41,,true,2.451540928039009e-7,true,0,0,,true
FULL_DEV_750_UNITS,M11_OPT_V1_BATCHED_PCA_SCALER,530101,15,41,,true,2.451540928039009e-7,true,0,0,,true
FULL_DEV_750_UNITS,M11_OPT_V1_BATCHED_PCA_SCALER,530101,20,41,,true,2.451540928039009e-7,true,0,0,,true
FULL_DEV_750_UNITS,M11_OPT_V1_BATCHED_PCA_SCALER,530101,30,41,,true,2.451540928039009e-7,true,0,0,,true
FULL_DEV_750_UNITS,M11_OPT_V1_BATCHED_PCA_SCALER,530101,40,41,,true,2.451540928039009e-7,true,0,0,,true
FULL_DEV_750_UNITS,M11_OPT_V1_BATCHED_PCA_SCALER,530102,10,41,,true,1.2454287645624618e-7,true,0,0,,true
FULL_DEV_750_UNITS,M11_OPT_V1_BATCHED_PCA_SCALER,530102,15,41,,true,1.2454287645624618e-7,true,0,0,,true
FULL_DEV_750_UNITS,M11_OPT_V1_BATCHED_PCA_SCALER,530102,20,41,,true,1.2454287645624618e-7,true,0,0,,true
FULL_DEV_750_UNITS,M11_OPT_V1_BATCHED_PCA_SCALER,530102,30,41,,true,1.2454287645624618e-7,true,0,0,,true
FULL_DEV_750_UNITS,M11_OPT_V1_BATCHED_PCA_SCALER,530102,40,41,,true,1.2454287645624618e-7,true,0,0,,true
FULL_DEV_750_UNITS,M11_OPT_V1_BATCHED_PCA_SCALER,530103,10,41,,true,1.2380559269442593e-7,true,0,0,,true
FULL_DEV_750_UNITS,M11_OPT_V1_BATCHED_PCA_SCALER,530103,15,41,,true,1.2380559269442593e-7,true,0,0,,true
FULL_DEV_750_UNITS,M11_OPT_V1_BATCHED_PCA_SCALER,530103,20,41,,true,1.2380559269442593e-7,true,0,0,,true
FULL_DEV_750_UNITS,M11_OPT_V1_BATCHED_PCA_SCALER,530103,30,41,,true,1.2380559269442593e-7,true,0,0,,true
FULL_DEV_750_UNITS,M11_OPT_V1_BATCHED_PCA_SCALER,530103,40,41,,true,1.2380559269442593e-7,true,0,0,,true
FULL_DEV_750_UNITS,M11_OPT_V1_BATCHED_PCA_SCALER,530101,10,42,,true,1.3337911525246327e-7,true,0,0,,true
FULL_DEV_750_UNITS,M11_OPT_V1_BATCHED_PCA_SCALER,530101,15,42,,true,1.3337911525246327e-7,true,0,0,,true
FULL_DEV_750_UNITS,M11_OPT_V1_BATCHED_PCA_SCALER,530101,20,42,,true,1.3337911525246327e-7,true,0,0,,true
FULL_DEV_750_UNITS,M11_OPT_V1_BATCHED_PCA_SCALER,530101,30,42,,true,1.3337911525246327e-7,true,0,0,,true
FULL_DEV_750_UNITS,M11_OPT_V1_BATCHED_PCA_SCALER,530101,40,42,,true,1.3337911525246327e-7,true,0,0,,true
FULL_DEV_750_UNITS,M11_OPT_V1_BATCHED_PCA_SCALER,530102,10,42,,true,1.0516905546431587e-7,true,0,0,,true
FULL_DEV_750_UNITS,M11_OPT_V1_BATCHED_PCA_SCALER,530102,15,42,,true,1.0516905546431587e-7,true,0,0,,true
FULL_DEV_750_UNITS,M11_OPT_V1_BATCHED_PCA_SCALER,530102,20,42,,true,1.0516905546431587e-7,true,0,0,,true
FULL_DEV_750_UNITS,M11_OPT_V1_BATCHED_PCA_SCALER,530102,30,42,,true,1.0516905546431587e-7,true,0,0,,true
FULL_DEV_750_UNITS,M11_OPT_V1_BATCHED_PCA_SCALER,530102,40,42,,true,1.0516905546431587e-7,true,0,0,,true
FULL_DEV_750_UNITS,M11_OPT_V1_BATCHED_PCA_SCALER,530103,10,42,,true,1.4293372241347413e-7,true,0,0,,true
FULL_DEV_750_UNITS,M11_OPT_V1_BATCHED_PCA_SCALER,530103,15,42,,true,1.4293372241347413e-7,true,0,0,,true
FULL_DEV_750_UNITS,M11_OPT_V1_BATCHED_PCA_SCALER,530103,20,42,,true,1.4293372241347413e-7,true,0,0,,true
FULL_DEV_750_UNITS,M11_OPT_V1_BATCHED_PCA_SCALER,530103,30,42,,true,1.4293372241347413e-7,true,0,0,,true
FULL_DEV_750_UNITS,M11_OPT_V1_BATCHED_PCA_SCALER,530103,40,42,,true,1.4293372241347413e-7,true,0,0,,true
FULL_DEV_750_UNITS,M11_OPT_V1_BATCHED_PCA_SCALER,530101,10,43,,true,1.2093627552167696e-7,true,0,0,,true
FULL_DEV_750_UNITS,M11_OPT_V1_BATCHED_PCA_SCALER,530101,15,43,,true,1.2093627552167696e-7,true,0,0,,true
FULL_DEV_750_UNITS,M11_OPT_V1_BATCHED_PCA_SCALER,530101,20,43,,true,1.2093627552167696e-7,true,0,0,,true
FULL_DEV_750_UNITS,M11_OPT_V1_BATCHED_PCA_SCALER,530101,30,43,,true,1.2093627552167696e-7,true,0,0,,true
FULL_DEV_750_UNITS,M11_OPT_V1_BATCHED_PCA_SCALER,530101,40,43,,true,1.2093627552167696e-7,true,0,0,,true
FULL_DEV_750_UNITS,M11_OPT_V1_BATCHED_PCA_SCALER,530102,10,43,,true,9.367096864831836e-8,true,0,0,,true
FULL_DEV_750_UNITS,M11_OPT_V1_BATCHED_PCA_SCALER,530102,15,43,,true,9.367096864831836e-8,true,0,0,,true
FULL_DEV_750_UNITS,M11_OPT_V1_BATCHED_PCA_SCALER,530102,20,43,,true,9.367096864831836e-8,true,0,0,,true
FULL_DEV_750_UNITS,M11_OPT_V1_BATCHED_PCA_SCALER,530102,30,43,,true,9.367096864831836e-8,true,0,0,,true
FULL_DEV_750_UNITS,M11_OPT_V1_BATCHED_PCA_SCALER,530102,40,43,,true,9.367096864831836e-8,true,0,0,,true
FULL_DEV_750_UNITS,M11_OPT_V1_BATCHED_PCA_SCALER,530103,10,43,,true,1.3510187130139073e-7,true,0,0,,true
FULL_DEV_750_UNITS,M11_OPT_V1_BATCHED_PCA_SCALER,530103,15,43,,true,1.3510187130139073e-7,true,0,0,,true
FULL_DEV_750_UNITS,M11_OPT_V1_BATCHED_PCA_SCALER,530103,20,43,,true,1.3510187130139073e-7,true,0,0,,true
FULL_DEV_750_UNITS,M11_OPT_V1_BATCHED_PCA_SCALER,530103,30,43,,true,1.3510187130139073e-7,true,0,0,,true
FULL_DEV_750_UNITS,M11_OPT_V1_BATCHED_PCA_SCALER,530103,40,43,,true,1.3510187130139073e-7,true,0,0,,true
FULL_DEV_750_UNITS,M11_OPT_V1_BATCHED_PCA_SCALER,530101,10,44,,true,1.6893945817275657e-7,true,0,0,,true
FULL_DEV_750_UNITS,M11_OPT_V1_BATCHED_PCA_SCALER,530101,15,44,,true,1.6893945817275657e-7,true,0,0,,true
FULL_DEV_750_UNITS,M11_OPT_V1_BATCHED_PCA_SCALER,530101,20,44,,true,1.6893945817275657e-7,true,0,0,,true
FULL_DEV_750_UNITS,M11_OPT_V1_BATCHED_PCA_SCALER,530101,30,44,,true,1.6893945817275657e-7,true,0,0,,true
FULL_DEV_750_UNITS,M11_OPT_V1_BATCHED_PCA_SCALER,530101,40,44,,true,1.6893945817275657e-7,true,0,0,,true
FULL_DEV_750_UNITS,M11_OPT_V1_BATCHED_PCA_SCALER,530102,10,44,,true,9.598339756333729e-8,true,0,0,,true
FULL_DEV_750_UNITS,M11_OPT_V1_BATCHED_PCA_SCALER,530102,15,44,,true,9.598339756333729e-8,true,0,0,,true
FULL_DEV_750_UNITS,M11_OPT_V1_BATCHED_PCA_SCALER,530102,20,44,,true,9.598339756333729e-8,true,0,0,,true
FULL_DEV_750_UNITS,M11_OPT_V1_BATCHED_PCA_SCALER,530102,30,44,,true,9.598339756333729e-8,true,0,0,,true
FULL_DEV_750_UNITS,M11_OPT_V1_BATCHED_PCA_SCALER,530102,40,44,,true,9.598339756333729e-8,true,0,0,,true
FULL_DEV_750_UNITS,M11_OPT_V1_BATCHED_PCA_SCALER,530103,10,44,,true,1.3198348874920995e-7,true,0,0,,true
FULL_DEV_750_UNITS,M11_OPT_V1_BATCHED_PCA_SCALER,530103,15,44,,true,1.3198348874920995e-7,true,0,0,,true
FULL_DEV_750_UNITS,M11_OPT_V1_BATCHED_PCA_SCALER,530103,20,44,,true,1.3198348874920995e-7,true,0,0,,true
FULL_DEV_750_UNITS,M11_OPT_V1_BATCHED_PCA_SCALER,530103,30,44,,true,1.3198348874920995e-7,true,0,0,,true
FULL_DEV_750_UNITS,M11_OPT_V1_BATCHED_PCA_SCALER,530103,40,44,,true,1.3198348874920995e-7,true,0,0,,true
FULL_DEV_750_UNITS,M11_OPT_V1_BATCHED_PCA_SCALER,530101,10,45,,true,2.0864785282848075e-7,true,0,0,,true
FULL_DEV_750_UNITS,M11_OPT_V1_BATCHED_PCA_SCALER,530101,15,45,,true,2.0864785282848075e-7,true,0,0,,true
FULL_DEV_750_UNITS,M11_OPT_V1_BATCHED_PCA_SCALER,530101,20,45,,true,2.0864785282848075e-7,true,0,0,,true
FULL_DEV_750_UNITS,M11_OPT_V1_BATCHED_PCA_SCALER,530101,30,45,,true,2.0864785282848075e-7,true,0,0,,true
FULL_DEV_750_UNITS,M11_OPT_V1_BATCHED_PCA_SCALER,530101,40,45,,true,2.0864785282848075e-7,true,0,0,,true
FULL_DEV_750_UNITS,M11_OPT_V1_BATCHED_PCA_SCALER,530102,10,45,,true,1.2207100885675004e-7,true,0,0,,true
FULL_DEV_750_UNITS,M11_OPT_V1_BATCHED_PCA_SCALER,530102,15,45,,true,1.2207100885675004e-7,true,0,0,,true
FULL_DEV_750_UNITS,M11_OPT_V1_BATCHED_PCA_SCALER,530102,20,45,,true,1.2207100885675004e-7,true,0,0,,true
FULL_DEV_750_UNITS,M11_OPT_V1_BATCHED_PCA_SCALER,530102,30,45,,true,1.2207100885675004e-7,true,0,0,,true
FULL_DEV_750_UNITS,M11_OPT_V1_BATCHED_PCA_SCALER,530102,40,45,,true,1.2207100885675004e-7,true,0,0,,true
FULL_DEV_750_UNITS,M11_OPT_V1_BATCHED_PCA_SCALER,530103,10,45,,true,1.0804693606480953e-7,true,0,0,,true
FULL_DEV_750_UNITS,M11_OPT_V1_BATCHED_PCA_SCALER,530103,15,45,,true,1.0804693606480953e-7,true,0,0,,true
FULL_DEV_750_UNITS,M11_OPT_V1_BATCHED_PCA_SCALER,530103,20,45,,true,1.0804693606480953e-7,true,0,0,,true
FULL_DEV_750_UNITS,M11_OPT_V1_BATCHED_PCA_SCALER,530103,30,45,,true,1.0804693606480953e-7,true,0,0,,true
FULL_DEV_750_UNITS,M11_OPT_V1_BATCHED_PCA_SCALER,530103,40,45,,true,1.0804693606480953e-7,true,0,0,,true
FULL_DEV_750_UNITS,M11_OPT_V1_BATCHED_PCA_SCALER,530101,10,46,,true,1.547621898412288e-7,true,0,0,,true
FULL_DEV_750_UNITS,M11_OPT_V1_BATCHED_PCA_SCALER,530101,15,46,,true,1.547621898412288e-7,true,0,0,,true
FULL_DEV_750_UNITS,M11_OPT_V1_BATCHED_PCA_SCALER,530101,20,46,,true,1.547621898412288e-7,true,0,0,,true
FULL_DEV_750_UNITS,M11_OPT_V1_BATCHED_PCA_SCALER,530101,30,46,,true,1.547621898412288e-7,true,0,0,,true
FULL_DEV_750_UNITS,M11_OPT_V1_BATCHED_PCA_SCALER,530101,40,46,,true,1.547621898412288e-7,true,0,0,,true
FULL_DEV_750_UNITS,M11_OPT_V1_BATCHED_PCA_SCALER,530102,10,46,,true,1.0996520560802026e-7,true,0,0,,true
FULL_DEV_750_UNITS,M11_OPT_V1_BATCHED_PCA_SCALER,530102,15,46,,true,1.0996520560802026e-7,true,0,0,,true
FULL_DEV_750_UNITS,M11_OPT_V1_BATCHED_PCA_SCALER,530102,20,46,,true,1.0996520560802026e-7,true,0,0,,true
FULL_DEV_750_UNITS,M11_OPT_V1_BATCHED_PCA_SCALER,530102,30,46,,true,1.0996520560802026e-7,true,0,0,,true
FULL_DEV_750_UNITS,M11_OPT_V1_BATCHED_PCA_SCALER,530102,40,46,,true,1.0996520560802026e-7,true,0,0,,true
FULL_DEV_750_UNITS,M11_OPT_V1_BATCHED_PCA_SCALER,530103,10,46,,true,1.3820319433310857e-7,true,0,0,,true
FULL_DEV_750_UNITS,M11_OPT_V1_BATCHED_PCA_SCALER,530103,15,46,,true,1.3820319433310857e-7,true,0,0,,true
FULL_DEV_750_UNITS,M11_OPT_V1_BATCHED_PCA_SCALER,530103,20,46,,true,1.3820319433310857e-7,true,0,0,,true
FULL_DEV_750_UNITS,M11_OPT_V1_BATCHED_PCA_SCALER,530103,30,46,,true,1.3820319433310857e-7,true,0,0,,true
FULL_DEV_750_UNITS,M11_OPT_V1_BATCHED_PCA_SCALER,530103,40,46,,true,1.3820319433310857e-7,true,0,0,,true
FULL_DEV_750_UNITS,M11_OPT_V1_BATCHED_PCA_SCALER,530101,10,47,,true,1.7731830970202367e-7,true,0,0,,true
FULL_DEV_750_UNITS,M11_OPT_V1_BATCHED_PCA_SCALER,530101,15,47,,true,1.7731830970202367e-7,true,0,0,,true
FULL_DEV_750_UNITS,M11_OPT_V1_BATCHED_PCA_SCALER,530101,20,47,,true,1.7731830970202367e-7,true,0,0,,true
FULL_DEV_750_UNITS,M11_OPT_V1_BATCHED_PCA_SCALER,530101,30,47,,true,1.7731830970202367e-7,true,0,0,,true
FULL_DEV_750_UNITS,M11_OPT_V1_BATCHED_PCA_SCALER,530101,40,47,,true,1.7731830970202367e-7,true,0,0,,true
FULL_DEV_750_UNITS,M11_OPT_V1_BATCHED_PCA_SCALER,530102,10,47,,true,1.4673099846262971e-7,true,0,0,,true
FULL_DEV_750_UNITS,M11_OPT_V1_BATCHED_PCA_SCALER,530102,15,47,,true,1.4673099846262971e-7,true,0,0,,true
FULL_DEV_750_UNITS,M11_OPT_V1_BATCHED_PCA_SCALER,530102,20,47,,true,1.4673099846262971e-7,true,0,0,,true
FULL_DEV_750_UNITS,M11_OPT_V1_BATCHED_PCA_SCALER,530102,30,47,,true,1.4673099846262971e-7,true,0,0,,true
FULL_DEV_750_UNITS,M11_OPT_V1_BATCHED_PCA_SCALER,530102,40,47,,true,1.4673099846262971e-7,true,0,0,,true
FULL_DEV_750_UNITS,M11_OPT_V1_BATCHED_PCA_SCALER,530103,10,47,,true,1.21350106574436e-7,true,0,0,,true
FULL_DEV_750_UNITS,M11_OPT_V1_BATCHED_PCA_SCALER,530103,15,47,,true,1.21350106574436e-7,true,0,0,,true
FULL_DEV_750_UNITS,M11_OPT_V1_BATCHED_PCA_SCALER,530103,20,47,,true,1.21350106574436e-7,true,0,0,,true
FULL_DEV_750_UNITS,M11_OPT_V1_BATCHED_PCA_SCALER,530103,30,47,,true,1.21350106574436e-7,true,0,0,,true
FULL_DEV_750_UNITS,M11_OPT_V1_BATCHED_PCA_SCALER,530103,40,47,,true,1.21350106574436e-7,true,0,0,,true
FULL_DEV_750_UNITS,M11_OPT_V1_BATCHED_PCA_SCALER,530101,10,48,,true,1.4559429023508486e-7,true,0,0,,true
FULL_DEV_750_UNITS,M11_OPT_V1_BATCHED_PCA_SCALER,530101,15,48,,true,1.4559429023508486e-7,true,0,0,,true
FULL_DEV_750_UNITS,M11_OPT_V1_BATCHED_PCA_SCALER,530101,20,48,,true,1.4559429023508486e-7,true,0,0,,true
FULL_DEV_750_UNITS,M11_OPT_V1_BATCHED_PCA_SCALER,530101,30,48,,true,1.4559429023508486e-7,true,0,0,,true
FULL_DEV_750_UNITS,M11_OPT_V1_BATCHED_PCA_SCALER,530101,40,48,,true,1.4559429023508486e-7,true,0,0,,true
FULL_DEV_750_UNITS,M11_OPT_V1_BATCHED_PCA_SCALER,530102,10,48,,true,1.0189376858926735e-7,true,0,0,,true
FULL_DEV_750_UNITS,M11_OPT_V1_BATCHED_PCA_SCALER,530102,15,48,,true,1.0189376858926735e-7,true,0,0,,true
FULL_DEV_750_UNITS,M11_OPT_V1_BATCHED_PCA_SCALER,530102,20,48,,true,1.0189376858926735e-7,true,0,0,,true
FULL_DEV_750_UNITS,M11_OPT_V1_BATCHED_PCA_SCALER,530102,30,48,,true,1.0189376858926735e-7,true,0,0,,true
FULL_DEV_750_UNITS,M11_OPT_V1_BATCHED_PCA_SCALER,530102,40,48,,true,1.0189376858926735e-7,true,0,0,,true
FULL_DEV_750_UNITS,M11_OPT_V1_BATCHED_PCA_SCALER,530103,10,48,,true,1.405056997416665e-7,true,0,0,,true
FULL_DEV_750_UNITS,M11_OPT_V1_BATCHED_PCA_SCALER,530103,15,48,,true,1.405056997416665e-7,true,0,0,,true
FULL_DEV_750_UNITS,M11_OPT_V1_BATCHED_PCA_SCALER,530103,20,48,,true,1.405056997416665e-7,true,0,0,,true
FULL_DEV_750_UNITS,M11_OPT_V1_BATCHED_PCA_SCALER,530103,30,48,,true,1.405056997416665e-7,true,0,0,,true
FULL_DEV_750_UNITS,M11_OPT_V1_BATCHED_PCA_SCALER,530103,40,48,,true,1.405056997416665e-7,true,0,0,,true
FULL_DEV_750_UNITS,M11_OPT_V1_BATCHED_PCA_SCALER,530101,10,49,,true,1.4329451221428702e-7,true,0,0,,true
FULL_DEV_750_UNITS,M11_OPT_V1_BATCHED_PCA_SCALER,530101,15,49,,true,1.4329451221428702e-7,true,0,0,,true
FULL_DEV_750_UNITS,M11_OPT_V1_BATCHED_PCA_SCALER,530101,20,49,,true,1.4329451221428702e-7,true,0,0,,true
FULL_DEV_750_UNITS,M11_OPT_V1_BATCHED_PCA_SCALER,530101,30,49,,true,1.4329451221428702e-7,true,0,0,,true
FULL_DEV_750_UNITS,M11_OPT_V1_BATCHED_PCA_SCALER,530101,40,49,,true,1.4329451221428702e-7,true,0,0,,true
FULL_DEV_750_UNITS,M11_OPT_V1_BATCHED_PCA_SCALER,530102,10,49,,true,1.1813126010729036e-7,true,0,0,,true
FULL_DEV_750_UNITS,M11_OPT_V1_BATCHED_PCA_SCALER,530102,15,49,,true,1.1813126010729036e-7,true,0,0,,true
FULL_DEV_750_UNITS,M11_OPT_V1_BATCHED_PCA_SCALER,530102,20,49,,true,1.1813126010729036e-7,true,0,0,,true
FULL_DEV_750_UNITS,M11_OPT_V1_BATCHED_PCA_SCALER,530102,30,49,,true,1.1813126010729036e-7,true,0,0,,true
FULL_DEV_750_UNITS,M11_OPT_V1_BATCHED_PCA_SCALER,530102,40,49,,true,1.1813126010729036e-7,true,0,0,,true
FULL_DEV_750_UNITS,M11_OPT_V1_BATCHED_PCA_SCALER,530103,10,49,,true,1.1891488849169463e-7,true,0,0,,true
FULL_DEV_750_UNITS,M11_OPT_V1_BATCHED_PCA_SCALER,530103,15,49,,true,1.1891488849169463e-7,true,0,0,,true
FULL_DEV_750_UNITS,M11_OPT_V1_BATCHED_PCA_SCALER,530103,20,49,,true,1.1891488849169463e-7,true,0,0,,true
FULL_DEV_750_UNITS,M11_OPT_V1_BATCHED_PCA_SCALER,530103,30,49,,true,1.1891488849169463e-7,true,0,0,,true
FULL_DEV_750_UNITS,M11_OPT_V1_BATCHED_PCA_SCALER,530103,40,49,,true,1.1891488849169463e-7,true,0,0,,true
