timing_scope,policy,seed,budget,input_groups,samples,mean_ms,median_ms,p95_ms,min_ms,max_ms,std_ms,cv,amortized_median_ms_per_image,boundary
COMPONENT_FEATURE_OPTIMIZED,M11_OPTIMIZED,530101,15,5,50,100.20375399999999,100.05879999999999,102.63547,97.3152,104.9439,1.4683371326734727,0.014653514205400656,2.50147,component-only cached-intermediate diagnostic
COMPONENT_FEATURE_REFERENCE,DIAGNOSTIC,530101,15,5,50,143.00634200000002,142.735,150.72206,132.2932,156.4168,4.491912380071632,0.0314105816375027,3.5683750000000005,component-only cached-intermediate diagnostic
COMPONENT_QUALITY_EXACT_DP,DIAGNOSTIC,530101,15,5,50,25.863851999999998,25.682450000000003,27.609735,24.282,28.1588,1.1148077693248009,0.043102928725574245,0.64206125,component-only cached-intermediate diagnostic
COMPONENT_SINGLE_MODEL_TEMPERATURE,DIAGNOSTIC,530101,15,5,50,2.108624,2.0987,2.910005,1.2996,3.9172,0.5979642343273499,0.2835803037086507,0.0524675,component-only cached-intermediate diagnostic
FULL_POLICY_PATH,M11_OPTIMIZED,530101,10,5,100,129.55756300000002,122.16335000000001,127.794915,118.5286,372.2974,39.886407602035156,0.3078663003412248,3.05408375,host-resident raw candidate/native state through K and record IDs
FULL_POLICY_PATH,M11_OPTIMIZED,530101,15,5,100,131.62361800000002,125.83619999999999,130.42291,121.7043,327.1599,32.389527099386534,0.24607686364757522,3.145905,host-resident raw candidate/native state through K and record IDs
FULL_POLICY_PATH,M11_OPTIMIZED,530101,20,5,100,127.518531,127.20465,132.330565,121.4074,135.8714,2.857435047599772,0.022407998470432285,3.18011625,host-resident raw candidate/native state through K and record IDs
FULL_POLICY_PATH,M11_REFERENCE,530101,10,5,100,165.374561,165.2548,171.651815,155.7275,176.0829,4.306281051525349,0.02603956149897413,4.1313699999999995,host-resident raw candidate/native state through K and record IDs
FULL_POLICY_PATH,M11_REFERENCE,530101,15,5,100,169.80398499999998,168.8376,180.21634,156.7557,206.8708,6.468118398705433,0.038091676109400105,4.220940000000001,host-resident raw candidate/native state through K and record IDs
FULL_POLICY_PATH,M11_REFERENCE,530101,20,5,100,171.23680199999995,170.71005,180.261515,160.9459,184.8562,4.626170675579525,0.02701621743426116,4.26775125,host-resident raw candidate/native state through K and record IDs
FULL_POLICY_PATH,S_ADAPT_OPTIMIZED,-1,10,5,100,1.116755,1.23895,1.51915,0.6868,1.963,0.2931058037585911,0.2624620474128982,0.03097375,host-resident raw candidate/native state through K and record IDs
FULL_POLICY_PATH,S_ADAPT_OPTIMIZED,-1,15,5,100,1.162104,1.2924,1.44285,0.6959,2.5769,0.2990552338835275,0.25733947554050884,0.03231,host-resident raw candidate/native state through K and record IDs
FULL_POLICY_PATH,S_ADAPT_OPTIMIZED,-1,20,5,100,1.1671269999999998,1.29275,1.49593,0.7132,1.6066,0.2711224289612694,0.2322989948491205,0.03231875,host-resident raw candidate/native state through K and record IDs
FULL_POLICY_PATH,S_ADAPT_REFERENCE,-1,10,5,100,26.249933999999993,24.591099999999997,26.223895,23.2939,180.5671,15.604192171066073,0.5944469106499878,0.6147775,host-resident raw candidate/native state through K and record IDs
FULL_POLICY_PATH,S_ADAPT_REFERENCE,-1,15,5,100,26.469136000000006,24.63305,26.29715,23.389,194.4543,16.9845421875335,0.6416734640501108,0.61582625,host-resident raw candidate/native state through K and record IDs
FULL_POLICY_PATH,S_ADAPT_REFERENCE,-1,20,5,100,24.731639,24.7198,25.77153,23.4021,27.2989,0.6225582226465639,0.025172542048125638,0.617995,host-resident raw candidate/native state through K and record IDs
FULL_POLICY_PATH,S_CLASS_ADAPT,-1,10,5,100,21.166257,21.152549999999998,21.674235,20.4532,22.5847,0.35290576023503895,0.016673035777418695,0.52881375,host-resident raw candidate/native state through K and record IDs
FULL_POLICY_PATH,S_CLASS_ADAPT,-1,15,5,100,24.301687,24.2663,25.05206,23.4315,25.3016,0.3840080764236421,0.015801704483464133,0.6066575000000001,host-resident raw candidate/native state through K and record IDs
FULL_POLICY_PATH,S_CLASS_ADAPT,-1,20,5,100,25.730928000000002,25.6903,26.309755,24.9015,27.7285,0.38630704255458864,0.01501333502447283,0.6422575,host-resident raw candidate/native state through K and record IDs
EXCLUDED_TRAIN_PROFILE_FILE_READ,INPUT,-1,-1,5,1,5701.495099929161,5701.495099929161,5701.495099929161,5701.495099929161,5701.495099929161,0,0,,one-pass release read for FIT200
EXCLUDED_FULL_DEV_REGRESSION_FILE_READ,INPUT,-1,-1,5,1,1944.579300004989,1944.579300004989,1944.579300004989,1944.579300004989,1944.579300004989,0,0,,one-pass release read for DEV parity
EXCLUDED_MODEL_PREPROCESSOR_LOAD,INPUT,-1,-1,5,1,657.448900048621,657.448900048621,657.448900048621,657.448900048621,657.448900048621,0,0,,PCA/scaler/model load and GPU placement
