row_type,permutation,group_size,group_count,comparison,left_method,right_method,variant,scope,metric,primary_comparison,observed_delta_per_image,observed_delta_per_100_images,ci95_low,ci95_high,strict_positive_resample_fraction,bootstrap_unit,bootstrap_resamples,bootstrap_seed,bootstrap_index_sha256,sensitivity_min,sensitivity_max,direction_positive_count,direction_nonnegative_count,notes
PAIRED_GROUP_BOOTSTRAP,R0,40,50,M11_MINUS_PS_CLASS_PREFIX,M11,PS_CLASS_PREFIX,THREE_SEED_MEAN,10,coverage_per_image,true,0.24616666666666656,24.616666666666656,0.21616249999999979,0.27649999999999986,1,complete frozen 40-image allocation group,5000,530002,afcff203c75c61b65f2271807379c15e7b553a6256b455a569b2b38bd3243232,,,,,paired within one fixed permutation and group size; no cross-permutation pooling
PAIRED_GROUP_BOOTSTRAP,R0,40,50,M11_MINUS_PS_CLASS_PREFIX,M11,PS_CLASS_PREFIX,THREE_SEED_MEAN,15,coverage_per_image,true,0.30833333333333335,30.833333333333336,0.27533333333333343,0.3425041666666667,1,complete frozen 40-image allocation group,5000,530002,afcff203c75c61b65f2271807379c15e7b553a6256b455a569b2b38bd3243232,,,,,paired within one fixed permutation and group size; no cross-permutation pooling
PAIRED_GROUP_BOOTSTRAP,R0,40,50,M11_MINUS_PS_CLASS_PREFIX,M11,PS_CLASS_PREFIX,THREE_SEED_MEAN,20,coverage_per_image,true,0.30583333333333323,30.583333333333325,0.2719958333333331,0.33816666666666656,1,complete frozen 40-image allocation group,5000,530002,afcff203c75c61b65f2271807379c15e7b553a6256b455a569b2b38bd3243232,,,,,paired within one fixed permutation and group size; no cross-permutation pooling
PAIRED_GROUP_BOOTSTRAP,R0,40,50,M11_MINUS_PS_CLASS_PREFIX,M11,PS_CLASS_PREFIX,THREE_SEED_MEAN,30,coverage_per_image,true,0.2585000000000002,25.850000000000016,0.23249583333333337,0.28667500000000007,1,complete frozen 40-image allocation group,5000,530002,afcff203c75c61b65f2271807379c15e7b553a6256b455a569b2b38bd3243232,,,,,paired within one fixed permutation and group size; no cross-permutation pooling
PAIRED_GROUP_BOOTSTRAP,R0,40,50,M11_MINUS_PS_CLASS_PREFIX,M11,PS_CLASS_PREFIX,THREE_SEED_MEAN,40,coverage_per_image,true,0.13883333333333325,13.883333333333326,0.11699999999999999,0.16316666666666657,1,complete frozen 40-image allocation group,5000,530002,afcff203c75c61b65f2271807379c15e7b553a6256b455a569b2b38bd3243232,,,,,paired within one fixed permutation and group size; no cross-permutation pooling
PAIRED_GROUP_BOOTSTRAP,R0,40,50,M11_MINUS_PS_CLASS_PREFIX,M11,PS_CLASS_PREFIX,THREE_SEED_MEAN,CORE_10_15_20,coverage_per_image,true,0.2867777777777777,28.67777777777777,0.2633319444444443,0.30899999999999994,1,complete frozen 40-image allocation group,5000,530002,afcff203c75c61b65f2271807379c15e7b553a6256b455a569b2b38bd3243232,,,,,paired within one fixed permutation and group size; no cross-permutation pooling
PAIRED_GROUP_BOOTSTRAP,R0,40,50,M11_MINUS_PS_CLASS_PREFIX,M11,PS_CLASS_PREFIX,THREE_SEED_MEAN,10,quality_per_image,true,0.10684613373561866,10.684613373561866,0.0858212759444264,0.12662019779008965,1,complete frozen 40-image allocation group,5000,530002,afcff203c75c61b65f2271807379c15e7b553a6256b455a569b2b38bd3243232,,,,,paired within one fixed permutation and group size; no cross-permutation pooling
PAIRED_GROUP_BOOTSTRAP,R0,40,50,M11_MINUS_PS_CLASS_PREFIX,M11,PS_CLASS_PREFIX,THREE_SEED_MEAN,15,quality_per_image,true,0.12258730978001148,12.258730978001148,0.10232007489826929,0.14267428640272078,1,complete frozen 40-image allocation group,5000,530002,afcff203c75c61b65f2271807379c15e7b553a6256b455a569b2b38bd3243232,,,,,paired within one fixed permutation and group size; no cross-permutation pooling
PAIRED_GROUP_BOOTSTRAP,R0,40,50,M11_MINUS_PS_CLASS_PREFIX,M11,PS_CLASS_PREFIX,THREE_SEED_MEAN,20,quality_per_image,true,0.10660956701121169,10.660956701121169,0.0878516622208276,0.12398146996583613,1,complete frozen 40-image allocation group,5000,530002,afcff203c75c61b65f2271807379c15e7b553a6256b455a569b2b38bd3243232,,,,,paired within one fixed permutation and group size; no cross-permutation pooling
PAIRED_GROUP_BOOTSTRAP,R0,40,50,M11_MINUS_PS_CLASS_PREFIX,M11,PS_CLASS_PREFIX,THREE_SEED_MEAN,30,quality_per_image,true,0.08766839622529171,8.76683962252917,0.07532463009627219,0.10086303591783778,1,complete frozen 40-image allocation group,5000,530002,afcff203c75c61b65f2271807379c15e7b553a6256b455a569b2b38bd3243232,,,,,paired within one fixed permutation and group size; no cross-permutation pooling
PAIRED_GROUP_BOOTSTRAP,R0,40,50,M11_MINUS_PS_CLASS_PREFIX,M11,PS_CLASS_PREFIX,THREE_SEED_MEAN,40,quality_per_image,true,0.040344516784266364,4.034451678426636,0.029675684480787903,0.05139037847515682,1,complete frozen 40-image allocation group,5000,530002,afcff203c75c61b65f2271807379c15e7b553a6256b455a569b2b38bd3243232,,,,,paired within one fixed permutation and group size; no cross-permutation pooling
PAIRED_GROUP_BOOTSTRAP,R0,40,50,M11_MINUS_PS_CLASS_PREFIX,M11,PS_CLASS_PREFIX,THREE_SEED_MEAN,CORE_10_15_20,quality_per_image,true,0.11201433684228058,11.201433684228059,0.09788165142908578,0.12602216457237492,1,complete frozen 40-image allocation group,5000,530002,afcff203c75c61b65f2271807379c15e7b553a6256b455a569b2b38bd3243232,,,,,paired within one fixed permutation and group size; no cross-permutation pooling
PAIRED_GROUP_BOOTSTRAP,R0,40,50,M11_MINUS_PS_CLASS_PREFIX,M11,PS_CLASS_PREFIX,SEED_530101,10,coverage_per_image,true,0.2549999999999999,25.49999999999999,0.22399999999999998,0.2859999999999999,1,complete frozen 40-image allocation group,5000,530002,afcff203c75c61b65f2271807379c15e7b553a6256b455a569b2b38bd3243232,,,,,paired within one fixed permutation and group size; no cross-permutation pooling
PAIRED_GROUP_BOOTSTRAP,R0,40,50,M11_MINUS_PS_CLASS_PREFIX,M11,PS_CLASS_PREFIX,SEED_530101,15,coverage_per_image,true,0.3265000000000002,32.65000000000002,0.2905000000000001,0.3640125,1,complete frozen 40-image allocation group,5000,530002,afcff203c75c61b65f2271807379c15e7b553a6256b455a569b2b38bd3243232,,,,,paired within one fixed permutation and group size; no cross-permutation pooling
PAIRED_GROUP_BOOTSTRAP,R0,40,50,M11_MINUS_PS_CLASS_PREFIX,M11,PS_CLASS_PREFIX,SEED_530101,20,coverage_per_image,true,0.3109999999999999,31.099999999999987,0.2754999999999999,0.3434999999999998,1,complete frozen 40-image allocation group,5000,530002,afcff203c75c61b65f2271807379c15e7b553a6256b455a569b2b38bd3243232,,,,,paired within one fixed permutation and group size; no cross-permutation pooling
PAIRED_GROUP_BOOTSTRAP,R0,40,50,M11_MINUS_PS_CLASS_PREFIX,M11,PS_CLASS_PREFIX,SEED_530101,30,coverage_per_image,true,0.25149999999999995,25.149999999999995,0.2229999999999999,0.282,1,complete frozen 40-image allocation group,5000,530002,afcff203c75c61b65f2271807379c15e7b553a6256b455a569b2b38bd3243232,,,,,paired within one fixed permutation and group size; no cross-permutation pooling
PAIRED_GROUP_BOOTSTRAP,R0,40,50,M11_MINUS_PS_CLASS_PREFIX,M11,PS_CLASS_PREFIX,SEED_530101,40,coverage_per_image,true,0.13699999999999998,13.699999999999998,0.11349999999999998,0.16299999999999998,1,complete frozen 40-image allocation group,5000,530002,afcff203c75c61b65f2271807379c15e7b553a6256b455a569b2b38bd3243232,,,,,paired within one fixed permutation and group size; no cross-permutation pooling
PAIRED_GROUP_BOOTSTRAP,R0,40,50,M11_MINUS_PS_CLASS_PREFIX,M11,PS_CLASS_PREFIX,SEED_530101,CORE_10_15_20,coverage_per_image,true,0.2975,29.75,0.2726625,0.32049999999999995,1,complete frozen 40-image allocation group,5000,530002,afcff203c75c61b65f2271807379c15e7b553a6256b455a569b2b38bd3243232,,,,,paired within one fixed permutation and group size; no cross-permutation pooling
PAIRED_GROUP_BOOTSTRAP,R0,40,50,M11_MINUS_PS_CLASS_PREFIX,M11,PS_CLASS_PREFIX,SEED_530101,10,quality_per_image,true,0.10503757484354528,10.503757484354528,0.082499868971828,0.12637767862187924,1,complete frozen 40-image allocation group,5000,530002,afcff203c75c61b65f2271807379c15e7b553a6256b455a569b2b38bd3243232,,,,,paired within one fixed permutation and group size; no cross-permutation pooling
PAIRED_GROUP_BOOTSTRAP,R0,40,50,M11_MINUS_PS_CLASS_PREFIX,M11,PS_CLASS_PREFIX,SEED_530101,15,quality_per_image,true,0.13073815795259777,13.073815795259778,0.10818869120822713,0.15321882536173545,1,complete frozen 40-image allocation group,5000,530002,afcff203c75c61b65f2271807379c15e7b553a6256b455a569b2b38bd3243232,,,,,paired within one fixed permutation and group size; no cross-permutation pooling
PAIRED_GROUP_BOOTSTRAP,R0,40,50,M11_MINUS_PS_CLASS_PREFIX,M11,PS_CLASS_PREFIX,SEED_530101,20,quality_per_image,true,0.10232542937494218,10.232542937494218,0.08260444436151972,0.12068818060095333,1,complete frozen 40-image allocation group,5000,530002,afcff203c75c61b65f2271807379c15e7b553a6256b455a569b2b38bd3243232,,,,,paired within one fixed permutation and group size; no cross-permutation pooling
PAIRED_GROUP_BOOTSTRAP,R0,40,50,M11_MINUS_PS_CLASS_PREFIX,M11,PS_CLASS_PREFIX,SEED_530101,30,quality_per_image,true,0.08560439327646115,8.560439327646115,0.07235064316409985,0.09939715716807634,1,complete frozen 40-image allocation group,5000,530002,afcff203c75c61b65f2271807379c15e7b553a6256b455a569b2b38bd3243232,,,,,paired within one fixed permutation and group size; no cross-permutation pooling
PAIRED_GROUP_BOOTSTRAP,R0,40,50,M11_MINUS_PS_CLASS_PREFIX,M11,PS_CLASS_PREFIX,SEED_530101,40,quality_per_image,true,0.04123124071218319,4.123124071218319,0.030378425056337137,0.05207863263783226,1,complete frozen 40-image allocation group,5000,530002,afcff203c75c61b65f2271807379c15e7b553a6256b455a569b2b38bd3243232,,,,,paired within one fixed permutation and group size; no cross-permutation pooling
PAIRED_GROUP_BOOTSTRAP,R0,40,50,M11_MINUS_PS_CLASS_PREFIX,M11,PS_CLASS_PREFIX,SEED_530101,CORE_10_15_20,quality_per_image,true,0.11270038739036176,11.270038739036176,0.0970979474089426,0.12764804733875856,1,complete frozen 40-image allocation group,5000,530002,afcff203c75c61b65f2271807379c15e7b553a6256b455a569b2b38bd3243232,,,,,paired within one fixed permutation and group size; no cross-permutation pooling
PAIRED_GROUP_BOOTSTRAP,R0,40,50,M11_MINUS_PS_CLASS_PREFIX,M11,PS_CLASS_PREFIX,SEED_530102,10,coverage_per_image,true,0.2354999999999999,23.54999999999999,0.20200000000000007,0.2685124999999998,1,complete frozen 40-image allocation group,5000,530002,afcff203c75c61b65f2271807379c15e7b553a6256b455a569b2b38bd3243232,,,,,paired within one fixed permutation and group size; no cross-permutation pooling
PAIRED_GROUP_BOOTSTRAP,R0,40,50,M11_MINUS_PS_CLASS_PREFIX,M11,PS_CLASS_PREFIX,SEED_530102,15,coverage_per_image,true,0.28200000000000003,28.200000000000003,0.24650000000000014,0.31800000000000006,1,complete frozen 40-image allocation group,5000,530002,afcff203c75c61b65f2271807379c15e7b553a6256b455a569b2b38bd3243232,,,,,paired within one fixed permutation and group size; no cross-permutation pooling
PAIRED_GROUP_BOOTSTRAP,R0,40,50,M11_MINUS_PS_CLASS_PREFIX,M11,PS_CLASS_PREFIX,SEED_530102,20,coverage_per_image,true,0.291,29.099999999999998,0.25350000000000006,0.3265,1,complete frozen 40-image allocation group,5000,530002,afcff203c75c61b65f2271807379c15e7b553a6256b455a569b2b38bd3243232,,,,,paired within one fixed permutation and group size; no cross-permutation pooling
PAIRED_GROUP_BOOTSTRAP,R0,40,50,M11_MINUS_PS_CLASS_PREFIX,M11,PS_CLASS_PREFIX,SEED_530102,30,coverage_per_image,true,0.2600000000000001,26.00000000000001,0.23250000000000004,0.28800000000000014,1,complete frozen 40-image allocation group,5000,530002,afcff203c75c61b65f2271807379c15e7b553a6256b455a569b2b38bd3243232,,,,,paired within one fixed permutation and group size; no cross-permutation pooling
PAIRED_GROUP_BOOTSTRAP,R0,40,50,M11_MINUS_PS_CLASS_PREFIX,M11,PS_CLASS_PREFIX,SEED_530102,40,coverage_per_image,true,0.13299999999999987,13.299999999999986,0.11000000000000018,0.15849999999999986,1,complete frozen 40-image allocation group,5000,530002,afcff203c75c61b65f2271807379c15e7b553a6256b455a569b2b38bd3243232,,,,,paired within one fixed permutation and group size; no cross-permutation pooling
PAIRED_GROUP_BOOTSTRAP,R0,40,50,M11_MINUS_PS_CLASS_PREFIX,M11,PS_CLASS_PREFIX,SEED_530102,CORE_10_15_20,coverage_per_image,true,0.2695,26.950000000000003,0.2454958333333333,0.293,1,complete frozen 40-image allocation group,5000,530002,afcff203c75c61b65f2271807379c15e7b553a6256b455a569b2b38bd3243232,,,,,paired within one fixed permutation and group size; no cross-permutation pooling
PAIRED_GROUP_BOOTSTRAP,R0,40,50,M11_MINUS_PS_CLASS_PREFIX,M11,PS_CLASS_PREFIX,SEED_530102,10,quality_per_image,true,0.10977413438474633,10.977413438474633,0.08800603573838346,0.13033945350529272,1,complete frozen 40-image allocation group,5000,530002,afcff203c75c61b65f2271807379c15e7b553a6256b455a569b2b38bd3243232,,,,,paired within one fixed permutation and group size; no cross-permutation pooling
PAIRED_GROUP_BOOTSTRAP,R0,40,50,M11_MINUS_PS_CLASS_PREFIX,M11,PS_CLASS_PREFIX,SEED_530102,15,quality_per_image,true,0.11137613662503844,11.137613662503844,0.08869042015452258,0.13388239557631426,1,complete frozen 40-image allocation group,5000,530002,afcff203c75c61b65f2271807379c15e7b553a6256b455a569b2b38bd3243232,,,,,paired within one fixed permutation and group size; no cross-permutation pooling
PAIRED_GROUP_BOOTSTRAP,R0,40,50,M11_MINUS_PS_CLASS_PREFIX,M11,PS_CLASS_PREFIX,SEED_530102,20,quality_per_image,true,0.110311743611024,11.0311743611024,0.09075779757009333,0.12889319551363929,1,complete frozen 40-image allocation group,5000,530002,afcff203c75c61b65f2271807379c15e7b553a6256b455a569b2b38bd3243232,,,,,paired within one fixed permutation and group size; no cross-permutation pooling
PAIRED_GROUP_BOOTSTRAP,R0,40,50,M11_MINUS_PS_CLASS_PREFIX,M11,PS_CLASS_PREFIX,SEED_530102,30,quality_per_image,true,0.08493277133121163,8.493277133121163,0.07148401372623776,0.09917000271616525,1,complete frozen 40-image allocation group,5000,530002,afcff203c75c61b65f2271807379c15e7b553a6256b455a569b2b38bd3243232,,,,,paired within one fixed permutation and group size; no cross-permutation pooling
PAIRED_GROUP_BOOTSTRAP,R0,40,50,M11_MINUS_PS_CLASS_PREFIX,M11,PS_CLASS_PREFIX,SEED_530102,40,quality_per_image,true,0.03720649458415066,3.720649458415066,0.025469122790409356,0.04900978858499269,1,complete frozen 40-image allocation group,5000,530002,afcff203c75c61b65f2271807379c15e7b553a6256b455a569b2b38bd3243232,,,,,paired within one fixed permutation and group size; no cross-permutation pooling
PAIRED_GROUP_BOOTSTRAP,R0,40,50,M11_MINUS_PS_CLASS_PREFIX,M11,PS_CLASS_PREFIX,SEED_530102,CORE_10_15_20,quality_per_image,true,0.11048733820693629,11.048733820693629,0.09586220623588634,0.12487505136610681,1,complete frozen 40-image allocation group,5000,530002,afcff203c75c61b65f2271807379c15e7b553a6256b455a569b2b38bd3243232,,,,,paired within one fixed permutation and group size; no cross-permutation pooling
PAIRED_GROUP_BOOTSTRAP,R0,40,50,M11_MINUS_PS_CLASS_PREFIX,M11,PS_CLASS_PREFIX,SEED_530103,10,coverage_per_image,true,0.24799999999999997,24.799999999999997,0.21749999999999992,0.27899999999999986,1,complete frozen 40-image allocation group,5000,530002,afcff203c75c61b65f2271807379c15e7b553a6256b455a569b2b38bd3243232,,,,,paired within one fixed permutation and group size; no cross-permutation pooling
PAIRED_GROUP_BOOTSTRAP,R0,40,50,M11_MINUS_PS_CLASS_PREFIX,M11,PS_CLASS_PREFIX,SEED_530103,15,coverage_per_image,true,0.3165,31.65,0.283,0.3515,1,complete frozen 40-image allocation group,5000,530002,afcff203c75c61b65f2271807379c15e7b553a6256b455a569b2b38bd3243232,,,,,paired within one fixed permutation and group size; no cross-permutation pooling
PAIRED_GROUP_BOOTSTRAP,R0,40,50,M11_MINUS_PS_CLASS_PREFIX,M11,PS_CLASS_PREFIX,SEED_530103,20,coverage_per_image,true,0.31549999999999995,31.549999999999994,0.2785000000000001,0.34950000000000003,1,complete frozen 40-image allocation group,5000,530002,afcff203c75c61b65f2271807379c15e7b553a6256b455a569b2b38bd3243232,,,,,paired within one fixed permutation and group size; no cross-permutation pooling
PAIRED_GROUP_BOOTSTRAP,R0,40,50,M11_MINUS_PS_CLASS_PREFIX,M11,PS_CLASS_PREFIX,SEED_530103,30,coverage_per_image,true,0.264,26.400000000000002,0.23699999999999996,0.29350000000000004,1,complete frozen 40-image allocation group,5000,530002,afcff203c75c61b65f2271807379c15e7b553a6256b455a569b2b38bd3243232,,,,,paired within one fixed permutation and group size; no cross-permutation pooling
PAIRED_GROUP_BOOTSTRAP,R0,40,50,M11_MINUS_PS_CLASS_PREFIX,M11,PS_CLASS_PREFIX,SEED_530103,40,coverage_per_image,true,0.14649999999999996,14.649999999999997,0.12499999999999996,0.1704999999999999,1,complete frozen 40-image allocation group,5000,530002,afcff203c75c61b65f2271807379c15e7b553a6256b455a569b2b38bd3243232,,,,,paired within one fixed permutation and group size; no cross-permutation pooling
PAIRED_GROUP_BOOTSTRAP,R0,40,50,M11_MINUS_PS_CLASS_PREFIX,M11,PS_CLASS_PREFIX,SEED_530103,CORE_10_15_20,coverage_per_image,true,0.2933333333333333,29.33333333333333,0.2693333333333333,0.31599999999999995,1,complete frozen 40-image allocation group,5000,530002,afcff203c75c61b65f2271807379c15e7b553a6256b455a569b2b38bd3243232,,,,,paired within one fixed permutation and group size; no cross-permutation pooling
PAIRED_GROUP_BOOTSTRAP,R0,40,50,M11_MINUS_PS_CLASS_PREFIX,M11,PS_CLASS_PREFIX,SEED_530103,10,quality_per_image,true,0.1057266919785644,10.57266919785644,0.08390956359616127,0.12697038198981678,1,complete frozen 40-image allocation group,5000,530002,afcff203c75c61b65f2271807379c15e7b553a6256b455a569b2b38bd3243232,,,,,paired within one fixed permutation and group size; no cross-permutation pooling
PAIRED_GROUP_BOOTSTRAP,R0,40,50,M11_MINUS_PS_CLASS_PREFIX,M11,PS_CLASS_PREFIX,SEED_530103,15,quality_per_image,true,0.125647634762398,12.5647634762398,0.10534870416007289,0.14613349838709577,1,complete frozen 40-image allocation group,5000,530002,afcff203c75c61b65f2271807379c15e7b553a6256b455a569b2b38bd3243232,,,,,paired within one fixed permutation and group size; no cross-permutation pooling
PAIRED_GROUP_BOOTSTRAP,R0,40,50,M11_MINUS_PS_CLASS_PREFIX,M11,PS_CLASS_PREFIX,SEED_530103,20,quality_per_image,true,0.10719152804766882,10.719152804766882,0.08668675829856293,0.1262792885044654,1,complete frozen 40-image allocation group,5000,530002,afcff203c75c61b65f2271807379c15e7b553a6256b455a569b2b38bd3243232,,,,,paired within one fixed permutation and group size; no cross-permutation pooling
PAIRED_GROUP_BOOTSTRAP,R0,40,50,M11_MINUS_PS_CLASS_PREFIX,M11,PS_CLASS_PREFIX,SEED_530103,30,quality_per_image,true,0.0924680240682025,9.24680240682025,0.08094882934398748,0.10558759007885331,1,complete frozen 40-image allocation group,5000,530002,afcff203c75c61b65f2271807379c15e7b553a6256b455a569b2b38bd3243232,,,,,paired within one fixed permutation and group size; no cross-permutation pooling
PAIRED_GROUP_BOOTSTRAP,R0,40,50,M11_MINUS_PS_CLASS_PREFIX,M11,PS_CLASS_PREFIX,SEED_530103,40,quality_per_image,true,0.042595815056465154,4.259581505646516,0.03193256426919615,0.05373624487760745,1,complete frozen 40-image allocation group,5000,530002,afcff203c75c61b65f2271807379c15e7b553a6256b455a569b2b38bd3243232,,,,,paired within one fixed permutation and group size; no cross-permutation pooling
PAIRED_GROUP_BOOTSTRAP,R0,40,50,M11_MINUS_PS_CLASS_PREFIX,M11,PS_CLASS_PREFIX,SEED_530103,CORE_10_15_20,quality_per_image,true,0.11285528492954373,11.285528492954374,0.09813542961003374,0.12691388586750757,1,complete frozen 40-image allocation group,5000,530002,afcff203c75c61b65f2271807379c15e7b553a6256b455a569b2b38bd3243232,,,,,paired within one fixed permutation and group size; no cross-permutation pooling
PAIRED_GROUP_BOOTSTRAP,R0,40,50,M11_MINUS_PS_PREFIX,M11,PS_PREFIX,THREE_SEED_MEAN,10,coverage_per_image,false,-0.018333333333333427,-1.8333333333333428,-0.05083333333333341,0.013166666666666523,0.1278,complete frozen 40-image allocation group,5000,530002,afcff203c75c61b65f2271807379c15e7b553a6256b455a569b2b38bd3243232,,,,,paired within one fixed permutation and group size; no cross-permutation pooling
PAIRED_GROUP_BOOTSTRAP,R0,40,50,M11_MINUS_PS_PREFIX,M11,PS_PREFIX,THREE_SEED_MEAN,15,coverage_per_image,false,0.04083333333333336,4.083333333333336,0.009329166666666657,0.07233333333333332,0.9966,complete frozen 40-image allocation group,5000,530002,afcff203c75c61b65f2271807379c15e7b553a6256b455a569b2b38bd3243232,,,,,paired within one fixed permutation and group size; no cross-permutation pooling
PAIRED_GROUP_BOOTSTRAP,R0,40,50,M11_MINUS_PS_PREFIX,M11,PS_PREFIX,THREE_SEED_MEAN,20,coverage_per_image,false,0.06483333333333334,6.483333333333334,0.03649583333333332,0.09316666666666659,1,complete frozen 40-image allocation group,5000,530002,afcff203c75c61b65f2271807379c15e7b553a6256b455a569b2b38bd3243232,,,,,paired within one fixed permutation and group size; no cross-permutation pooling
PAIRED_GROUP_BOOTSTRAP,R0,40,50,M11_MINUS_PS_PREFIX,M11,PS_PREFIX,THREE_SEED_MEAN,30,coverage_per_image,false,0.06850000000000044,6.850000000000043,0.04400000000000034,0.09383333333333371,1,complete frozen 40-image allocation group,5000,530002,afcff203c75c61b65f2271807379c15e7b553a6256b455a569b2b38bd3243232,,,,,paired within one fixed permutation and group size; no cross-permutation pooling
PAIRED_GROUP_BOOTSTRAP,R0,40,50,M11_MINUS_PS_PREFIX,M11,PS_PREFIX,THREE_SEED_MEAN,40,coverage_per_image,false,0.04783333333333342,4.783333333333342,0.03300000000000001,0.06383333333333344,1,complete frozen 40-image allocation group,5000,530002,afcff203c75c61b65f2271807379c15e7b553a6256b455a569b2b38bd3243232,,,,,paired within one fixed permutation and group size; no cross-permutation pooling
PAIRED_GROUP_BOOTSTRAP,R0,40,50,M11_MINUS_PS_PREFIX,M11,PS_PREFIX,THREE_SEED_MEAN,CORE_10_15_20,coverage_per_image,false,0.02911111111111109,2.911111111111109,0.008333333333333321,0.05000138888888878,0.9972,complete frozen 40-image allocation group,5000,530002,afcff203c75c61b65f2271807379c15e7b553a6256b455a569b2b38bd3243232,,,,,paired within one fixed permutation and group size; no cross-permutation pooling
PAIRED_GROUP_BOOTSTRAP,R0,40,50,M11_MINUS_PS_PREFIX,M11,PS_PREFIX,THREE_SEED_MEAN,10,quality_per_image,false,0.16829479921099225,16.829479921099225,0.14451494997149983,0.1929878442978439,1,complete frozen 40-image allocation group,5000,530002,afcff203c75c61b65f2271807379c15e7b553a6256b455a569b2b38bd3243232,,,,,paired within one fixed permutation and group size; no cross-permutation pooling
PAIRED_GROUP_BOOTSTRAP,R0,40,50,M11_MINUS_PS_PREFIX,M11,PS_PREFIX,THREE_SEED_MEAN,15,quality_per_image,false,0.15742825530729448,15.742825530729448,0.13017468615580063,0.1851443008958245,1,complete frozen 40-image allocation group,5000,530002,afcff203c75c61b65f2271807379c15e7b553a6256b455a569b2b38bd3243232,,,,,paired within one fixed permutation and group size; no cross-permutation pooling
PAIRED_GROUP_BOOTSTRAP,R0,40,50,M11_MINUS_PS_PREFIX,M11,PS_PREFIX,THREE_SEED_MEAN,20,quality_per_image,false,0.12762319414680523,12.762319414680523,0.10670363836390741,0.14888615190984109,1,complete frozen 40-image allocation group,5000,530002,afcff203c75c61b65f2271807379c15e7b553a6256b455a569b2b38bd3243232,,,,,paired within one fixed permutation and group size; no cross-permutation pooling
PAIRED_GROUP_BOOTSTRAP,R0,40,50,M11_MINUS_PS_PREFIX,M11,PS_PREFIX,THREE_SEED_MEAN,30,quality_per_image,false,0.07421934451082624,7.421934451082624,0.05916888833616189,0.09007828919706892,1,complete frozen 40-image allocation group,5000,530002,afcff203c75c61b65f2271807379c15e7b553a6256b455a569b2b38bd3243232,,,,,paired within one fixed permutation and group size; no cross-permutation pooling
PAIRED_GROUP_BOOTSTRAP,R0,40,50,M11_MINUS_PS_PREFIX,M11,PS_PREFIX,THREE_SEED_MEAN,40,quality_per_image,false,0.033035370643303634,3.303537064330363,0.023950697048904606,0.04254375900110063,1,complete frozen 40-image allocation group,5000,530002,afcff203c75c61b65f2271807379c15e7b553a6256b455a569b2b38bd3243232,,,,,paired within one fixed permutation and group size; no cross-permutation pooling
PAIRED_GROUP_BOOTSTRAP,R0,40,50,M11_MINUS_PS_PREFIX,M11,PS_PREFIX,THREE_SEED_MEAN,CORE_10_15_20,quality_per_image,false,0.15111541622169733,15.111541622169733,0.13375198660543614,0.16933221506165325,1,complete frozen 40-image allocation group,5000,530002,afcff203c75c61b65f2271807379c15e7b553a6256b455a569b2b38bd3243232,,,,,paired within one fixed permutation and group size; no cross-permutation pooling
PAIRED_GROUP_BOOTSTRAP,R0,40,50,M11_MINUS_PS_PREFIX,M11,PS_PREFIX,SEED_530101,10,coverage_per_image,false,-0.009500000000000047,-0.9500000000000046,-0.04099999999999998,0.021012499999999844,0.2742,complete frozen 40-image allocation group,5000,530002,afcff203c75c61b65f2271807379c15e7b553a6256b455a569b2b38bd3243232,,,,,paired within one fixed permutation and group size; no cross-permutation pooling
PAIRED_GROUP_BOOTSTRAP,R0,40,50,M11_MINUS_PS_PREFIX,M11,PS_PREFIX,SEED_530101,15,coverage_per_image,false,0.05900000000000016,5.900000000000016,0.025500000000000096,0.09300000000000011,0.9996,complete frozen 40-image allocation group,5000,530002,afcff203c75c61b65f2271807379c15e7b553a6256b455a569b2b38bd3243232,,,,,paired within one fixed permutation and group size; no cross-permutation pooling
PAIRED_GROUP_BOOTSTRAP,R0,40,50,M11_MINUS_PS_PREFIX,M11,PS_PREFIX,SEED_530101,20,coverage_per_image,false,0.06999999999999998,6.999999999999998,0.0399999999999999,0.09949999999999998,1,complete frozen 40-image allocation group,5000,530002,afcff203c75c61b65f2271807379c15e7b553a6256b455a569b2b38bd3243232,,,,,paired within one fixed permutation and group size; no cross-permutation pooling
PAIRED_GROUP_BOOTSTRAP,R0,40,50,M11_MINUS_PS_PREFIX,M11,PS_PREFIX,SEED_530101,30,coverage_per_image,false,0.0615000000000002,6.15000000000002,0.036000000000000296,0.08800000000000008,1,complete frozen 40-image allocation group,5000,530002,afcff203c75c61b65f2271807379c15e7b553a6256b455a569b2b38bd3243232,,,,,paired within one fixed permutation and group size; no cross-permutation pooling
PAIRED_GROUP_BOOTSTRAP,R0,40,50,M11_MINUS_PS_PREFIX,M11,PS_PREFIX,SEED_530101,40,coverage_per_image,false,0.04600000000000016,4.600000000000016,0.029000000000000022,0.0640000000000003,1,complete frozen 40-image allocation group,5000,530002,afcff203c75c61b65f2271807379c15e7b553a6256b455a569b2b38bd3243232,,,,,paired within one fixed permutation and group size; no cross-permutation pooling
PAIRED_GROUP_BOOTSTRAP,R0,40,50,M11_MINUS_PS_PREFIX,M11,PS_PREFIX,SEED_530101,CORE_10_15_20,coverage_per_image,false,0.039833333333333366,3.9833333333333365,0.018000000000000068,0.06150000000000002,0.9998,complete frozen 40-image allocation group,5000,530002,afcff203c75c61b65f2271807379c15e7b553a6256b455a569b2b38bd3243232,,,,,paired within one fixed permutation and group size; no cross-permutation pooling
PAIRED_GROUP_BOOTSTRAP,R0,40,50,M11_MINUS_PS_PREFIX,M11,PS_PREFIX,SEED_530101,10,quality_per_image,false,0.16648624031891887,16.648624031891888,0.14311167682394632,0.19106032019506988,1,complete frozen 40-image allocation group,5000,530002,afcff203c75c61b65f2271807379c15e7b553a6256b455a569b2b38bd3243232,,,,,paired within one fixed permutation and group size; no cross-permutation pooling
PAIRED_GROUP_BOOTSTRAP,R0,40,50,M11_MINUS_PS_PREFIX,M11,PS_PREFIX,SEED_530101,15,quality_per_image,false,0.16557910347988078,16.557910347988077,0.13722504110420555,0.19449786093768934,1,complete frozen 40-image allocation group,5000,530002,afcff203c75c61b65f2271807379c15e7b553a6256b455a569b2b38bd3243232,,,,,paired within one fixed permutation and group size; no cross-permutation pooling
PAIRED_GROUP_BOOTSTRAP,R0,40,50,M11_MINUS_PS_PREFIX,M11,PS_PREFIX,SEED_530101,20,quality_per_image,false,0.12333905651053571,12.333905651053572,0.10126685857099281,0.1463173557203096,1,complete frozen 40-image allocation group,5000,530002,afcff203c75c61b65f2271807379c15e7b553a6256b455a569b2b38bd3243232,,,,,paired within one fixed permutation and group size; no cross-permutation pooling
PAIRED_GROUP_BOOTSTRAP,R0,40,50,M11_MINUS_PS_PREFIX,M11,PS_PREFIX,SEED_530101,30,quality_per_image,false,0.07215534156199568,7.215534156199569,0.05715257574427707,0.08836947121120305,1,complete frozen 40-image allocation group,5000,530002,afcff203c75c61b65f2271807379c15e7b553a6256b455a569b2b38bd3243232,,,,,paired within one fixed permutation and group size; no cross-permutation pooling
PAIRED_GROUP_BOOTSTRAP,R0,40,50,M11_MINUS_PS_PREFIX,M11,PS_PREFIX,SEED_530101,40,quality_per_image,false,0.03392209457122046,3.392209457122046,0.02442349131449306,0.04379085161122018,1,complete frozen 40-image allocation group,5000,530002,afcff203c75c61b65f2271807379c15e7b553a6256b455a569b2b38bd3243232,,,,,paired within one fixed permutation and group size; no cross-permutation pooling
PAIRED_GROUP_BOOTSTRAP,R0,40,50,M11_MINUS_PS_PREFIX,M11,PS_PREFIX,SEED_530101,CORE_10_15_20,quality_per_image,false,0.15180146676977846,15.180146676977845,0.13376878774942247,0.17020820283556568,1,complete frozen 40-image allocation group,5000,530002,afcff203c75c61b65f2271807379c15e7b553a6256b455a569b2b38bd3243232,,,,,paired within one fixed permutation and group size; no cross-permutation pooling
PAIRED_GROUP_BOOTSTRAP,R0,40,50,M11_MINUS_PS_PREFIX,M11,PS_PREFIX,SEED_530102,10,coverage_per_image,false,-0.029000000000000022,-2.900000000000002,-0.06350000000000006,0.005512499999999877,0.0478,complete frozen 40-image allocation group,5000,530002,afcff203c75c61b65f2271807379c15e7b553a6256b455a569b2b38bd3243232,,,,,paired within one fixed permutation and group size; no cross-permutation pooling
PAIRED_GROUP_BOOTSTRAP,R0,40,50,M11_MINUS_PS_PREFIX,M11,PS_PREFIX,SEED_530102,15,coverage_per_image,false,0.014500000000000082,1.4500000000000082,-0.018999999999999895,0.04700000000000003,0.8058,complete frozen 40-image allocation group,5000,530002,afcff203c75c61b65f2271807379c15e7b553a6256b455a569b2b38bd3243232,,,,,paired within one fixed permutation and group size; no cross-permutation pooling
PAIRED_GROUP_BOOTSTRAP,R0,40,50,M11_MINUS_PS_PREFIX,M11,PS_PREFIX,SEED_530102,20,coverage_per_image,false,0.05000000000000005,5.000000000000005,0.01650000000000025,0.08350000000000007,0.9978,complete frozen 40-image allocation group,5000,530002,afcff203c75c61b65f2271807379c15e7b553a6256b455a569b2b38bd3243232,,,,,paired within one fixed permutation and group size; no cross-permutation pooling
PAIRED_GROUP_BOOTSTRAP,R0,40,50,M11_MINUS_PS_PREFIX,M11,PS_PREFIX,SEED_530102,30,coverage_per_image,false,0.0700000000000004,7.000000000000039,0.045500000000000325,0.09450000000000046,1,complete frozen 40-image allocation group,5000,530002,afcff203c75c61b65f2271807379c15e7b553a6256b455a569b2b38bd3243232,,,,,paired within one fixed permutation and group size; no cross-permutation pooling
PAIRED_GROUP_BOOTSTRAP,R0,40,50,M11_MINUS_PS_PREFIX,M11,PS_PREFIX,SEED_530102,40,coverage_per_image,false,0.04200000000000003,4.200000000000003,0.026499999999999985,0.05850000000000002,1,complete frozen 40-image allocation group,5000,530002,afcff203c75c61b65f2271807379c15e7b553a6256b455a569b2b38bd3243232,,,,,paired within one fixed permutation and group size; no cross-permutation pooling
PAIRED_GROUP_BOOTSTRAP,R0,40,50,M11_MINUS_PS_PREFIX,M11,PS_PREFIX,SEED_530102,CORE_10_15_20,coverage_per_image,false,0.011833333333333371,1.1833333333333371,-0.011166666666666573,0.03416666666666667,0.8552,complete frozen 40-image allocation group,5000,530002,afcff203c75c61b65f2271807379c15e7b553a6256b455a569b2b38bd3243232,,,,,paired within one fixed permutation and group size; no cross-permutation pooling
PAIRED_GROUP_BOOTSTRAP,R0,40,50,M11_MINUS_PS_PREFIX,M11,PS_PREFIX,SEED_530102,10,quality_per_image,false,0.17122279986011993,17.122279986011993,0.1461577545669262,0.19715830025617592,1,complete frozen 40-image allocation group,5000,530002,afcff203c75c61b65f2271807379c15e7b553a6256b455a569b2b38bd3243232,,,,,paired within one fixed permutation and group size; no cross-permutation pooling
PAIRED_GROUP_BOOTSTRAP,R0,40,50,M11_MINUS_PS_PREFIX,M11,PS_PREFIX,SEED_530102,15,quality_per_image,false,0.14621708215232143,14.621708215232143,0.11686941961670683,0.17651462801162762,1,complete frozen 40-image allocation group,5000,530002,afcff203c75c61b65f2271807379c15e7b553a6256b455a569b2b38bd3243232,,,,,paired within one fixed permutation and group size; no cross-permutation pooling
PAIRED_GROUP_BOOTSTRAP,R0,40,50,M11_MINUS_PS_PREFIX,M11,PS_PREFIX,SEED_530102,20,quality_per_image,false,0.13132537074661754,13.132537074661755,0.10737716061732394,0.15571989745256845,1,complete frozen 40-image allocation group,5000,530002,afcff203c75c61b65f2271807379c15e7b553a6256b455a569b2b38bd3243232,,,,,paired within one fixed permutation and group size; no cross-permutation pooling
PAIRED_GROUP_BOOTSTRAP,R0,40,50,M11_MINUS_PS_PREFIX,M11,PS_PREFIX,SEED_530102,30,quality_per_image,false,0.07148371961674617,7.148371961674617,0.0559138363434667,0.08791777138150497,1,complete frozen 40-image allocation group,5000,530002,afcff203c75c61b65f2271807379c15e7b553a6256b455a569b2b38bd3243232,,,,,paired within one fixed permutation and group size; no cross-permutation pooling
PAIRED_GROUP_BOOTSTRAP,R0,40,50,M11_MINUS_PS_PREFIX,M11,PS_PREFIX,SEED_530102,40,quality_per_image,false,0.02989734844318793,2.989734844318793,0.02028764799988362,0.0402515138389166,1,complete frozen 40-image allocation group,5000,530002,afcff203c75c61b65f2271807379c15e7b553a6256b455a569b2b38bd3243232,,,,,paired within one fixed permutation and group size; no cross-permutation pooling
PAIRED_GROUP_BOOTSTRAP,R0,40,50,M11_MINUS_PS_PREFIX,M11,PS_PREFIX,SEED_530102,CORE_10_15_20,quality_per_image,false,0.14958841758635297,14.958841758635296,0.1310237072517557,0.16897006729680805,1,complete frozen 40-image allocation group,5000,530002,afcff203c75c61b65f2271807379c15e7b553a6256b455a569b2b38bd3243232,,,,,paired within one fixed permutation and group size; no cross-permutation pooling
PAIRED_GROUP_BOOTSTRAP,R0,40,50,M11_MINUS_PS_PREFIX,M11,PS_PREFIX,SEED_530103,10,coverage_per_image,false,-0.01650000000000002,-1.6500000000000021,-0.05101250000000001,0.016999999999999973,0.1752,complete frozen 40-image allocation group,5000,530002,afcff203c75c61b65f2271807379c15e7b553a6256b455a569b2b38bd3243232,,,,,paired within one fixed permutation and group size; no cross-permutation pooling
PAIRED_GROUP_BOOTSTRAP,R0,40,50,M11_MINUS_PS_PREFIX,M11,PS_PREFIX,SEED_530103,15,coverage_per_image,false,0.049,4.9,0.01600000000000014,0.08199999999999998,0.9992,complete frozen 40-image allocation group,5000,530002,afcff203c75c61b65f2271807379c15e7b553a6256b455a569b2b38bd3243232,,,,,paired within one fixed permutation and group size; no cross-permutation pooling
PAIRED_GROUP_BOOTSTRAP,R0,40,50,M11_MINUS_PS_PREFIX,M11,PS_PREFIX,SEED_530103,20,coverage_per_image,false,0.07450000000000007,7.450000000000006,0.044000000000000164,0.10400000000000002,1,complete frozen 40-image allocation group,5000,530002,afcff203c75c61b65f2271807379c15e7b553a6256b455a569b2b38bd3243232,,,,,paired within one fixed permutation and group size; no cross-permutation pooling
PAIRED_GROUP_BOOTSTRAP,R0,40,50,M11_MINUS_PS_PREFIX,M11,PS_PREFIX,SEED_530103,30,coverage_per_image,false,0.07400000000000023,7.4000000000000234,0.046500000000000166,0.10200000000000027,1,complete frozen 40-image allocation group,5000,530002,afcff203c75c61b65f2271807379c15e7b553a6256b455a569b2b38bd3243232,,,,,paired within one fixed permutation and group size; no cross-permutation pooling
PAIRED_GROUP_BOOTSTRAP,R0,40,50,M11_MINUS_PS_PREFIX,M11,PS_PREFIX,SEED_530103,40,coverage_per_image,false,0.05550000000000011,5.550000000000011,0.039999999999999994,0.0720000000000002,1,complete frozen 40-image allocation group,5000,530002,afcff203c75c61b65f2271807379c15e7b553a6256b455a569b2b38bd3243232,,,,,paired within one fixed permutation and group size; no cross-permutation pooling
PAIRED_GROUP_BOOTSTRAP,R0,40,50,M11_MINUS_PS_PREFIX,M11,PS_PREFIX,SEED_530103,CORE_10_15_20,coverage_per_image,false,0.03566666666666668,3.566666666666668,0.014833333333333358,0.056999999999999995,0.9994,complete frozen 40-image allocation group,5000,530002,afcff203c75c61b65f2271807379c15e7b553a6256b455a569b2b38bd3243232,,,,,paired within one fixed permutation and group size; no cross-permutation pooling
PAIRED_GROUP_BOOTSTRAP,R0,40,50,M11_MINUS_PS_PREFIX,M11,PS_PREFIX,SEED_530103,10,quality_per_image,false,0.167175357453938,16.7175357453938,0.14105516864722994,0.19305526818849725,1,complete frozen 40-image allocation group,5000,530002,afcff203c75c61b65f2271807379c15e7b553a6256b455a569b2b38bd3243232,,,,,paired within one fixed permutation and group size; no cross-permutation pooling
PAIRED_GROUP_BOOTSTRAP,R0,40,50,M11_MINUS_PS_PREFIX,M11,PS_PREFIX,SEED_530103,15,quality_per_image,false,0.160488580289681,16.048858028968098,0.13249573097661166,0.18802098002468517,1,complete frozen 40-image allocation group,5000,530002,afcff203c75c61b65f2271807379c15e7b553a6256b455a569b2b38bd3243232,,,,,paired within one fixed permutation and group size; no cross-permutation pooling
PAIRED_GROUP_BOOTSTRAP,R0,40,50,M11_MINUS_PS_PREFIX,M11,PS_PREFIX,SEED_530103,20,quality_per_image,false,0.12820515518326236,12.820515518326236,0.10806783122397301,0.14897247237618083,1,complete frozen 40-image allocation group,5000,530002,afcff203c75c61b65f2271807379c15e7b553a6256b455a569b2b38bd3243232,,,,,paired within one fixed permutation and group size; no cross-permutation pooling
PAIRED_GROUP_BOOTSTRAP,R0,40,50,M11_MINUS_PS_PREFIX,M11,PS_PREFIX,SEED_530103,30,quality_per_image,false,0.07901897235373703,7.901897235373704,0.06395278543848755,0.09565982622571068,1,complete frozen 40-image allocation group,5000,530002,afcff203c75c61b65f2271807379c15e7b553a6256b455a569b2b38bd3243232,,,,,paired within one fixed permutation and group size; no cross-permutation pooling
PAIRED_GROUP_BOOTSTRAP,R0,40,50,M11_MINUS_PS_PREFIX,M11,PS_PREFIX,SEED_530103,40,quality_per_image,false,0.03528666891550243,3.5286668915502433,0.02569409072894994,0.04546546337789928,1,complete frozen 40-image allocation group,5000,530002,afcff203c75c61b65f2271807379c15e7b553a6256b455a569b2b38bd3243232,,,,,paired within one fixed permutation and group size; no cross-permutation pooling
PAIRED_GROUP_BOOTSTRAP,R0,40,50,M11_MINUS_PS_PREFIX,M11,PS_PREFIX,SEED_530103,CORE_10_15_20,quality_per_image,false,0.15195636430896045,15.195636430896045,0.13415343680957498,0.1701949701232619,1,complete frozen 40-image allocation group,5000,530002,afcff203c75c61b65f2271807379c15e7b553a6256b455a569b2b38bd3243232,,,,,paired within one fixed permutation and group size; no cross-permutation pooling
PAIRED_GROUP_BOOTSTRAP,R0,40,50,PS_PREFIX_MINUS_S_ADAPT,PS_PREFIX,S_ADAPT,DETERMINISTIC,10,coverage_per_image,false,0.08750000000000005,8.750000000000005,0.0695,0.10600000000000005,1,complete frozen 40-image allocation group,5000,530002,afcff203c75c61b65f2271807379c15e7b553a6256b455a569b2b38bd3243232,,,,,paired within one fixed permutation and group size; no cross-permutation pooling
PAIRED_GROUP_BOOTSTRAP,R0,40,50,PS_PREFIX_MINUS_S_ADAPT,PS_PREFIX,S_ADAPT,DETERMINISTIC,15,coverage_per_image,false,0.05199999999999991,5.19999999999999,0.03349999999999987,0.07049999999999983,1,complete frozen 40-image allocation group,5000,530002,afcff203c75c61b65f2271807379c15e7b553a6256b455a569b2b38bd3243232,,,,,paired within one fixed permutation and group size; no cross-permutation pooling
PAIRED_GROUP_BOOTSTRAP,R0,40,50,PS_PREFIX_MINUS_S_ADAPT,PS_PREFIX,S_ADAPT,DETERMINISTIC,20,coverage_per_image,false,0.05350000000000005,5.350000000000005,0.03600000000000007,0.07150000000000004,1,complete frozen 40-image allocation group,5000,530002,afcff203c75c61b65f2271807379c15e7b553a6256b455a569b2b38bd3243232,,,,,paired within one fixed permutation and group size; no cross-permutation pooling
PAIRED_GROUP_BOOTSTRAP,R0,40,50,PS_PREFIX_MINUS_S_ADAPT,PS_PREFIX,S_ADAPT,DETERMINISTIC,30,coverage_per_image,false,0.03599999999999987,3.599999999999987,0.0184999999999998,0.05299999999999983,1,complete frozen 40-image allocation group,5000,530002,afcff203c75c61b65f2271807379c15e7b553a6256b455a569b2b38bd3243232,,,,,paired within one fixed permutation and group size; no cross-permutation pooling
PAIRED_GROUP_BOOTSTRAP,R0,40,50,PS_PREFIX_MINUS_S_ADAPT,PS_PREFIX,S_ADAPT,DETERMINISTIC,40,coverage_per_image,false,0.014500000000000063,1.4500000000000064,0.0035000000000001206,0.02549999999999997,0.9948,complete frozen 40-image allocation group,5000,530002,afcff203c75c61b65f2271807379c15e7b553a6256b455a569b2b38bd3243232,,,,,paired within one fixed permutation and group size; no cross-permutation pooling
PAIRED_GROUP_BOOTSTRAP,R0,40,50,PS_PREFIX_MINUS_S_ADAPT,PS_PREFIX,S_ADAPT,DETERMINISTIC,CORE_10_15_20,coverage_per_image,false,0.06433333333333334,6.433333333333334,0.05399999999999995,0.07467083333333331,1,complete frozen 40-image allocation group,5000,530002,afcff203c75c61b65f2271807379c15e7b553a6256b455a569b2b38bd3243232,,,,,paired within one fixed permutation and group size; no cross-permutation pooling
PAIRED_GROUP_BOOTSTRAP,R0,40,50,PS_PREFIX_MINUS_S_ADAPT,PS_PREFIX,S_ADAPT,DETERMINISTIC,10,quality_per_image,false,-0.03671700150229298,-3.671700150229298,-0.05397329648483456,-0.02090463768749291,0,complete frozen 40-image allocation group,5000,530002,afcff203c75c61b65f2271807379c15e7b553a6256b455a569b2b38bd3243232,,,,,paired within one fixed permutation and group size; no cross-permutation pooling
PAIRED_GROUP_BOOTSTRAP,R0,40,50,PS_PREFIX_MINUS_S_ADAPT,PS_PREFIX,S_ADAPT,DETERMINISTIC,15,quality_per_image,false,-0.04293095291316435,-4.293095291316435,-0.059020432279766874,-0.027452458526456197,0,complete frozen 40-image allocation group,5000,530002,afcff203c75c61b65f2271807379c15e7b553a6256b455a569b2b38bd3243232,,,,,paired within one fixed permutation and group size; no cross-permutation pooling
PAIRED_GROUP_BOOTSTRAP,R0,40,50,PS_PREFIX_MINUS_S_ADAPT,PS_PREFIX,S_ADAPT,DETERMINISTIC,20,quality_per_image,false,-0.018290303195917287,-1.8290303195917286,-0.03193573165066336,-0.005483374608131039,0.0022,complete frozen 40-image allocation group,5000,530002,afcff203c75c61b65f2271807379c15e7b553a6256b455a569b2b38bd3243232,,,,,paired within one fixed permutation and group size; no cross-permutation pooling
PAIRED_GROUP_BOOTSTRAP,R0,40,50,PS_PREFIX_MINUS_S_ADAPT,PS_PREFIX,S_ADAPT,DETERMINISTIC,30,quality_per_image,false,-0.010903855597798379,-1.090385559779838,-0.02198207329890799,0.0003029557410775245,0.0272,complete frozen 40-image allocation group,5000,530002,afcff203c75c61b65f2271807379c15e7b553a6256b455a569b2b38bd3243232,,,,,paired within one fixed permutation and group size; no cross-permutation pooling
PAIRED_GROUP_BOOTSTRAP,R0,40,50,PS_PREFIX_MINUS_S_ADAPT,PS_PREFIX,S_ADAPT,DETERMINISTIC,40,quality_per_image,false,-0.001467212788527803,-0.1467212788527803,-0.008150852669341199,0.005179268997062251,0.3382,complete frozen 40-image allocation group,5000,530002,afcff203c75c61b65f2271807379c15e7b553a6256b455a569b2b38bd3243232,,,,,paired within one fixed permutation and group size; no cross-permutation pooling
PAIRED_GROUP_BOOTSTRAP,R0,40,50,PS_PREFIX_MINUS_S_ADAPT,PS_PREFIX,S_ADAPT,DETERMINISTIC,CORE_10_15_20,quality_per_image,false,-0.032646085870458204,-3.2646085870458204,-0.04236703874891697,-0.023536256658753675,0,complete frozen 40-image allocation group,5000,530002,afcff203c75c61b65f2271807379c15e7b553a6256b455a569b2b38bd3243232,,,,,paired within one fixed permutation and group size; no cross-permutation pooling
PAIRED_GROUP_BOOTSTRAP,R0,40,50,PS_CLASS_PREFIX_MINUS_S_ADAPT,PS_CLASS_PREFIX,S_ADAPT,DETERMINISTIC,10,coverage_per_image,false,-0.17699999999999988,-17.69999999999999,-0.20549999999999982,-0.14999999999999997,0,complete frozen 40-image allocation group,5000,530002,afcff203c75c61b65f2271807379c15e7b553a6256b455a569b2b38bd3243232,,,,,paired within one fixed permutation and group size; no cross-permutation pooling
PAIRED_GROUP_BOOTSTRAP,R0,40,50,PS_CLASS_PREFIX_MINUS_S_ADAPT,PS_CLASS_PREFIX,S_ADAPT,DETERMINISTIC,15,coverage_per_image,false,-0.21550000000000008,-21.550000000000008,-0.24400000000000013,-0.18799999999999997,0,complete frozen 40-image allocation group,5000,530002,afcff203c75c61b65f2271807379c15e7b553a6256b455a569b2b38bd3243232,,,,,paired within one fixed permutation and group size; no cross-permutation pooling
PAIRED_GROUP_BOOTSTRAP,R0,40,50,PS_CLASS_PREFIX_MINUS_S_ADAPT,PS_CLASS_PREFIX,S_ADAPT,DETERMINISTIC,20,coverage_per_image,false,-0.18749999999999986,-18.749999999999986,-0.2169999999999999,-0.15600000000000006,0,complete frozen 40-image allocation group,5000,530002,afcff203c75c61b65f2271807379c15e7b553a6256b455a569b2b38bd3243232,,,,,paired within one fixed permutation and group size; no cross-permutation pooling
PAIRED_GROUP_BOOTSTRAP,R0,40,50,PS_CLASS_PREFIX_MINUS_S_ADAPT,PS_CLASS_PREFIX,S_ADAPT,DETERMINISTIC,30,coverage_per_image,false,-0.1539999999999999,-15.399999999999988,-0.17899999999999974,-0.13049999999999987,0,complete frozen 40-image allocation group,5000,530002,afcff203c75c61b65f2271807379c15e7b553a6256b455a569b2b38bd3243232,,,,,paired within one fixed permutation and group size; no cross-permutation pooling
PAIRED_GROUP_BOOTSTRAP,R0,40,50,PS_CLASS_PREFIX_MINUS_S_ADAPT,PS_CLASS_PREFIX,S_ADAPT,DETERMINISTIC,40,coverage_per_image,false,-0.07649999999999978,-7.649999999999977,-0.09749999999999982,-0.05649999999999988,0,complete frozen 40-image allocation group,5000,530002,afcff203c75c61b65f2271807379c15e7b553a6256b455a569b2b38bd3243232,,,,,paired within one fixed permutation and group size; no cross-permutation pooling
PAIRED_GROUP_BOOTSTRAP,R0,40,50,PS_CLASS_PREFIX_MINUS_S_ADAPT,PS_CLASS_PREFIX,S_ADAPT,DETERMINISTIC,CORE_10_15_20,coverage_per_image,false,-0.19333333333333327,-19.33333333333333,-0.21099999999999988,-0.17549999999999993,0,complete frozen 40-image allocation group,5000,530002,afcff203c75c61b65f2271807379c15e7b553a6256b455a569b2b38bd3243232,,,,,paired within one fixed permutation and group size; no cross-permutation pooling
PAIRED_GROUP_BOOTSTRAP,R0,40,50,PS_CLASS_PREFIX_MINUS_S_ADAPT,PS_CLASS_PREFIX,S_ADAPT,DETERMINISTIC,10,quality_per_image,false,0.02473166397308062,2.473166397308062,0.0023893239475706565,0.045990270137452695,0.9856,complete frozen 40-image allocation group,5000,530002,afcff203c75c61b65f2271807379c15e7b553a6256b455a569b2b38bd3243232,,,,,paired within one fixed permutation and group size; no cross-permutation pooling
PAIRED_GROUP_BOOTSTRAP,R0,40,50,PS_CLASS_PREFIX_MINUS_S_ADAPT,PS_CLASS_PREFIX,S_ADAPT,DETERMINISTIC,15,quality_per_image,false,-0.008090007385881358,-0.8090007385881358,-0.02612593258579486,0.009964648219682305,0.1924,complete frozen 40-image allocation group,5000,530002,afcff203c75c61b65f2271807379c15e7b553a6256b455a569b2b38bd3243232,,,,,paired within one fixed permutation and group size; no cross-permutation pooling
PAIRED_GROUP_BOOTSTRAP,R0,40,50,PS_CLASS_PREFIX_MINUS_S_ADAPT,PS_CLASS_PREFIX,S_ADAPT,DETERMINISTIC,20,quality_per_image,false,0.002723323939676252,0.2723323939676252,-0.013303126091604417,0.018728641020814618,0.6276,complete frozen 40-image allocation group,5000,530002,afcff203c75c61b65f2271807379c15e7b553a6256b455a569b2b38bd3243232,,,,,paired within one fixed permutation and group size; no cross-permutation pooling
PAIRED_GROUP_BOOTSTRAP,R0,40,50,PS_CLASS_PREFIX_MINUS_S_ADAPT,PS_CLASS_PREFIX,S_ADAPT,DETERMINISTIC,30,quality_per_image,false,-0.024352907312263847,-2.4352907312263845,-0.036103610465607956,-0.012731286906601427,0,complete frozen 40-image allocation group,5000,530002,afcff203c75c61b65f2271807379c15e7b553a6256b455a569b2b38bd3243232,,,,,paired within one fixed permutation and group size; no cross-permutation pooling
PAIRED_GROUP_BOOTSTRAP,R0,40,50,PS_CLASS_PREFIX_MINUS_S_ADAPT,PS_CLASS_PREFIX,S_ADAPT,DETERMINISTIC,40,quality_per_image,false,-0.008776358929490531,-0.8776358929490531,-0.020578941416366753,0.0031313737756912484,0.0714,complete frozen 40-image allocation group,5000,530002,afcff203c75c61b65f2271807379c15e7b553a6256b455a569b2b38bd3243232,,,,,paired within one fixed permutation and group size; no cross-permutation pooling
PAIRED_GROUP_BOOTSTRAP,R0,40,50,PS_CLASS_PREFIX_MINUS_S_ADAPT,PS_CLASS_PREFIX,S_ADAPT,DETERMINISTIC,CORE_10_15_20,quality_per_image,false,0.0064549935089585056,0.6454993508958505,-0.0036580510266408213,0.016950117756669086,0.888,complete frozen 40-image allocation group,5000,530002,afcff203c75c61b65f2271807379c15e7b553a6256b455a569b2b38bd3243232,,,,,paired within one fixed permutation and group size; no cross-permutation pooling
PAIRED_GROUP_BOOTSTRAP,R0,40,50,PS_CLASS_PREFIX_MINUS_S_CLASS_ADAPT,PS_CLASS_PREFIX,S_CLASS_ADAPT,DETERMINISTIC,10,coverage_per_image,false,0.54,54,0.4829874999999999,0.6015,1,complete frozen 40-image allocation group,5000,530002,afcff203c75c61b65f2271807379c15e7b553a6256b455a569b2b38bd3243232,,,,,paired within one fixed permutation and group size; no cross-permutation pooling
PAIRED_GROUP_BOOTSTRAP,R0,40,50,PS_CLASS_PREFIX_MINUS_S_CLASS_ADAPT,PS_CLASS_PREFIX,S_CLASS_ADAPT,DETERMINISTIC,15,coverage_per_image,false,0.38150000000000006,38.150000000000006,0.3320000000000002,0.4304999999999999,1,complete frozen 40-image allocation group,5000,530002,afcff203c75c61b65f2271807379c15e7b553a6256b455a569b2b38bd3243232,,,,,paired within one fixed permutation and group size; no cross-permutation pooling
PAIRED_GROUP_BOOTSTRAP,R0,40,50,PS_CLASS_PREFIX_MINUS_S_CLASS_ADAPT,PS_CLASS_PREFIX,S_CLASS_ADAPT,DETERMINISTIC,20,coverage_per_image,false,0.24850000000000008,24.85000000000001,0.20899999999999996,0.2885125,1,complete frozen 40-image allocation group,5000,530002,afcff203c75c61b65f2271807379c15e7b553a6256b455a569b2b38bd3243232,,,,,paired within one fixed permutation and group size; no cross-permutation pooling
PAIRED_GROUP_BOOTSTRAP,R0,40,50,PS_CLASS_PREFIX_MINUS_S_CLASS_ADAPT,PS_CLASS_PREFIX,S_CLASS_ADAPT,DETERMINISTIC,30,coverage_per_image,false,0.10250000000000004,10.250000000000004,0.07400000000000005,0.13050000000000003,1,complete frozen 40-image allocation group,5000,530002,afcff203c75c61b65f2271807379c15e7b553a6256b455a569b2b38bd3243232,,,,,paired within one fixed permutation and group size; no cross-permutation pooling
PAIRED_GROUP_BOOTSTRAP,R0,40,50,PS_CLASS_PREFIX_MINUS_S_CLASS_ADAPT,PS_CLASS_PREFIX,S_CLASS_ADAPT,DETERMINISTIC,40,coverage_per_image,false,0.04350000000000009,4.3500000000000085,0.023999999999999914,0.06301250000000014,1,complete frozen 40-image allocation group,5000,530002,afcff203c75c61b65f2271807379c15e7b553a6256b455a569b2b38bd3243232,,,,,paired within one fixed permutation and group size; no cross-permutation pooling
PAIRED_GROUP_BOOTSTRAP,R0,40,50,PS_CLASS_PREFIX_MINUS_S_CLASS_ADAPT,PS_CLASS_PREFIX,S_CLASS_ADAPT,DETERMINISTIC,CORE_10_15_20,coverage_per_image,false,0.39,39,0.35149583333333345,0.43066666666666664,1,complete frozen 40-image allocation group,5000,530002,afcff203c75c61b65f2271807379c15e7b553a6256b455a569b2b38bd3243232,,,,,paired within one fixed permutation and group size; no cross-permutation pooling
PAIRED_GROUP_BOOTSTRAP,R0,40,50,PS_CLASS_PREFIX_MINUS_S_CLASS_ADAPT,PS_CLASS_PREFIX,S_CLASS_ADAPT,DETERMINISTIC,10,quality_per_image,false,0.16847621212945144,16.847621212945143,0.14101598052207193,0.19835802949193612,1,complete frozen 40-image allocation group,5000,530002,afcff203c75c61b65f2271807379c15e7b553a6256b455a569b2b38bd3243232,,,,,paired within one fixed permutation and group size; no cross-permutation pooling
PAIRED_GROUP_BOOTSTRAP,R0,40,50,PS_CLASS_PREFIX_MINUS_S_CLASS_ADAPT,PS_CLASS_PREFIX,S_CLASS_ADAPT,DETERMINISTIC,15,quality_per_image,false,0.10262569886275959,10.262569886275958,0.07970453153907125,0.12477495255139882,1,complete frozen 40-image allocation group,5000,530002,afcff203c75c61b65f2271807379c15e7b553a6256b455a569b2b38bd3243232,,,,,paired within one fixed permutation and group size; no cross-permutation pooling
PAIRED_GROUP_BOOTSTRAP,R0,40,50,PS_CLASS_PREFIX_MINUS_S_CLASS_ADAPT,PS_CLASS_PREFIX,S_CLASS_ADAPT,DETERMINISTIC,20,quality_per_image,false,0.06009328035922137,6.009328035922136,0.04181885061398751,0.07913614766552954,1,complete frozen 40-image allocation group,5000,530002,afcff203c75c61b65f2271807379c15e7b553a6256b455a569b2b38bd3243232,,,,,paired within one fixed permutation and group size; no cross-permutation pooling
PAIRED_GROUP_BOOTSTRAP,R0,40,50,PS_CLASS_PREFIX_MINUS_S_CLASS_ADAPT,PS_CLASS_PREFIX,S_CLASS_ADAPT,DETERMINISTIC,30,quality_per_image,false,0.018409891342938974,1.8409891342938973,0.00433400940383504,0.03121599978994236,0.995,complete frozen 40-image allocation group,5000,530002,afcff203c75c61b65f2271807379c15e7b553a6256b455a569b2b38bd3243232,,,,,paired within one fixed permutation and group size; no cross-permutation pooling
PAIRED_GROUP_BOOTSTRAP,R0,40,50,PS_CLASS_PREFIX_MINUS_S_CLASS_ADAPT,PS_CLASS_PREFIX,S_CLASS_ADAPT,DETERMINISTIC,40,quality_per_image,false,0.008828586485470104,0.8828586485470105,0.002130957948332817,0.015434036915479735,0.9946,complete frozen 40-image allocation group,5000,530002,afcff203c75c61b65f2271807379c15e7b553a6256b455a569b2b38bd3243232,,,,,paired within one fixed permutation and group size; no cross-permutation pooling
PAIRED_GROUP_BOOTSTRAP,R0,40,50,PS_CLASS_PREFIX_MINUS_S_CLASS_ADAPT,PS_CLASS_PREFIX,S_CLASS_ADAPT,DETERMINISTIC,CORE_10_15_20,quality_per_image,false,0.11039839711714412,11.039839711714412,0.09412396811167702,0.1270984996270544,1,complete frozen 40-image allocation group,5000,530002,afcff203c75c61b65f2271807379c15e7b553a6256b455a569b2b38bd3243232,,,,,paired within one fixed permutation and group size; no cross-permutation pooling
