permutation,group_size,method,seed,budget,image_count,group_count,total_GT,empty_GT_images,coverage_total,coverage_per_image,coverage_recall,quality_total,quality_per_image,legacy_TP,legacy_FP,legacy_FN,precision,recall,F1,output_records,K_mean,K_median,K_min,K_max,lower_bound_fraction,upper_bound_fraction,AP,AP50,AP75,AR100,source,variant_id,class_weight_on,multi_threshold_on,multi_iou_coverage_total,multi_iou_coverage_per_image,class50_weighted_coverage_total,class50_weighted_coverage_per_image,selected_below_fit_pre_threshold_count,selected_below_fit_post_threshold_count,selected_below_fit_pre_threshold_fraction_of_selected,selected_below_fit_post_threshold_fraction_of_selected
R0,40,M11,530101,10,2000,50,29966,3,13974,6.987,0.466328505639725,8661.60473721031,4.330802368605155,13969,6031,15997,0.69845,0.4661616498698525,0.5591402153464357,20000,10,8,5,48,0.31,0,0.16003198482243755,0.2619450914829073,0.16284179294138476,0.21851180327695402,REUSED_BENCH_P0_A_BOUND_TO_FROZEN_P1,,,,,,,,,,,
R0,40,M11,530101,15,2000,50,29966,3,16674,8.337,0.5564306213708871,9951.075655748646,4.975537827874323,16655,13345,13311,0.5551666666666667,0.5557965694453714,0.5554814394823734,30000,15,13,5,50,0.1535,0.003,0.17277695224534528,0.2940131801583264,0.17027327672942555,0.2575431591304431,REUSED_BENCH_P0_A_BOUND_TO_FROZEN_P1,,,,,,,,,,,
R0,40,M11,530101,20,2000,50,29966,3,18114,9.057,0.6044850830941734,10590.391272260484,5.2951956361302415,18088,21912,11878,0.4522,0.6036174330908363,0.5170511391247177,40000,20,18,5,50,0.0965,0.0175,0.17725168837905708,0.3057400084575714,0.17334962513102106,0.27776026922681146,REUSED_BENCH_P0_A_BOUND_TO_FROZEN_P1,,,,,,,,,,,
R0,40,M11,530101,30,2000,50,29966,3,19825,9.9125,0.6615831275445505,11333.55265943599,5.666776329717996,19790,40210,10176,0.3298333333333333,0.6604151371554429,0.4399439788364493,60000,30,30,5,50,0.037,0.097,0.18142742796744332,0.3157361214737855,0.17613424241563225,0.30330395463123505,REUSED_BENCH_P0_A_BOUND_TO_FROZEN_P1,,,,,,,,,,,
R0,40,M11,530101,40,2000,50,29966,3,20648,10.324,0.6890475872655677,11670.531570549734,5.835265785274867,20614,59386,9352,0.257675,0.6879129680304344,0.37491588309113727,80000,40,46,5,50,0.0045,0.2745,0.1825414059959759,0.31909825362501903,0.17672512042816757,0.31249501591140383,REUSED_BENCH_P0_A_BOUND_TO_FROZEN_P1,,,,,,,,,,,
R0,40,M11,530102,10,2000,50,29966,3,13935,6.9675,0.46502703063471934,8671.07785629271,4.335538928146355,13928,6072,16038,0.6964,0.4647934325568978,0.5574990993875836,20000,10,8,5,48,0.3015,0,0.16085447240740183,0.2633935581412383,0.16373233724930297,0.22181245786875733,REUSED_BENCH_P0_A_BOUND_TO_FROZEN_P1,,,,,,,,,,,
R0,40,M11,530102,15,2000,50,29966,3,16585,8.2925,0.5534605886671561,9912.351613093528,4.956175806546764,16567,13433,13399,0.5522333333333334,0.552859907895615,0.5525464429843577,30000,15,13,5,50,0.137,0.0025,0.17259460743507146,0.2930941531420336,0.17060055421136094,0.25897731439350746,REUSED_BENCH_P0_A_BOUND_TO_FROZEN_P1,,,,,,,,,,,
R0,40,M11,530102,20,2000,50,29966,3,18074,9.037,0.6031502369351932,10606.363900732647,5.303181950366324,18048,21952,11918,0.4512,0.6022825869318561,0.5159077266100677,40000,20,18,5,50,0.082,0.013,0.17758979941826017,0.3059894607134072,0.17393203373478097,0.2806119283490177,REUSED_BENCH_P0_A_BOUND_TO_FROZEN_P1,,,,,,,,,,,
R0,40,M11,530102,30,2000,50,29966,3,19842,9.921,0.6621504371621171,11332.209415545494,5.666104707772747,19808,40192,10158,0.33013333333333333,0.6610158179269839,0.44034413000466843,60000,30,30,5,50,0.023,0.0835,0.1814542678570926,0.31631739269241077,0.17597513302861187,0.3036834671642128,REUSED_BENCH_P0_A_BOUND_TO_FROZEN_P1,,,,,,,,,,,
R0,40,M11,530102,40,2000,50,29966,3,20640,10.32,0.6887806180337717,11662.48207829367,5.831241039146835,20607,59393,9359,0.2575875,0.6876793699526129,0.3747885710128585,80000,40,46,5,50,0.004,0.2555,0.18252674294973034,0.3190849600737696,0.17671563459475456,0.3122365295240785,REUSED_BENCH_P0_A_BOUND_TO_FROZEN_P1,,,,,,,,,,,
R0,40,M11,530103,10,2000,50,29966,3,13960,6.98,0.46586130948408194,8662.982971480345,4.331491485740172,13953,6047,16013,0.69765,0.4656277114062604,0.5584997798502982,20000,10,8,5,48,0.2925,0,0.16095609381993028,0.2636681465956186,0.16368385755474543,0.22066675980098155,REUSED_BENCH_P0_A_BOUND_TO_FROZEN_P1,,,,,,,,,,,
R0,40,M11,530103,15,2000,50,29966,3,16654,8.327,0.5557631982913969,9940.894609368246,4.970447304684123,16634,13366,13332,0.5544666666666667,0.5550957752119068,0.5547810425908014,30000,15,13,5,50,0.155,0.0045,0.17283578589718315,0.29417351056482927,0.17100054525288522,0.2591669799351031,REUSED_BENCH_P0_A_BOUND_TO_FROZEN_P1,,,,,,,,,,,
R0,40,M11,530103,20,2000,50,29966,3,18123,9.0615,0.6047854234799439,10600.123469605938,5.300061734802969,18094,21906,11872,0.45235,0.6038176600146833,0.5172226510019152,40000,20,18,5,50,0.098,0.017,0.1774173870240224,0.30583716411778383,0.1737508926120823,0.2791438331635624,REUSED_BENCH_P0_A_BOUND_TO_FROZEN_P1,,,,,,,,,,,
R0,40,M11,530103,30,2000,50,29966,3,19850,9.925,0.6624174063939131,11347.279921019475,5.673639960509738,19816,40184,10150,0.33026666666666665,0.66128278715878,0.44052197496832135,60000,30,30,5,50,0.0335,0.0945,0.18149242431047444,0.31636607637039094,0.17600212090230802,0.3041136918484698,REUSED_BENCH_P0_A_BOUND_TO_FROZEN_P1,,,,,,,,,,,
R0,40,M11,530103,40,2000,50,29966,3,20667,10.3335,0.6896816391910833,11673.260719238298,5.836630359619149,20633,59367,9333,0.2579125,0.68854701995595,0.37526144444646525,80000,40,47,5,50,0.0055,0.2825,0.18257298224645166,0.31955504040064986,0.1767219806745087,0.3123508122454258,REUSED_BENCH_P0_A_BOUND_TO_FROZEN_P1,,,,,,,,,,,
R0,40,S_ADAPT,-1,10,2000,50,29966,3,13818,6.909,0.4611226056197023,8402.066259577055,4.201033129788528,13811,6189,16155,0.69055,0.4608890075418808,0.552815914822079,20000,10,9,5,32,0.275,0,0.1536753879858031,0.24878108559773923,0.1568156295322357,0.2034422345381616,REUSED_BENCH_P0_A_BOUND_TO_FROZEN_P1,,,,,,,,,,,
R0,40,S_ADAPT,-1,15,2000,50,29966,3,16452,8.226,0.549022225188547,9705.779354615213,4.852889677307607,16432,13568,13534,0.5477333333333333,0.548354802109057,0.5480438915385385,30000,15,14,5,46,0.1205,0,0.1685191775022739,0.2849258121710403,0.16727555168259428,0.24420169058950672,REUSED_BENCH_P0_A_BOUND_TO_FROZEN_P1,,,,,,,,,,,
R0,40,S_ADAPT,-1,20,2000,50,29966,3,17867,8.9335,0.5962424080624708,10380.293765631246,5.190146882815623,17838,22162,12128,0.44595,0.5952746445972101,0.5099048109081553,40000,20,19,5,50,0.057,0.0035,0.1744860246975717,0.29901577228025406,0.17116692875010614,0.2672592834262313,REUSED_BENCH_P0_A_BOUND_TO_FROZEN_P1,,,,,,,,,,,
R0,40,S_ADAPT,-1,30,2000,50,29966,3,19630,9.815,0.6550757525195221,11211.049687507599,5.605524843753799,19596,40404,10370,0.3266,0.653941133284389,0.43563123846786567,60000,30,30,5,50,0.0165,0.1075,0.1803682958358143,0.3139704567143455,0.17552992658206243,0.29675315738757413,REUSED_BENCH_P0_A_BOUND_TO_FROZEN_P1,,,,,,,,,,,
R0,40,S_ADAPT,-1,40,2000,50,29966,3,20527,10.2635,0.6850096776346526,11605.621806984349,5.802810903492174,20494,59506,9472,0.256175,0.683908429553494,0.37273339032064456,80000,40,45,5,50,0.004,0.422,0.18221589970405566,0.31836874187893793,0.17662584047580418,0.3100090143564497,REUSED_BENCH_P0_A_BOUND_TO_FROZEN_P1,,,,,,,,,,,
R0,40,S_FIXED,-1,10,2000,50,29966,3,12494,6.247,0.41693919775745847,7577.852344853004,3.788926172426502,12486,7514,17480,0.6243,0.41667222852566244,0.4997798502982028,20000,10,10,10,10,0,0,0.14026995162342515,0.22060523402668394,0.14682809531146906,0.18174261720249166,REUSED_BENCH_P0_A_BOUND_TO_FROZEN_P1,,,,,,,,,,,
R0,40,S_FIXED,-1,15,2000,50,29966,3,15267,7.6335,0.5094774077287593,8999.899778810111,4.499949889405055,15256,14744,14710,0.5085333333333333,0.5091103250350397,0.5088216656105126,30000,15,15,15,15,0,0,0.15940002899211428,0.2637421009962942,0.16095224182726683,0.2226787863460024,REUSED_BENCH_P0_A_BOUND_TO_FROZEN_P1,,,,,,,,,,,
R0,40,S_FIXED,-1,20,2000,50,29966,3,16977,8.4885,0.5665420810251619,9839.037136273972,4.9195185681369855,16960,23040,13006,0.424,0.5659747714075952,0.4848069062115884,40000,20,20,20,20,0,0,0.16899732850971572,0.28576622928776985,0.16811310914827882,0.24839795483479468,REUSED_BENCH_P0_A_BOUND_TO_FROZEN_P1,,,,,,,,,,,
R0,40,S_FIXED,-1,30,2000,50,29966,3,18965,9.4825,0.6328839351264767,10823.094343537572,5.411547171768786,18935,41065,11031,0.3155833333333333,0.6318828005072415,0.42093679834604186,60000,30,30,30,30,0,0,0.1772019339321812,0.30568195935569753,0.17343111240354137,0.2807537578573229,REUSED_BENCH_P0_A_BOUND_TO_FROZEN_P1,,,,,,,,,,,
R0,40,S_FIXED,-1,40,2000,50,29966,3,20105,10.0525,0.6709270506574118,11379.59368170944,5.68979684085472,20070,59930,9896,0.250875,0.6697590602683041,0.36502191586490373,80000,40,40,40,40,0,0,0.18100642961307314,0.3151949751041936,0.17588235928076806,0.30138550626481975,REUSED_BENCH_P0_A_BOUND_TO_FROZEN_P1,,,,,,,,,,,
R0,40,S_CLASS_ADAPT,-1,10,2000,50,29966,3,12384,6.192,0.41326837082026296,8114.577163264315,4.057288581632157,12379,7621,17587,0.61895,0.41310151505039044,0.49549693791778415,20000,10,7,5,42,,,0.15753223323029944,0.25661770396691136,0.15961350392796317,0.22384203012763804,REUSED_P1B,S_CLASS,true,false,,,,,,,,
R0,40,S_CLASS_ADAPT,-1,15,2000,50,29966,3,15258,7.629,0.5091770673429887,9484.34794211793,4.742173971058966,15243,14757,14723,0.5081,0.5086765000333712,0.5083880865823966,30000,15,12,5,50,,,0.17026512406414082,0.2869975271627134,0.16964548662317247,0.2593077727764549,REUSED_P1B,S_CLASS,true,false,,,,,,,,
R0,40,S_CLASS_ADAPT,-1,20,2000,50,29966,3,16995,8.4975,0.567142761796703,10265.553852792156,5.132776926396078,16976,23024,12990,0.4244,0.5665087098711874,0.4852642712174485,40000,20,18,5,50,,,0.17563119508779904,0.3006099620477037,0.17317106766024606,0.2806136425286422,REUSED_P1B,S_CLASS,true,false,,,,,,,,
R0,40,S_CLASS_ADAPT,-1,30,2000,50,29966,3,19117,9.5585,0.6379563505306014,11125.524090197192,5.562762045098596,19084,40916,10882,0.31806666666666666,0.6368551024494427,0.42424916079407776,60000,30,30,5,50,,,0.18061815688687055,0.3137529121134281,0.1757865287219755,0.3029448507234309,REUSED_P1B,S_CLASS,true,false,,,,,,,,
R0,40,S_CLASS_ADAPT,-1,40,2000,50,29966,3,20287,10.1435,0.6770006006807715,11570.411916154428,5.7852059580772135,20252,59748,9714,0.25315,0.6758326102916639,0.36833202990015096,80000,40,45.5,5,50,,,0.18220718568271624,0.31860556609789636,0.17666847206997935,0.3116740796104344,REUSED_P1B,S_CLASS,true,false,,,,,,,,
,,PS_CLASS_PREFIX,-1,10,2000,50,29966,3,13464,6.732,0.44930921711272775,8451.529587523219,4.225764793761609,13456,6544,16510,0.6728,0.4490422478809317,0.538606252251531,20000,10,8,5,38,0.2885,0,0.1587979307488571,0.26089661728683694,0.16072525195345413,0.21895658938605314,NEW_BENCH_P0_EXTERNAL_CALIBRATION,,,,,,,,2360,2360,0.118,0.118
,,PS_CLASS_PREFIX,-1,15,2000,50,29966,3,16021,8.0105,0.5346392578255356,9689.599339843451,4.844799669921725,16003,13997,13963,0.5334333333333333,0.5340385770539945,0.5337357836107127,30000,15,14,5,50,0.1335,0.0005,0.17093675797501337,0.2893167781994996,0.16924105524367614,0.25619617440885073,NEW_BENCH_P0_EXTERNAL_CALIBRATION,,,,,,,,7441,7441,0.24803333333333333,0.24803333333333333
,,PS_CLASS_PREFIX,-1,20,2000,50,29966,3,17492,8.746,0.5837282253220316,10385.7404135106,5.1928702067553,17469,22531,12497,0.436725,0.582960688780618,0.49935683046050927,40000,20,19,5,50,0.0725,0.008,0.1765494032786649,0.3035446815246117,0.1733165426894814,0.2813319654391152,NEW_BENCH_P0_EXTERNAL_CALIBRATION,,,,,,,,16441,16441,0.411025,0.411025
,,PS_CLASS_PREFIX,-1,30,2000,50,29966,3,19322,9.661,0.6447974370953747,11162.34387288307,5.581171936441534,19290,40710,10676,0.3215,0.6437295601681906,0.4288286686081409,60000,30,30,5,50,0.019,0.0755,0.18068105256753528,0.3141571425938854,0.17597273398253518,0.30174737723530776,NEW_BENCH_P0_EXTERNAL_CALIBRATION,,,,,,,,36383,36383,0.6063833333333334,0.6063833333333334
,,PS_CLASS_PREFIX,-1,40,2000,50,29966,3,20374,10.187,0.6799038910765535,11588.069089125369,5.794034544562685,20337,59663,9629,0.2542125,0.6786691583794968,0.36987796227925,80000,40,45,5,50,0.0045,0.2685,0.18234377755781836,0.31862598179965307,0.17680319088654972,0.31191459539204347,NEW_BENCH_P0_EXTERNAL_CALIBRATION,,,,,,,,56383,56383,0.7047875,0.7047875
,,PS_PREFIX,-1,10,2000,50,29966,3,13993,6.9965,0.46696255756524063,8328.63225657247,4.164316128286234,13985,6015,15981,0.69925,0.46669558833344454,0.5597806508425729,20000,10,9,5,33,0.261,0,0.15123387914761022,0.2464068351133775,0.15465958638468072,0.19488919864804277,NEW_BENCH_P0_EXTERNAL_CALIBRATION,,,,,,,,1117,1117,0.05585,0.05585
,,PS_PREFIX,-1,15,2000,50,29966,3,16556,8.278,0.5524928252018955,9619.917448788885,4.809958724394442,16535,13465,13431,0.5511666666666667,0.5517920309684309,0.551479171530534,30000,15,14,5,45,0.1135,0,0.16658461926702145,0.28212455164398875,0.16480715005976576,0.23556152675115535,NEW_BENCH_P0_EXTERNAL_CALIBRATION,,,,,,,,6465,6465,0.2155,0.2155
,,PS_PREFIX,-1,20,2000,50,29966,3,17974,8.987,0.5998131215377428,10343.713159239413,5.171856579619706,17945,22055,12021,0.448625,0.5988453580724822,0.5129634393848441,40000,20,19,5,50,0.0505,0.001,0.17416418751368845,0.2985542980327306,0.17116627038956872,0.26380813549993903,NEW_BENCH_P0_EXTERNAL_CALIBRATION,,,,,,,,16383,16383,0.409575,0.409575
,,PS_PREFIX,-1,30,2000,50,29966,3,19702,9.851,0.6574784756056864,11189.241976312001,5.5946209881560005,19669,40331,10297,0.32781666666666665,0.6563772275245278,0.4372540737611987,60000,30,30,5,50,0.0145,0.062,0.18039301800386157,0.31461750992981574,0.17525439435868784,0.2961760610464069,NEW_BENCH_P0_EXTERNAL_CALIBRATION,,,,,,,,36383,36383,0.6063833333333334,0.6063833333333334
,,PS_PREFIX,-1,40,2000,50,29966,3,20556,10.278,0.6859774410999132,11602.687381407293,5.801343690703646,20521,59479,9445,0.2565125,0.6848094507108056,0.3732244511940054,80000,40,45,5,50,0.0025,0.322,0.18222673778739412,0.3182339123180419,0.17657072481800623,0.3092156119577392,NEW_BENCH_P0_EXTERNAL_CALIBRATION,,,,,,,,56383,56383,0.7047875,0.7047875
