permutation,group_size,method,seed,budget,image_count,group_count,total_GT,empty_GT_images,coverage_total,coverage_per_image,coverage_recall,quality_total,quality_per_image,legacy_TP,legacy_FP,legacy_FN,precision,recall,F1,output_records,K_mean,K_median,K_min,K_max,lower_bound_fraction,upper_bound_fraction,AP,AP50,AP75,AR100,source
R0,10,M11,530101,10,2000,200,29966,3,13855,6.9275,0.462357338316759,8578.80124806405,4.289400624032025,13848,6152,16118,0.6924,0.4621237402389375,0.5542969219068967,20000,10,8,5,33,0.2875,0,0.1585194380527138,0.2571546246957026,0.16162517255225922,0.21475868391582847,NEW_BENCH_P0_EVALUATION
R0,10,M11,530101,15,2000,200,29966,3,16557,8.2785,0.55252619635587,9856.000898630242,4.928000449315121,16538,13462,13428,0.5512666666666667,0.5518921444303544,0.5515792282293299,30000,15,13,5,50,0.144,0.0015,0.17117425257076307,0.2904859528945475,0.16936093005704325,0.2528347764784893,NEW_BENCH_P0_EVALUATION
R0,10,M11,530101,20,2000,200,29966,3,18029,9.0145,0.6016485350063405,10534.071398581958,5.267035699290979,18006,21994,11960,0.45015,0.6008809984649269,0.5147071434696853,40000,20,18,5,50,0.085,0.0135,0.17655947118298906,0.30376191644906775,0.1726938980540078,0.2743948063151458,NEW_BENCH_P0_EVALUATION
R0,10,M11,530101,30,2000,200,29966,3,19774,9.887,0.6598811986918508,11305.95409554621,5.652977047773105,19739,40261,10227,0.32898333333333335,0.6587132083027432,0.4388102171931618,60000,30,30,5,50,0.0325,0.092,0.18121015380181266,0.31538524895611103,0.17605591182709543,0.3013543153784597,NEW_BENCH_P0_EVALUATION
R0,10,M11,530101,40,2000,200,29966,3,20613,10.3065,0.6878795968764599,11652.218890156884,5.826109445078442,20577,59423,9389,0.2572125,0.6866782353333778,0.3742429478202353,80000,40,46,5,50,0.0045,0.2675,0.18250109548394655,0.3190945691933338,0.1767232957966369,0.3117549798401891,NEW_BENCH_P0_EVALUATION
R0,10,M11,530102,10,2000,200,29966,3,13796,6.898,0.4603884402322632,8577.775725711683,4.288887862855842,13787,6213,16179,0.68935,0.4600880998464927,0.5518552615778729,20000,10,8,5,33,0.2825,0,0.1593997953008649,0.25861858126175236,0.16244995818488828,0.21798100701243567,NEW_BENCH_P0_EVALUATION
R0,10,M11,530102,15,2000,200,29966,3,16522,8.261,0.5513582059667623,9850.946364467038,4.925473182233519,16506,13494,13460,0.5502,0.5508242675031703,0.5505119567755061,30000,15,13,5,50,0.123,0.0005,0.17187626368104342,0.2912582447367315,0.1700794490679069,0.2557402999407506,NEW_BENCH_P0_EVALUATION
R0,10,M11,530102,20,2000,200,29966,3,17994,8.997,0.6004805446172329,10537.581154554744,5.268790577277372,17969,22031,11997,0.449225,0.5996462657678703,0.513649486893634,40000,20,18,5,50,0.072,0.0105,0.1766911997559046,0.30358278573971825,0.17368882772928695,0.27653305673950723,NEW_BENCH_P0_EVALUATION
R0,10,M11,530102,30,2000,200,29966,3,19752,9.876,0.6591470333044117,11308.789364659802,5.654394682329901,19718,40282,10248,0.32863333333333333,0.6580124140692785,0.4383433741635729,60000,30,30,5,50,0.0195,0.081,0.18119741178062948,0.31538023962027617,0.17602984727205334,0.3021218488192054,NEW_BENCH_P0_EVALUATION
R0,10,M11,530102,40,2000,200,29966,3,20613,10.3065,0.6878795968764599,11647.740303849938,5.823870151924969,20578,59422,9388,0.257225,0.6867116064873523,0.37426113525998944,80000,40,45,5,50,0.003,0.245,0.18245823733784985,0.31908271731805976,0.176713310775524,0.31162513742840936,NEW_BENCH_P0_EVALUATION
R0,10,M11,530103,10,2000,200,29966,3,13822,6.911,0.4612560902356003,8567.363834558815,4.283681917279408,13813,6187,16153,0.69065,0.4609557498498298,0.5528959692590961,20000,10,8,5,36,0.2805,0,0.15901358795185586,0.25975673587102455,0.1618381399735043,0.21641235448830948,NEW_BENCH_P0_EVALUATION
R0,10,M11,530103,15,2000,200,29966,3,16557,8.2785,0.55252619635587,9870.556896194088,4.935278448097044,16539,13461,13427,0.5513,0.5519255155843289,0.5516125804622619,30000,15,13,5,50,0.141,0.001,0.17164759226666443,0.2909869402261226,0.16951737104280956,0.2551751128771108,NEW_BENCH_P0_EVALUATION
R0,10,M11,530103,20,2000,200,29966,3,18040,9.02,0.6020156177000601,10544.4669747412,5.272233487370601,18013,21987,11953,0.450325,0.6011145965427485,0.514907240659749,40000,20,18,5,50,0.085,0.0165,0.17663745657103022,0.3039470642182715,0.17333102392954422,0.27649698172168485,NEW_BENCH_P0_EVALUATION
R0,10,M11,530103,30,2000,200,29966,3,19777,9.8885,0.6599813121537743,11322.769706609513,5.661384853304757,19741,40259,10225,0.3290166666666667,0.6587799506106922,0.43885467843407505,60000,30,30,5,50,0.029,0.096,0.18125550965746282,0.3156394484353344,0.17586810178534262,0.30304800602735693,NEW_BENCH_P0_EVALUATION
R0,10,M11,530103,40,2000,200,29966,3,20622,10.311,0.6881799372622305,11656.279116227708,5.828139558113854,20589,59411,9377,0.2573625,0.6870786891810718,0.37446119709728465,80000,40,46,5,50,0.0035,0.267,0.18250987286384474,0.3190947051676939,0.17671158225225905,0.31193841885010276,NEW_BENCH_P0_EVALUATION
R0,10,S_ADAPT,-1,10,2000,200,29966,3,13740,6.87,0.458519655609691,8350.348739380832,4.175174369690416,13732,6268,16234,0.6866,0.45825268637789496,0.5496537645599007,20000,10,9,5,28,0.2575,0,0.1528164718755255,0.24700292692476794,0.15641140955755428,0.20193984184321323,NEW_BENCH_P0_EVALUATION
R0,10,S_ADAPT,-1,15,2000,200,29966,3,16364,8.182,0.5460855636387907,9647.312836129488,4.823656418064743,16343,13657,13623,0.5447666666666666,0.545384769405326,0.545075542807591,30000,15,14,5,45,0.1055,0,0.16773610148835572,0.2834591782696411,0.16735738542787812,0.2423556929838014,NEW_BENCH_P0_EVALUATION
R0,10,S_ADAPT,-1,20,2000,200,29966,3,17794,8.897,0.593806313822332,10355.681320015809,5.177840660007904,17768,22232,12198,0.4442,0.5929386638189948,0.5079038390075179,40000,20,19,5,50,0.047,0.003,0.17434061950717553,0.29895765011957864,0.17113051463020865,0.26712422560139176,NEW_BENCH_P0_EVALUATION
R0,10,S_ADAPT,-1,30,2000,200,29966,3,19559,9.7795,0.6527064005873323,11171.820106071656,5.585910053035828,19524,40476,10442,0.3254,0.6515384101982247,0.43403063379498924,60000,30,30,5,50,0.016,0.0975,0.18017498310112884,0.3136134324587328,0.1753709374899329,0.2954871609993823,NEW_BENCH_P0_EVALUATION
R0,10,S_ADAPT,-1,40,2000,200,29966,3,20492,10.246,0.683841687245545,11591.17990261772,5.79558995130886,20458,59542,9508,0.255725,0.6827070680104118,0.37207864248949674,80000,40,44,5,50,0.003,0.3775,0.18208464670087648,0.3179144023432828,0.176486027269273,0.30914994924388556,NEW_BENCH_P0_EVALUATION
R0,10,S_FIXED,-1,10,2000,200,29966,3,12494,6.247,0.41693919775745847,7577.852344853004,3.788926172426502,12486,7514,17480,0.6243,0.41667222852566244,0.4997798502982028,20000,10,10,10,10,0,0,0.14026995162342515,0.22060523402668394,0.14682809531146906,0.18174261720249166,NEW_BENCH_P0_EVALUATION
R0,10,S_FIXED,-1,15,2000,200,29966,3,15267,7.6335,0.5094774077287593,8999.899778810111,4.499949889405055,15256,14744,14710,0.5085333333333333,0.5091103250350397,0.5088216656105126,30000,15,15,15,15,0,0,0.15940002899211428,0.2637421009962942,0.16095224182726683,0.2226787863460024,NEW_BENCH_P0_EVALUATION
R0,10,S_FIXED,-1,20,2000,200,29966,3,16977,8.4885,0.5665420810251619,9839.037136273972,4.9195185681369855,16960,23040,13006,0.424,0.5659747714075952,0.4848069062115884,40000,20,20,20,20,0,0,0.16899732850971572,0.28576622928776985,0.16811310914827882,0.24839795483479468,NEW_BENCH_P0_EVALUATION
R0,10,S_FIXED,-1,30,2000,200,29966,3,18965,9.4825,0.6328839351264767,10823.09434353757,5.4115471717687855,18935,41065,11031,0.3155833333333333,0.6318828005072415,0.42093679834604186,60000,30,30,30,30,0,0,0.1772019339321812,0.30568195935569753,0.17343111240354137,0.2807537578573229,NEW_BENCH_P0_EVALUATION
R0,10,S_FIXED,-1,40,2000,200,29966,3,20105,10.0525,0.6709270506574118,11379.59368170944,5.68979684085472,20070,59930,9896,0.250875,0.6697590602683041,0.36502191586490373,80000,40,40,40,40,0,0,0.18100642961307314,0.3151949751041936,0.17588235928076806,0.30138550626481975,NEW_BENCH_P0_EVALUATION
R0,20,M11,530101,10,2000,100,29966,3,13948,6.974,0.4654608556363879,8642.740234350382,4.321370117175191,13943,6057,16023,0.69715,0.4652939998665154,0.5580995076652123,20000,10,8,5,42,0.303,0,0.1600502323418517,0.262880961234258,0.16335025369272452,0.21832688160326735,NEW_BENCH_P0_EVALUATION
R0,20,M11,530101,15,2000,100,29966,3,16625,8.3125,0.5547954348261362,9920.729306361172,4.960364653180586,16609,13391,13357,0.5536333333333333,0.5542614963625442,0.5539472367675016,30000,15,13,5,50,0.151,0.0025,0.1724701062007097,0.29371782888838205,0.1700102847491489,0.2560095440537247,NEW_BENCH_P0_EVALUATION
R0,20,M11,530101,20,2000,100,29966,3,18076,9.038,0.6032169792431422,10558.87828679948,5.27943914339974,18048,21952,11918,0.4512,0.6022825869318561,0.5159077266100677,40000,20,18,5,50,0.0945,0.017,0.17713084162083054,0.3053748397946983,0.17361596945856053,0.27669393323710867,NEW_BENCH_P0_EVALUATION
R0,20,M11,530101,30,2000,100,29966,3,19795,9.8975,0.6605819929253154,11319.740976704252,5.659870488352126,19761,40239,10205,0.32935,0.6594473736901822,0.4392992908432074,60000,30,30,5,50,0.035,0.094,0.18134994581098965,0.3162766106345644,0.17597470355300748,0.30278264062465005,NEW_BENCH_P0_EVALUATION
R0,20,M11,530101,40,2000,100,29966,3,20650,10.325,0.6891143295735167,11662.690396947894,5.831345198473946,20612,59388,9354,0.25765,0.6878462257224854,0.37487950821162896,80000,40,46,5,50,0.003,0.2705,0.18253587824951464,0.31913711434179215,0.17673419958932654,0.3120853441165449,NEW_BENCH_P0_EVALUATION
R0,20,M11,530102,10,2000,100,29966,3,13897,6.9485,0.4637589267836882,8644.993231937795,4.322496615968897,13889,6111,16077,0.69445,0.46349195755189215,0.5559380378657488,20000,10,8,5,42,0.2955,0,0.16091587684720965,0.2630426716319419,0.16403233873877443,0.22155022800315916,NEW_BENCH_P0_EVALUATION
R0,20,M11,530102,15,2000,100,29966,3,16578,8.289,0.5532269905893346,9909.798550630789,4.954899275315395,16564,13436,13402,0.5521333333333334,0.5527597944336915,0.5524463862855619,30000,15,13,5,50,0.1375,0.002,0.17275266774035622,0.2935166929112658,0.17068909974617902,0.2588905882778386,NEW_BENCH_P0_EVALUATION
R0,20,M11,530102,20,2000,100,29966,3,18049,9.0245,0.6023159580858306,10576.336424853616,5.288168212426808,18023,21977,11943,0.450575,0.6014483080824935,0.5151930937884115,40000,20,18,5,50,0.074,0.0135,0.17740886534941303,0.3057358288062847,0.17392780568598784,0.27975202090277135,NEW_BENCH_P0_EVALUATION
R0,20,M11,530102,30,2000,100,29966,3,19798,9.899,0.6606821063872389,11316.096354582492,5.6580481772912465,19764,40236,10202,0.3294,0.6595474871521058,0.43936598270457733,60000,30,30,5,50,0.0195,0.082,0.18133670878777067,0.3159671502949617,0.17596323848891962,0.30306361354586486,NEW_BENCH_P0_EVALUATION
R0,20,M11,530102,40,2000,100,29966,3,20648,10.324,0.6890475872655677,11662.411716830793,5.831205858415396,20611,59389,9355,0.2576375,0.6878128545685109,0.37486132077187495,80000,40,45,5,50,0.0035,0.251,0.1825202494126694,0.3191152566872977,0.176713982846952,0.31206105347733554,NEW_BENCH_P0_EVALUATION
R0,20,M11,530103,10,2000,100,29966,3,13925,6.9625,0.4646933190949743,8624.330922070196,4.312165461035098,13919,6081,16047,0.69595,0.4644930921711273,0.5571388544210062,20000,10,8,5,41,0.2895,0,0.1599066319439522,0.2626227115614421,0.16254885646726314,0.21842073108217472,NEW_BENCH_P0_EVALUATION
R0,20,M11,530103,15,2000,100,29966,3,16605,8.3025,0.5541280117466462,9925.245504978113,4.9626227524890565,16583,13417,13383,0.5527666666666666,0.5533938463592071,0.5530800787112696,30000,15,13,5,50,0.1535,0.0045,0.17306657615243995,0.2948126365877951,0.17092799799296368,0.2594475200791756,NEW_BENCH_P0_EVALUATION
R0,20,M11,530103,20,2000,100,29966,3,18091,9.0455,0.6037175465527598,10565.763060797479,5.28288153039874,18062,21938,11904,0.45155,0.6027497830874992,0.5163079209901953,40000,20,18,5,50,0.0925,0.018,0.1770421983808307,0.30512587394782287,0.17335219229604576,0.27764725276125135,NEW_BENCH_P0_EVALUATION
R0,20,M11,530103,30,2000,100,29966,3,19818,9.909,0.661349529466729,11332.903304414707,5.666451652207353,19783,40217,10183,0.32971666666666666,0.6601815390776213,0.439788364493253,60000,30,30,5,50,0.0325,0.0945,0.18141975203746494,0.3160596314897086,0.17609613822122477,0.3035251848661251,NEW_BENCH_P0_EVALUATION
R0,20,M11,530103,40,2000,100,29966,3,20655,10.3275,0.6892811853433892,11670.238162435566,5.835119081217782,20617,59383,9349,0.2577125,0.688013081492358,0.37497044541039953,80000,40,46,5,50,0.0045,0.2715,0.18257406604659684,0.3191519490706729,0.1767371748997652,0.3123547984395233,NEW_BENCH_P0_EVALUATION
R0,20,S_ADAPT,-1,10,2000,100,29966,3,13799,6.8995,0.46048855369418673,8382.901104673652,4.191450552336826,13791,6209,16175,0.68955,0.4602215844623907,0.5520153704519072,20000,10,9,5,29,0.2675,0,0.1531474696408277,0.2478564286136672,0.15675537777308424,0.20233757911498315,NEW_BENCH_P0_EVALUATION
R0,20,S_ADAPT,-1,15,2000,100,29966,3,16409,8.2045,0.5475872655676434,9679.526685675824,4.839763342837912,16389,13611,13577,0.5463,0.5469198424881533,0.5466097455224627,30000,15,14,5,43,0.1185,0,0.16830328734410682,0.28435476633348783,0.16685208705526328,0.2434973115449079,NEW_BENCH_P0_EVALUATION
R0,20,S_ADAPT,-1,20,2000,100,29966,3,17827,8.9135,0.5949075619034906,10370.18520560179,5.1850926028008955,17800,22200,12166,0.445,0.594006540746179,0.5088185690192379,40000,20,19,5,50,0.053,0.004,0.17448404150030009,0.29901093673024415,0.17151712261069466,0.2681090424822785,NEW_BENCH_P0_EVALUATION
R0,20,S_ADAPT,-1,30,2000,100,29966,3,19586,9.793,0.6536074217446439,11176.536841522007,5.588268420761004,19553,40447,10413,0.32588333333333336,0.6525061736634853,0.4346753217882311,60000,30,30,5,50,0.0145,0.106,0.18013363219711345,0.31373743149893474,0.17523931994161074,0.29568709683766514,NEW_BENCH_P0_EVALUATION
R0,20,S_ADAPT,-1,40,2000,100,29966,3,20515,10.2575,0.6846092237869585,11597.24055814309,5.798620279071545,20481,59519,9485,0.2560125,0.6834746045518254,0.37249695360384116,80000,40,45,5,50,0.0045,0.416,0.18211107589549375,0.3178800752240871,0.176624908872161,0.30921190078333843,NEW_BENCH_P0_EVALUATION
R0,20,S_FIXED,-1,10,2000,100,29966,3,12494,6.247,0.41693919775745847,7577.852344853004,3.788926172426502,12486,7514,17480,0.6243,0.41667222852566244,0.4997798502982028,20000,10,10,10,10,0,0,0.14026995162342515,0.22060523402668394,0.14682809531146906,0.18174261720249166,NEW_BENCH_P0_EVALUATION
R0,20,S_FIXED,-1,15,2000,100,29966,3,15267,7.6335,0.5094774077287593,8999.899778810111,4.499949889405055,15256,14744,14710,0.5085333333333333,0.5091103250350397,0.5088216656105126,30000,15,15,15,15,0,0,0.15940002899211428,0.2637421009962942,0.16095224182726683,0.2226787863460024,NEW_BENCH_P0_EVALUATION
R0,20,S_FIXED,-1,20,2000,100,29966,3,16977,8.4885,0.5665420810251619,9839.037136273972,4.9195185681369855,16960,23040,13006,0.424,0.5659747714075952,0.4848069062115884,40000,20,20,20,20,0,0,0.16899732850971572,0.28576622928776985,0.16811310914827882,0.24839795483479468,NEW_BENCH_P0_EVALUATION
R0,20,S_FIXED,-1,30,2000,100,29966,3,18965,9.4825,0.6328839351264767,10823.094343537572,5.411547171768786,18935,41065,11031,0.3155833333333333,0.6318828005072415,0.42093679834604186,60000,30,30,30,30,0,0,0.1772019339321812,0.30568195935569753,0.17343111240354137,0.2807537578573229,NEW_BENCH_P0_EVALUATION
R0,20,S_FIXED,-1,40,2000,100,29966,3,20105,10.0525,0.6709270506574118,11379.59368170944,5.68979684085472,20070,59930,9896,0.250875,0.6697590602683041,0.36502191586490373,80000,40,40,40,40,0,0,0.18100642961307314,0.3151949751041936,0.17588235928076806,0.30138550626481975,NEW_BENCH_P0_EVALUATION
R0,40,M11,530101,10,2000,50,29966,3,13974,6.987,0.466328505639725,8661.60473721031,4.330802368605155,13969,6031,15997,0.69845,0.4661616498698525,0.5591402153464357,20000,10,8,5,48,0.31,0,0.16003198482243755,0.2619450914829073,0.16284179294138476,0.21851180327695402,NEW_BENCH_P0_EVALUATION
R0,40,M11,530101,15,2000,50,29966,3,16674,8.337,0.5564306213708871,9951.075655748646,4.975537827874323,16655,13345,13311,0.5551666666666667,0.5557965694453714,0.5554814394823734,30000,15,13,5,50,0.1535,0.003,0.17277695224534528,0.2940131801583264,0.17027327672942555,0.2575431591304431,NEW_BENCH_P0_EVALUATION
R0,40,M11,530101,20,2000,50,29966,3,18114,9.057,0.6044850830941734,10590.391272260484,5.2951956361302415,18088,21912,11878,0.4522,0.6036174330908363,0.5170511391247177,40000,20,18,5,50,0.0965,0.0175,0.17725168837905708,0.3057400084575714,0.17334962513102106,0.27776026922681146,NEW_BENCH_P0_EVALUATION
R0,40,M11,530101,30,2000,50,29966,3,19825,9.9125,0.6615831275445505,11333.55265943599,5.666776329717996,19790,40210,10176,0.3298333333333333,0.6604151371554429,0.4399439788364493,60000,30,30,5,50,0.037,0.097,0.18142742796744332,0.3157361214737855,0.17613424241563225,0.30330395463123505,NEW_BENCH_P0_EVALUATION
R0,40,M11,530101,40,2000,50,29966,3,20648,10.324,0.6890475872655677,11670.531570549734,5.835265785274867,20614,59386,9352,0.257675,0.6879129680304344,0.37491588309113727,80000,40,46,5,50,0.0045,0.2745,0.1825414059959759,0.31909825362501903,0.17672512042816757,0.31249501591140383,NEW_BENCH_P0_EVALUATION
R0,40,M11,530102,10,2000,50,29966,3,13935,6.9675,0.46502703063471934,8671.07785629271,4.335538928146355,13928,6072,16038,0.6964,0.4647934325568978,0.5574990993875836,20000,10,8,5,48,0.3015,0,0.16085447240740183,0.2633935581412383,0.16373233724930297,0.22181245786875733,NEW_BENCH_P0_EVALUATION
R0,40,M11,530102,15,2000,50,29966,3,16585,8.2925,0.5534605886671561,9912.351613093528,4.956175806546764,16567,13433,13399,0.5522333333333334,0.552859907895615,0.5525464429843577,30000,15,13,5,50,0.137,0.0025,0.17259460743507146,0.2930941531420336,0.17060055421136094,0.25897731439350746,NEW_BENCH_P0_EVALUATION
R0,40,M11,530102,20,2000,50,29966,3,18074,9.037,0.6031502369351932,10606.363900732647,5.303181950366324,18048,21952,11918,0.4512,0.6022825869318561,0.5159077266100677,40000,20,18,5,50,0.082,0.013,0.17758979941826017,0.3059894607134072,0.17393203373478097,0.2806119283490177,NEW_BENCH_P0_EVALUATION
R0,40,M11,530102,30,2000,50,29966,3,19842,9.921,0.6621504371621171,11332.209415545494,5.666104707772747,19808,40192,10158,0.33013333333333333,0.6610158179269839,0.44034413000466843,60000,30,30,5,50,0.023,0.0835,0.1814542678570926,0.31631739269241077,0.17597513302861187,0.3036834671642128,NEW_BENCH_P0_EVALUATION
R0,40,M11,530102,40,2000,50,29966,3,20640,10.32,0.6887806180337717,11662.48207829367,5.831241039146835,20607,59393,9359,0.2575875,0.6876793699526129,0.3747885710128585,80000,40,46,5,50,0.004,0.2555,0.18252674294973034,0.3190849600737696,0.17671563459475456,0.3122365295240785,NEW_BENCH_P0_EVALUATION
R0,40,M11,530103,10,2000,50,29966,3,13960,6.98,0.46586130948408194,8662.982971480345,4.331491485740172,13953,6047,16013,0.69765,0.4656277114062604,0.5584997798502982,20000,10,8,5,48,0.2925,0,0.16095609381993028,0.2636681465956186,0.16368385755474543,0.22066675980098155,NEW_BENCH_P0_EVALUATION
R0,40,M11,530103,15,2000,50,29966,3,16654,8.327,0.5557631982913969,9940.894609368246,4.970447304684123,16634,13366,13332,0.5544666666666667,0.5550957752119068,0.5547810425908014,30000,15,13,5,50,0.155,0.0045,0.17283578589718315,0.29417351056482927,0.17100054525288522,0.2591669799351031,NEW_BENCH_P0_EVALUATION
R0,40,M11,530103,20,2000,50,29966,3,18123,9.0615,0.6047854234799439,10600.123469605938,5.300061734802969,18094,21906,11872,0.45235,0.6038176600146833,0.5172226510019152,40000,20,18,5,50,0.098,0.017,0.1774173870240224,0.30583716411778383,0.1737508926120823,0.2791438331635624,NEW_BENCH_P0_EVALUATION
R0,40,M11,530103,30,2000,50,29966,3,19850,9.925,0.6624174063939131,11347.279921019475,5.673639960509738,19816,40184,10150,0.33026666666666665,0.66128278715878,0.44052197496832135,60000,30,30,5,50,0.0335,0.0945,0.18149242431047444,0.31636607637039094,0.17600212090230802,0.3041136918484698,NEW_BENCH_P0_EVALUATION
R0,40,M11,530103,40,2000,50,29966,3,20667,10.3335,0.6896816391910833,11673.260719238298,5.836630359619149,20633,59367,9333,0.2579125,0.68854701995595,0.37526144444646525,80000,40,47,5,50,0.0055,0.2825,0.18257298224645166,0.31955504040064986,0.1767219806745087,0.3123508122454258,NEW_BENCH_P0_EVALUATION
R0,40,S_ADAPT,-1,10,2000,50,29966,3,13818,6.909,0.4611226056197023,8402.066259577055,4.201033129788528,13811,6189,16155,0.69055,0.4608890075418808,0.552815914822079,20000,10,9,5,32,0.275,0,0.1536753879858031,0.24878108559773923,0.1568156295322357,0.2034422345381616,NEW_BENCH_P0_EVALUATION
R0,40,S_ADAPT,-1,15,2000,50,29966,3,16452,8.226,0.549022225188547,9705.779354615213,4.852889677307607,16432,13568,13534,0.5477333333333333,0.548354802109057,0.5480438915385385,30000,15,14,5,46,0.1205,0,0.1685191775022739,0.2849258121710403,0.16727555168259428,0.24420169058950672,NEW_BENCH_P0_EVALUATION
R0,40,S_ADAPT,-1,20,2000,50,29966,3,17867,8.9335,0.5962424080624708,10380.293765631246,5.190146882815623,17838,22162,12128,0.44595,0.5952746445972101,0.5099048109081553,40000,20,19,5,50,0.057,0.0035,0.1744860246975717,0.29901577228025406,0.17116692875010614,0.2672592834262313,NEW_BENCH_P0_EVALUATION
R0,40,S_ADAPT,-1,30,2000,50,29966,3,19630,9.815,0.6550757525195221,11211.049687507599,5.605524843753799,19596,40404,10370,0.3266,0.653941133284389,0.43563123846786567,60000,30,30,5,50,0.0165,0.1075,0.1803682958358143,0.3139704567143455,0.17552992658206243,0.29675315738757413,NEW_BENCH_P0_EVALUATION
R0,40,S_ADAPT,-1,40,2000,50,29966,3,20527,10.2635,0.6850096776346526,11605.621806984349,5.802810903492174,20494,59506,9472,0.256175,0.683908429553494,0.37273339032064456,80000,40,45,5,50,0.004,0.422,0.18221589970405566,0.31836874187893793,0.17662584047580418,0.3100090143564497,NEW_BENCH_P0_EVALUATION
R0,40,S_FIXED,-1,10,2000,50,29966,3,12494,6.247,0.41693919775745847,7577.852344853004,3.788926172426502,12486,7514,17480,0.6243,0.41667222852566244,0.4997798502982028,20000,10,10,10,10,0,0,0.14026995162342515,0.22060523402668394,0.14682809531146906,0.18174261720249166,NEW_BENCH_P0_EVALUATION
R0,40,S_FIXED,-1,15,2000,50,29966,3,15267,7.6335,0.5094774077287593,8999.899778810111,4.499949889405055,15256,14744,14710,0.5085333333333333,0.5091103250350397,0.5088216656105126,30000,15,15,15,15,0,0,0.15940002899211428,0.2637421009962942,0.16095224182726683,0.2226787863460024,NEW_BENCH_P0_EVALUATION
R0,40,S_FIXED,-1,20,2000,50,29966,3,16977,8.4885,0.5665420810251619,9839.037136273972,4.9195185681369855,16960,23040,13006,0.424,0.5659747714075952,0.4848069062115884,40000,20,20,20,20,0,0,0.16899732850971572,0.28576622928776985,0.16811310914827882,0.24839795483479468,NEW_BENCH_P0_EVALUATION
R0,40,S_FIXED,-1,30,2000,50,29966,3,18965,9.4825,0.6328839351264767,10823.094343537572,5.411547171768786,18935,41065,11031,0.3155833333333333,0.6318828005072415,0.42093679834604186,60000,30,30,30,30,0,0,0.1772019339321812,0.30568195935569753,0.17343111240354137,0.2807537578573229,NEW_BENCH_P0_EVALUATION
R0,40,S_FIXED,-1,40,2000,50,29966,3,20105,10.0525,0.6709270506574118,11379.59368170944,5.68979684085472,20070,59930,9896,0.250875,0.6697590602683041,0.36502191586490373,80000,40,40,40,40,0,0,0.18100642961307314,0.3151949751041936,0.17588235928076806,0.30138550626481975,NEW_BENCH_P0_EVALUATION
R0,80,M11,530101,10,2000,25,29966,3,14007,7.0035,0.4674297537208837,8678.922241820186,4.3394611209100935,14001,5999,15965,0.70005,0.46722952679703667,0.5604210863387104,20000,10,8,5,48,0.311,0,0.16017224949680794,0.2633317352469915,0.1628275001770195,0.21831345450671052,NEW_BENCH_P0_EVALUATION
R0,80,M11,530101,15,2000,25,29966,3,16648,8.324,0.5555629713675498,9937.168309556213,4.968584154778107,16629,13371,13337,0.5543,0.5549289194420343,0.5546142814261413,30000,15,13,5,50,0.1575,0.003,0.17272163596298143,0.2937952634856834,0.17041943606475957,0.25756852248399564,NEW_BENCH_P0_EVALUATION
R0,80,M11,530101,20,2000,25,29966,3,18100,9.05,0.6040178869385303,10584.544966262438,5.292272483131219,18076,21924,11890,0.4519,0.6032169792431422,0.5167081153703228,40000,20,18,5,50,0.098,0.0165,0.17716087662233032,0.30491350588163046,0.17343200776989898,0.27716969950405457,NEW_BENCH_P0_EVALUATION
R0,80,M11,530101,30,2000,25,29966,3,19830,9.915,0.661749983314423,11337.549914604218,5.66877495730211,19795,40205,10171,0.3299166666666667,0.6605819929253154,0.44005513193873247,60000,30,30,5,50,0.0405,0.0975,0.18148317569943362,0.31647279669091233,0.17613682824994892,0.3034815110447212,NEW_BENCH_P0_EVALUATION
R0,80,M11,530101,40,2000,25,29966,3,20663,10.3315,0.6895481545751853,11674.928695775925,5.837464347887963,20629,59371,9337,0.2578625,0.688413535340052,0.3751886946874488,80000,40,46,5,50,0.0075,0.2755,0.1825436437341899,0.31910810809416323,0.17672344146911986,0.31252783455978267,NEW_BENCH_P0_EVALUATION
R0,80,M11,530102,10,2000,25,29966,3,13938,6.969,0.46512714409664285,8696.932398249017,4.348466199124508,13931,6069,16035,0.69655,0.4648935460188213,0.5576191810431093,20000,10,8,5,48,0.3045,0,0.16183549154753418,0.26631874296551444,0.16446610346524626,0.2243415293325683,NEW_BENCH_P0_EVALUATION
R0,80,M11,530102,15,2000,25,29966,3,16600,8.3,0.5539611559767736,9922.595020234134,4.961297510117067,16581,13419,13385,0.5527,0.5533271040512581,0.5530133742454058,30000,15,13,5,50,0.14,0.0025,0.17292315074555117,0.2939470212067762,0.17072539087710703,0.260279472978444,NEW_BENCH_P0_EVALUATION
R0,80,M11,530102,20,2000,25,29966,3,18075,9.0375,0.6031836080891677,10602.984851258458,5.301492425629228,18051,21949,11915,0.451275,0.6023827003937796,0.5159934825486664,40000,20,18,5,50,0.0815,0.014,0.177631751096827,0.30636488517922905,0.1739145623588227,0.28036760488159745,NEW_BENCH_P0_EVALUATION
R0,80,M11,530102,30,2000,25,29966,3,19836,9.918,0.66195021023827,11338.135427740162,5.669067713870081,19802,40198,10164,0.33003333333333335,0.6608155910031369,0.44021074628192874,60000,30,30,5,50,0.0255,0.087,0.1814504540761167,0.3163022206300255,0.17597901063366936,0.3038738897539256,NEW_BENCH_P0_EVALUATION
R0,80,M11,530102,40,2000,25,29966,3,20642,10.321,0.6888473603417207,11661.463497626442,5.830731748813221,20609,59391,9357,0.2576125,0.6877461122605619,0.37482494589236676,80000,40,46,5,50,0.0045,0.261,0.18253160300234414,0.3190996755658415,0.17671482152114643,0.3122341345571027,NEW_BENCH_P0_EVALUATION
R0,80,M11,530103,10,2000,25,29966,3,13995,6.9975,0.46702929987318964,8690.849661078995,4.345424830539498,13988,6012,15978,0.6994,0.46679570179536806,0.5599007324980987,20000,10,8,5,48,0.298,0,0.16113339442763364,0.263781621956733,0.1632264262752666,0.22119346744557747,NEW_BENCH_P0_EVALUATION
R0,80,M11,530103,15,2000,25,29966,3,16656,8.328,0.5558299405993459,9949.608506479348,4.974804253239674,16638,13362,13328,0.5546,0.5552292598278048,0.5549144515225294,30000,15,13,5,50,0.1575,0.004,0.17267096725389125,0.29376902598159904,0.17084187377409626,0.2587510121165677,NEW_BENCH_P0_EVALUATION
R0,80,M11,530103,20,2000,25,29966,3,18140,9.07,0.6053527330975105,10610.324517528452,5.305162258764226,18112,21888,11854,0.4528,0.6044183407862244,0.5177371866335077,40000,20,18,5,50,0.095,0.0175,0.17749951236603917,0.30604357915196545,0.17377170861094354,0.2802958437195192,NEW_BENCH_P0_EVALUATION
R0,80,M11,530103,30,2000,25,29966,3,19847,9.9235,0.6623172929319896,11346.001614479417,5.673000807239709,19813,40187,10153,0.33021666666666666,0.6611826736968565,0.44045528310695153,60000,30,30,5,50,0.035,0.1015,0.18146323139514453,0.31631552622182946,0.17597834552835404,0.30413169274580404,NEW_BENCH_P0_EVALUATION
R0,80,M11,530103,40,2000,25,29966,3,20667,10.3335,0.6896816391910833,11678.432868641357,5.8392164343206785,20635,59365,9331,0.2579375,0.688613762263899,0.3752978193259735,80000,40,47,5,50,0.006,0.284,0.1825884231206232,0.31955810692523745,0.17672210064519953,0.31266485580645925,NEW_BENCH_P0_EVALUATION
R0,80,S_ADAPT,-1,10,2000,25,29966,3,13845,6.9225,0.462023626777014,8420.758031475614,4.210379015737807,13838,6162,16128,0.6919,0.46179002869919245,0.5538966497218109,20000,10,9,5,33,0.2765,0,0.15424505272984207,0.24951951227377625,0.1573886655577073,0.20492118633410525,NEW_BENCH_P0_EVALUATION
R0,80,S_ADAPT,-1,15,2000,25,29966,3,16436,8.218,0.548488286724955,9705.451975399306,4.852725987699653,16416,13584,13550,0.5472,0.5478208636454649,0.5475102558116267,30000,15,14,5,46,0.1195,0,0.16885725575475566,0.28565161331815336,0.167646181898694,0.24560457332016897,NEW_BENCH_P0_EVALUATION
R0,80,S_ADAPT,-1,20,2000,25,29966,3,17875,8.9375,0.5965093772942668,10387.186923254492,5.1935934616272466,17849,22151,12117,0.446225,0.5956417272909297,0.5102192493496841,40000,20,19,5,50,0.058,0.004,0.17458009040465067,0.2995920547425006,0.1713730217971327,0.2682178599598758,NEW_BENCH_P0_EVALUATION
R0,80,S_ADAPT,-1,30,2000,25,29966,3,19646,9.823,0.6556096909831142,11219.163767257378,5.609581883628689,19611,40389,10355,0.32685,0.6544417005940065,0.43596469777471486,60000,30,30,5,50,0.0165,0.1075,0.1804157921737644,0.31397180778404626,0.175528267779458,0.29704357331405906,NEW_BENCH_P0_EVALUATION
R0,80,S_ADAPT,-1,40,2000,25,29966,3,20529,10.2645,0.6850764199426016,11602.421396797285,5.801210698398642,20494,59506,9472,0.256175,0.683908429553494,0.37273339032064456,80000,40,45,5,50,0.004,0.4215,0.18224508915732657,0.3185810819699445,0.17662491769843647,0.31005536449560916,NEW_BENCH_P0_EVALUATION
R0,80,S_FIXED,-1,10,2000,25,29966,3,12494,6.247,0.41693919775745847,7577.852344853004,3.788926172426502,12486,7514,17480,0.6243,0.41667222852566244,0.4997798502982028,20000,10,10,10,10,0,0,0.14026995162342515,0.22060523402668394,0.14682809531146906,0.18174261720249166,NEW_BENCH_P0_EVALUATION
R0,80,S_FIXED,-1,15,2000,25,29966,3,15267,7.6335,0.5094774077287593,8999.899778810111,4.499949889405055,15256,14744,14710,0.5085333333333333,0.5091103250350397,0.5088216656105126,30000,15,15,15,15,0,0,0.15940002899211428,0.2637421009962942,0.16095224182726683,0.2226787863460024,NEW_BENCH_P0_EVALUATION
R0,80,S_FIXED,-1,20,2000,25,29966,3,16977,8.4885,0.5665420810251619,9839.037136273972,4.9195185681369855,16960,23040,13006,0.424,0.5659747714075952,0.4848069062115884,40000,20,20,20,20,0,0,0.16899732850971572,0.28576622928776985,0.16811310914827882,0.24839795483479468,NEW_BENCH_P0_EVALUATION
R0,80,S_FIXED,-1,30,2000,25,29966,3,18965,9.4825,0.6328839351264767,10823.094343537572,5.411547171768786,18935,41065,11031,0.3155833333333333,0.6318828005072415,0.42093679834604186,60000,30,30,30,30,0,0,0.1772019339321812,0.30568195935569753,0.17343111240354137,0.2807537578573229,NEW_BENCH_P0_EVALUATION
R0,80,S_FIXED,-1,40,2000,25,29966,3,20105,10.0525,0.6709270506574118,11379.59368170944,5.68979684085472,20070,59930,9896,0.250875,0.6697590602683041,0.36502191586490373,80000,40,40,40,40,0,0,0.18100642961307314,0.3151949751041936,0.17588235928076806,0.30138550626481975,NEW_BENCH_P0_EVALUATION
R1,10,M11,530101,10,2000,200,29966,3,13839,6.9195,0.46182339985316695,8534.655097994215,4.267327548997107,13828,6172,16138,0.6914,0.46145631715944735,0.5534963775367249,20000,10,8,5,45,0.2875,0,0.15816626641444273,0.2589990548362737,0.16155775988877885,0.21349054424153477,NEW_BENCH_P0_EVALUATION
R1,10,M11,530101,15,2000,200,29966,3,16574,8.287,0.5530935059734365,9864.775099927945,4.932387549963972,16554,13446,13412,0.5518,0.5524260828939465,0.5521128639562418,30000,15,13,5,50,0.143,0.002,0.17239556142963397,0.29371784100699305,0.16995082297092393,0.25648663349428624,NEW_BENCH_P0_EVALUATION
R1,10,M11,530101,20,2000,200,29966,3,18049,9.0245,0.6023159580858306,10557.055543951083,5.278527771975542,18026,21974,11940,0.45065,0.601548421544417,0.5152788497270103,40000,20,18,5,50,0.0865,0.0135,0.17727908028796208,0.3050831095397265,0.1732784329419742,0.2791954041545163,NEW_BENCH_P0_EVALUATION
R1,10,M11,530101,30,2000,200,29966,3,19753,9.8765,0.6591804044583862,11288.184442587448,5.644092221293724,19720,40280,10246,0.32866666666666666,0.6580791563772275,0.4383878354044861,60000,30,30,5,50,0.031,0.091,0.18099608736208006,0.31551196721888086,0.17564686986198919,0.30024644522906485,NEW_BENCH_P0_EVALUATION
R1,10,M11,530101,40,2000,200,29966,3,20609,10.3045,0.6877461122605619,11652.715018161827,5.826357509080913,20574,59426,9392,0.257175,0.6865781218714543,0.374188385500973,80000,40,46,5,50,0.0045,0.252,0.18252632306661862,0.3193048731665705,0.1767407466754278,0.31202467038049375,NEW_BENCH_P0_EVALUATION
R1,10,M11,530102,10,2000,200,29966,3,13759,6.8795,0.45915370753520657,8544.614682912674,4.272307341456337,13748,6252,16218,0.6874,0.458786624841487,0.550294200056038,20000,10,8,5,39,0.2915,0,0.15978714278453313,0.2617047810256653,0.16229232924473205,0.21825000571295092,NEW_BENCH_P0_EVALUATION
R1,10,M11,530102,15,2000,200,29966,3,16502,8.251,0.5506907828872722,9848.046077324598,4.924023038662299,16483,13517,13483,0.5494333333333333,0.5500567309617567,0.5497448554180703,30000,15,13,5,50,0.1355,0.0015,0.17213568912587612,0.2932494373878963,0.17003008835911207,0.25740024215836793,NEW_BENCH_P0_EVALUATION
R1,10,M11,530102,20,2000,200,29966,3,17964,8.982,0.5994794099979978,10532.820040314962,5.2664100201574815,17940,22060,12026,0.4485,0.5986785023026097,0.5128205128205129,40000,20,18,5,50,0.0635,0.011,0.17745957360577527,0.30504809011907263,0.17339533898515302,0.28041131337687464,NEW_BENCH_P0_EVALUATION
R1,10,M11,530102,30,2000,200,29966,3,19768,9.884,0.6596809717680038,11307.315939887836,5.653657969943918,19735,40265,10231,0.3289166666666667,0.6585797236868451,0.43872129471133536,60000,30,30,5,50,0.0225,0.0735,0.18115957069499536,0.3157558318470925,0.17590278089945519,0.30201689920173164,NEW_BENCH_P0_EVALUATION
R1,10,M11,530102,40,2000,200,29966,3,20593,10.2965,0.6872121737969699,11646.867686122536,5.8234338430612675,20559,59441,9407,0.2569875,0.6860775545618367,0.3739155739046614,80000,40,45,5,50,0.003,0.24,0.18252258078497585,0.31883050540530256,0.17671823957376,0.31201617496602785,NEW_BENCH_P0_EVALUATION
R1,10,M11,530103,10,2000,200,29966,3,13787,6.8935,0.4600880998464927,8549.748882978081,4.2748744414890405,13775,6225,16191,0.68875,0.45968764599879863,0.5513749349557698,20000,10,8,5,41,0.2835,0,0.15899466217723,0.25929689230137015,0.16239558791281608,0.21643272448544454,NEW_BENCH_P0_EVALUATION
R1,10,M11,530103,15,2000,200,29966,3,16558,8.279,0.5525595675098445,9868.24135249559,4.934120676247795,16538,13462,13428,0.5512666666666667,0.5518921444303544,0.5515792282293299,30000,15,13,5,50,0.142,0.002,0.17264039736842285,0.2935620847864841,0.170075825021257,0.2584948843991041,NEW_BENCH_P0_EVALUATION
R1,10,M11,530103,20,2000,200,29966,3,17997,8.9985,0.6005806580791564,10548.567239234437,5.2742836196172185,17972,22028,11994,0.4493,0.5997463792297938,0.5137352428322328,40000,20,18,5,50,0.0825,0.014,0.17768061850981276,0.30591837712943204,0.17398711257911761,0.28071094332994706,NEW_BENCH_P0_EVALUATION
R1,10,M11,530103,30,2000,200,29966,3,19785,9.8925,0.6602482813855703,11301.781344702033,5.650890672351016,19751,40249,10215,0.32918333333333333,0.6591136621504372,0.43907698463864125,60000,30,30,5,50,0.0285,0.099,0.1811706761889902,0.3157983679073961,0.1757527533983793,0.30218536807181556,NEW_BENCH_P0_EVALUATION
R1,10,M11,530103,40,2000,200,29966,3,20616,10.308,0.6879797103383835,11657.502489570104,5.828751244785052,20582,59418,9384,0.257275,0.6868450911032503,0.37433388501900583,80000,40,46,5,50,0.005,0.2615,0.18246939504201162,0.31901443983451433,0.17659624855753417,0.31190129918936177,NEW_BENCH_P0_EVALUATION
R1,10,S_ADAPT,-1,10,2000,200,29966,3,13704,6.852,0.45731829406660884,8317.187460469357,4.158593730234679,13694,6306,16272,0.6847,0.4569845825268638,0.5481327302565745,20000,10,9,5,32,0.246,0,0.15294835725610365,0.24730717371835295,0.15689690214927146,0.20231478182178692,NEW_BENCH_P0_EVALUATION
R1,10,S_ADAPT,-1,15,2000,200,29966,3,16360,8.18,0.5459520790228927,9668.590591467651,4.834295295733826,16340,13660,13626,0.5446666666666666,0.5452846559434025,0.544975486108795,30000,15,15,5,46,0.1075,0,0.16815797562086207,0.2842048223288249,0.16743135314658367,0.24446181714441334,NEW_BENCH_P0_EVALUATION
R1,10,S_ADAPT,-1,20,2000,200,29966,3,17809,8.9045,0.5943068811319495,10356.907230208712,5.178453615104356,17785,22215,12181,0.444625,0.5935059734365614,0.5083897893262442,40000,20,19,5,50,0.0445,0.003,0.17480901898830234,0.29997354923354425,0.17127319440075572,0.2693011345606341,NEW_BENCH_P0_EVALUATION
R1,10,S_ADAPT,-1,30,2000,200,29966,3,19564,9.782,0.6528732563572048,11168.997000084582,5.584498500042291,19531,40469,10435,0.3255166666666667,0.6517720082760462,0.4341862481381855,60000,30,30,5,50,0.0165,0.0925,0.18033163412624326,0.31404717978783947,0.1755345501984399,0.29678925095503184,NEW_BENCH_P0_EVALUATION
R1,10,S_ADAPT,-1,40,2000,200,29966,3,20478,10.239,0.6833744910899019,11583.47429260597,5.791737146302985,20443,59557,9523,0.2555375,0.6822065007007942,0.3718058308931851,80000,40,44,5,50,0.0015,0.39,0.18214132413028566,0.31808262084133887,0.17647411064433893,0.30923649092512334,NEW_BENCH_P0_EVALUATION
R1,10,S_FIXED,-1,10,2000,200,29966,3,12494,6.247,0.41693919775745847,7577.852344853003,3.7889261724265015,12486,7514,17480,0.6243,0.41667222852566244,0.4997798502982028,20000,10,10,10,10,0,0,0.14026995162342515,0.22060523402668394,0.14682809531146906,0.18174261720249166,NEW_BENCH_P0_EVALUATION
R1,10,S_FIXED,-1,15,2000,200,29966,3,15267,7.6335,0.5094774077287593,8999.899778810111,4.499949889405055,15256,14744,14710,0.5085333333333333,0.5091103250350397,0.5088216656105126,30000,15,15,15,15,0,0,0.15940002899211428,0.2637421009962942,0.16095224182726683,0.2226787863460024,NEW_BENCH_P0_EVALUATION
R1,10,S_FIXED,-1,20,2000,200,29966,3,16977,8.4885,0.5665420810251619,9839.037136273972,4.9195185681369855,16960,23040,13006,0.424,0.5659747714075952,0.4848069062115884,40000,20,20,20,20,0,0,0.16899732850971572,0.28576622928776985,0.16811310914827882,0.24839795483479468,NEW_BENCH_P0_EVALUATION
R1,10,S_FIXED,-1,30,2000,200,29966,3,18965,9.4825,0.6328839351264767,10823.094343537572,5.411547171768786,18935,41065,11031,0.3155833333333333,0.6318828005072415,0.42093679834604186,60000,30,30,30,30,0,0,0.1772019339321812,0.30568195935569753,0.17343111240354137,0.2807537578573229,NEW_BENCH_P0_EVALUATION
R1,10,S_FIXED,-1,40,2000,200,29966,3,20105,10.0525,0.6709270506574118,11379.593681709443,5.689796840854721,20070,59930,9896,0.250875,0.6697590602683041,0.36502191586490373,80000,40,40,40,40,0,0,0.18100642961307314,0.3151949751041936,0.17588235928076806,0.30138550626481975,NEW_BENCH_P0_EVALUATION
R1,20,M11,530101,10,2000,100,29966,3,13927,6.9635,0.4647600614029233,8611.656553684876,4.305828276842438,13920,6080,16046,0.696,0.4645264633251018,0.5571788816395149,20000,10,8,5,48,0.301,0,0.15949992494654536,0.26238149249912496,0.16233872646269587,0.21683030106208284,NEW_BENCH_P0_EVALUATION
R1,20,M11,530101,15,2000,100,29966,3,16604,8.302,0.5540946405926717,9883.404482581129,4.941702241290565,16587,13413,13379,0.5529,0.5535273309751051,0.5532134876429976,30000,15,13,5,50,0.149,0.0025,0.1716517789901562,0.29157972843737423,0.1697423984366031,0.25398001863728725,NEW_BENCH_P0_EVALUATION
R1,20,M11,530101,20,2000,100,29966,3,18115,9.0575,0.6045184542481479,10585.55976404667,5.292779882023335,18093,21907,11873,0.452325,0.6037842888607088,0.5171940656890489,40000,20,18,5,50,0.091,0.0175,0.177531993741524,0.3062811312381645,0.1736691119093034,0.278091265077202,NEW_BENCH_P0_EVALUATION
R1,20,M11,530101,30,2000,100,29966,3,19807,9.9035,0.6609824467730094,11323.201067978616,5.661600533989308,19775,40225,10191,0.32958333333333334,0.6599145698458253,0.43961051952960006,60000,30,31,5,50,0.0405,0.088,0.18132169061297407,0.31566747564335856,0.17601311654291288,0.30213935304737505,NEW_BENCH_P0_EVALUATION
R1,20,M11,530101,40,2000,100,29966,3,20633,10.3165,0.68854701995595,11655.90220722467,5.827951103612335,20601,59399,9365,0.2575125,0.6874791430287659,0.37467944637433387,80000,40,46,5,50,0.005,0.27,0.18248340880110991,0.3190938378935518,0.17672364301754664,0.3118870956124987,NEW_BENCH_P0_EVALUATION
R1,20,M11,530102,10,2000,100,29966,3,13845,6.9225,0.462023626777014,8609.639540523507,4.304819770261753,13836,6164,16130,0.6918,0.4617232863912434,0.5538165952847935,20000,10,8,5,45,0.294,0,0.1600338691932366,0.2606752305472799,0.16333063047608304,0.21950189838191073,NEW_BENCH_P0_EVALUATION
R1,20,M11,530102,15,2000,100,29966,3,16558,8.279,0.5525595675098445,9888.949746849676,4.944474873424838,16539,13461,13427,0.5513,0.5519255155843289,0.5516125804622619,30000,15,13,5,50,0.133,0.0015,0.17253120161873692,0.29278609818731915,0.170321631099591,0.2586292163493564,NEW_BENCH_P0_EVALUATION
R1,20,M11,530102,20,2000,100,29966,3,18062,9.031,0.6027497830874992,10572.47633310111,5.286238166550556,18038,21962,11928,0.45095,0.6019488753921111,0.5156218734814053,40000,20,18,5,50,0.0765,0.0145,0.1775476658180904,0.3058112353507988,0.17391511861274642,0.279053154843396,NEW_BENCH_P0_EVALUATION
R1,20,M11,530102,30,2000,100,29966,3,19807,9.9035,0.6609824467730094,11327.521105556918,5.663760552778459,19773,40227,10193,0.32955,0.6598478275378763,0.43956605828868683,60000,30,30,5,50,0.0235,0.0805,0.1814541972191293,0.316194160311266,0.17598823558478593,0.30368492913372425,NEW_BENCH_P0_EVALUATION
R1,20,M11,530102,40,2000,100,29966,3,20629,10.3145,0.688413535340052,11661.471400974784,5.830735700487392,20596,59404,9370,0.25745,0.6873122872588934,0.37458850917556336,80000,40,45,5,50,0.0025,0.2545,0.1825552477870409,0.3192526176079522,0.17684815398314283,0.31244678913933494,NEW_BENCH_P0_EVALUATION
R1,20,M11,530103,10,2000,100,29966,3,13873,6.9365,0.4629580190883001,8599.406683854715,4.299703341927358,13864,6136,16102,0.6932,0.46265767870252955,0.5549373574030341,20000,10,8,5,48,0.294,0,0.1596329391547204,0.2610949265719247,0.162802589312692,0.2174374000241656,NEW_BENCH_P0_EVALUATION
R1,20,M11,530103,15,2000,100,29966,3,16613,8.3065,0.5543949809784422,9900.168874460605,4.950084437230303,16594,13406,13372,0.5531333333333334,0.5537609290529266,0.5534469532735217,30000,15,13,5,50,0.149,0.0045,0.17255190148988972,0.29306439509652293,0.170326823607272,0.2575781091419485,NEW_BENCH_P0_EVALUATION
R1,20,M11,530103,20,2000,100,29966,3,18082,9.041,0.6034172061669892,10575.77414148579,5.287887070742895,18058,21942,11908,0.45145,0.6026162984716011,0.5161935797387303,40000,20,18,5,50,0.088,0.0165,0.17721371503521183,0.3049375567152804,0.17380308562716637,0.27856036112502436,NEW_BENCH_P0_EVALUATION
R1,20,M11,530103,30,2000,100,29966,3,19800,9.9,0.6607488486951879,11324.985279367014,5.662492639683507,19765,40235,10201,0.3294166666666667,0.6595808583060803,0.4393882133250339,60000,30,30,5,50,0.036,0.1005,0.1813426950508739,0.31613912290780183,0.1759701417041361,0.30295423052690745,NEW_BENCH_P0_EVALUATION
R1,20,M11,530103,40,2000,100,29966,3,20645,10.3225,0.6889474738036442,11667.121884536358,5.833560942268179,20612,59388,9354,0.25765,0.6878462257224854,0.37487950821162896,80000,40,46,5,50,0.004,0.274,0.1825326017750856,0.3190904523699588,0.17671763827503878,0.3122797065524706,NEW_BENCH_P0_EVALUATION
R1,20,S_ADAPT,-1,10,2000,100,29966,3,13802,6.901,0.46058866715611024,8381.22166583235,4.1906108329161755,13792,6208,16174,0.6896,0.4602549556163652,0.5520553976704159,20000,10,9,5,36,0.273,0,0.15347389450785281,0.24794015824433788,0.15684618058754016,0.20300315207596986,NEW_BENCH_P0_EVALUATION
R1,20,S_ADAPT,-1,15,2000,100,29966,3,16399,8.1995,0.5472535540278983,9679.561650862346,4.839780825431173,16379,13621,13587,0.5459666666666667,0.5465861309484082,0.5462762231931428,30000,15,14,5,50,0.1185,0.0005,0.16812352649531165,0.2836389821392141,0.16726880589649754,0.2431917892784635,NEW_BENCH_P0_EVALUATION
R1,20,S_ADAPT,-1,20,2000,100,29966,3,17878,8.939,0.5966094907561903,10371.733971010344,5.185866985505172,17852,22148,12114,0.4463,0.5957418407528532,0.5103050052882828,40000,20,19,5,50,0.0515,0.003,0.17466564768580717,0.29987670596064636,0.1711263184077074,0.26827856207389666,NEW_BENCH_P0_EVALUATION
R1,20,S_ADAPT,-1,30,2000,100,29966,3,19616,9.808,0.654608556363879,11208.075935585526,5.604037967792763,19581,40419,10385,0.32635,0.6534405659747714,0.43529777916101636,60000,30,30,5,50,0.0185,0.103,0.18035875790577388,0.3140172483906964,0.17561614980138504,0.2972679861919886,NEW_BENCH_P0_EVALUATION
R1,20,S_ADAPT,-1,40,2000,100,29966,3,20511,10.2555,0.6844757391710605,11593.930912959691,5.796965456479846,20476,59524,9490,0.25595,0.6833077487819529,0.37240601640507065,80000,40,45,5,50,0.005,0.412,0.1822081614420633,0.31829341732764127,0.17661478960428645,0.3099082596062276,NEW_BENCH_P0_EVALUATION
R1,20,S_FIXED,-1,10,2000,100,29966,3,12494,6.247,0.41693919775745847,7577.852344853004,3.788926172426502,12486,7514,17480,0.6243,0.41667222852566244,0.4997798502982028,20000,10,10,10,10,0,0,0.14026995162342515,0.22060523402668394,0.14682809531146906,0.18174261720249166,NEW_BENCH_P0_EVALUATION
R1,20,S_FIXED,-1,15,2000,100,29966,3,15267,7.6335,0.5094774077287593,8999.899778810111,4.499949889405055,15256,14744,14710,0.5085333333333333,0.5091103250350397,0.5088216656105126,30000,15,15,15,15,0,0,0.15940002899211428,0.2637421009962942,0.16095224182726683,0.2226787863460024,NEW_BENCH_P0_EVALUATION
R1,20,S_FIXED,-1,20,2000,100,29966,3,16977,8.4885,0.5665420810251619,9839.037136273972,4.9195185681369855,16960,23040,13006,0.424,0.5659747714075952,0.4848069062115884,40000,20,20,20,20,0,0,0.16899732850971572,0.28576622928776985,0.16811310914827882,0.24839795483479468,NEW_BENCH_P0_EVALUATION
R1,20,S_FIXED,-1,30,2000,100,29966,3,18965,9.4825,0.6328839351264767,10823.09434353757,5.4115471717687855,18935,41065,11031,0.3155833333333333,0.6318828005072415,0.42093679834604186,60000,30,30,30,30,0,0,0.1772019339321812,0.30568195935569753,0.17343111240354137,0.2807537578573229,NEW_BENCH_P0_EVALUATION
R1,20,S_FIXED,-1,40,2000,100,29966,3,20105,10.0525,0.6709270506574118,11379.593681709443,5.689796840854721,20070,59930,9896,0.250875,0.6697590602683041,0.36502191586490373,80000,40,40,40,40,0,0,0.18100642961307314,0.3151949751041936,0.17588235928076806,0.30138550626481975,NEW_BENCH_P0_EVALUATION
R1,40,M11,530101,10,2000,50,29966,3,13967,6.9835,0.46609490756190347,8641.32376628383,4.320661883141915,13961,6039,16005,0.69805,0.46589468063805645,0.5588199975983668,20000,10,8,5,48,0.304,0,0.15967548459457642,0.26262171122754835,0.1620502140488715,0.21709607489021474,NEW_BENCH_P0_EVALUATION
R1,40,M11,530101,15,2000,50,29966,3,16668,8.334,0.55623039444704,9945.229166206933,4.972614583103466,16650,13350,13316,0.555,0.5556297136754988,0.5553146783177133,30000,15,13,5,50,0.155,0.0035,0.17275376242161417,0.29428738505742363,0.17051108494077832,0.25706794600251215,NEW_BENCH_P0_EVALUATION
R1,40,M11,530101,20,2000,50,29966,3,18118,9.059,0.6046185677100714,10590.785514980256,5.295392757490128,18091,21909,11875,0.452275,0.6037175465527598,0.5171368950633165,40000,20,17,5,50,0.0955,0.019,0.17749895584443076,0.3063007473374911,0.17364969127195323,0.2781455905329489,NEW_BENCH_P0_EVALUATION
R1,40,M11,530101,30,2000,50,29966,3,19838,9.919,0.6620169525462191,11335.668741064275,5.6678343705321375,19805,40195,10161,0.33008333333333334,0.6609157044650604,0.4402774381432986,60000,30,30,5,50,0.042,0.096,0.18141149976204385,0.3162272037651155,0.17600258618823486,0.30299579982475866,NEW_BENCH_P0_EVALUATION
R1,40,M11,530101,40,2000,50,29966,3,20646,10.323,0.6889808449576187,11668.94654520022,5.8344732726001105,20611,59389,9355,0.2576375,0.6878128545685109,0.37486132077187495,80000,40,46,5,50,0.005,0.2685,0.18257541063408872,0.31925087467804475,0.17685186433192787,0.3124741530196861,NEW_BENCH_P0_EVALUATION
R1,40,M11,530102,10,2000,50,29966,3,13895,6.9475,0.4636921844757392,8651.958778468084,4.325979389234043,13886,6114,16080,0.6943,0.46339184408996864,0.555817956210223,20000,10,8,5,48,0.3005,0,0.16019647494393147,0.26198614192238157,0.1630387151153488,0.2197868402332756,NEW_BENCH_P0_EVALUATION
R1,40,M11,530102,15,2000,50,29966,3,16597,8.2985,0.5538610425148501,9916.048595204436,4.958024297602218,16577,13423,13389,0.5525666666666667,0.55319361943536,0.5528799653136778,30000,15,13,5,50,0.1375,0.002,0.1728426591477636,0.29454999946516863,0.17026719441686392,0.25883118745479844,NEW_BENCH_P0_EVALUATION
R1,40,M11,530102,20,2000,50,29966,3,18081,9.0405,0.6033838350130147,10586.385849521837,5.293192924760919,18055,21945,11911,0.451375,0.6025161850096776,0.5161078238001314,40000,20,18,5,50,0.0815,0.014,0.17759212959723877,0.30593220739478577,0.1737221093770595,0.2804090238511793,NEW_BENCH_P0_EVALUATION
R1,40,M11,530102,30,2000,50,29966,3,19826,9.913,0.661616498698525,11336.33207509253,5.668166037546265,19792,40208,10174,0.32986666666666664,0.6604818794633919,0.43998844007736254,60000,30,30,5,50,0.028,0.085,0.1814754989129743,0.3163494000566756,0.1759722241817962,0.3042678758713669,NEW_BENCH_P0_EVALUATION
R1,40,M11,530102,40,2000,50,29966,3,20637,10.3185,0.688680504571848,11664.917684511469,5.832458842255734,20603,59397,9363,0.2575375,0.6875458853367149,0.37471582125384206,80000,40,46,5,50,0.0035,0.258,0.18255066787085192,0.31907510210606765,0.17684262637379292,0.31234859083818367,NEW_BENCH_P0_EVALUATION
R1,40,M11,530103,10,2000,50,29966,3,13927,6.9635,0.4647600614029233,8637.502247949826,4.318751123974913,13919,6081,16047,0.69595,0.4644930921711273,0.5571388544210062,20000,10,8,5,48,0.3,0,0.15988890075018783,0.26188518652605647,0.1628475000841151,0.21840744435701534,NEW_BENCH_P0_EVALUATION
R1,40,M11,530103,15,2000,50,29966,3,16651,8.3255,0.5556630848294734,9936.12020064397,4.968060100321986,16633,13367,13333,0.5544333333333333,0.5550624040579323,0.5547476903578693,30000,15,13,5,50,0.155,0.0045,0.17289670507711602,0.2941484823948039,0.17062547990375457,0.2593108456438104,NEW_BENCH_P0_EVALUATION
R1,40,M11,530103,20,2000,50,29966,3,18112,9.056,0.6044183407862244,10594.323562058225,5.2971617810291125,18085,21915,11881,0.452125,0.6035173196289128,0.516965383186119,40000,20,18,5,50,0.0935,0.02,0.177548753450192,0.3056650934294925,0.17404718007735775,0.2808073035521641,NEW_BENCH_P0_EVALUATION
R1,40,M11,530103,30,2000,50,29966,3,19843,9.9215,0.6621838083160916,11347.013212057693,5.673506606028846,19809,40191,10157,0.33015,0.6610491890809584,0.4403663606251251,60000,30,30,5,50,0.0345,0.099,0.18147890614801712,0.31633306342395856,0.1759824857397814,0.30431258752424933,NEW_BENCH_P0_EVALUATION
R1,40,M11,530103,40,2000,50,29966,3,20652,10.326,0.6891810718814657,11671.816994535338,5.83590849726767,20618,59382,9348,0.257725,0.6880464526463325,0.37498863285015366,80000,40,47,5,50,0.005,0.287,0.18254169003871282,0.3190993879910256,0.1767204728735592,0.3124408151971762,NEW_BENCH_P0_EVALUATION
R1,40,S_ADAPT,-1,10,2000,50,29966,3,13827,6.9135,0.46142294600547284,8403.88388009206,4.20194194004603,13817,6183,16149,0.69085,0.4610892344657278,0.5530560781331305,20000,10,9,5,35,0.2735,0,0.15385282782502174,0.2488066469316274,0.15741465747367941,0.20387255793386244,NEW_BENCH_P0_EVALUATION
R1,40,S_ADAPT,-1,15,2000,50,29966,3,16419,8.2095,0.5479209771073884,9686.842031203716,4.843421015601858,16398,13602,13568,0.5466,0.5472201828739238,0.5469099156188507,30000,15,14,5,46,0.1215,0,0.16829574355106972,0.28365103777827116,0.16742267541791486,0.24370074155089103,NEW_BENCH_P0_EVALUATION
R1,40,S_ADAPT,-1,20,2000,50,29966,3,17858,8.929,0.5959420676767002,10367.679331428597,5.183839665714299,17830,22170,12136,0.44575,0.5950076753654141,0.5096761284052254,40000,20,19,5,50,0.056,0.0025,0.17449088602473706,0.299281322181381,0.17123847054935187,0.2675073593114169,NEW_BENCH_P0_EVALUATION
R1,40,S_ADAPT,-1,30,2000,50,29966,3,19626,9.813,0.6549422679036241,11211.527887309516,5.6057639436547575,19592,40408,10374,0.32653333333333334,0.653807648668491,0.43554231598603915,60000,30,30,5,50,0.0165,0.1115,0.18041479159353305,0.3141198582078244,0.1756077452575845,0.2975591115002538,NEW_BENCH_P0_EVALUATION
R1,40,S_ADAPT,-1,40,2000,50,29966,3,20522,10.261,0.6848428218647801,11603.421723488387,5.801710861744193,20489,59511,9477,0.2561125,0.6837415737836214,0.3726424531218741,80000,40,45.5,5,50,0.0045,0.4155,0.18220798832147664,0.3182927381719725,0.1766162036164289,0.31006502503248357,NEW_BENCH_P0_EVALUATION
R1,40,S_FIXED,-1,10,2000,50,29966,3,12494,6.247,0.41693919775745847,7577.852344853003,3.7889261724265015,12486,7514,17480,0.6243,0.41667222852566244,0.4997798502982028,20000,10,10,10,10,0,0,0.14026995162342515,0.22060523402668394,0.14682809531146906,0.18174261720249166,NEW_BENCH_P0_EVALUATION
R1,40,S_FIXED,-1,15,2000,50,29966,3,15267,7.6335,0.5094774077287593,8999.899778810111,4.499949889405055,15256,14744,14710,0.5085333333333333,0.5091103250350397,0.5088216656105126,30000,15,15,15,15,0,0,0.15940002899211428,0.2637421009962942,0.16095224182726683,0.2226787863460024,NEW_BENCH_P0_EVALUATION
R1,40,S_FIXED,-1,20,2000,50,29966,3,16977,8.4885,0.5665420810251619,9839.037136273972,4.9195185681369855,16960,23040,13006,0.424,0.5659747714075952,0.4848069062115884,40000,20,20,20,20,0,0,0.16899732850971572,0.28576622928776985,0.16811310914827882,0.24839795483479468,NEW_BENCH_P0_EVALUATION
R1,40,S_FIXED,-1,30,2000,50,29966,3,18965,9.4825,0.6328839351264767,10823.094343537572,5.411547171768786,18935,41065,11031,0.3155833333333333,0.6318828005072415,0.42093679834604186,60000,30,30,30,30,0,0,0.1772019339321812,0.30568195935569753,0.17343111240354137,0.2807537578573229,NEW_BENCH_P0_EVALUATION
R1,40,S_FIXED,-1,40,2000,50,29966,3,20105,10.0525,0.6709270506574118,11379.593681709443,5.689796840854721,20070,59930,9896,0.250875,0.6697590602683041,0.36502191586490373,80000,40,40,40,40,0,0,0.18100642961307314,0.3151949751041936,0.17588235928076806,0.30138550626481975,NEW_BENCH_P0_EVALUATION
R1,80,M11,530101,10,2000,25,29966,3,14007,7.0035,0.4674297537208837,8669.530006097739,4.33476500304887,14001,5999,15965,0.70005,0.46722952679703667,0.5604210863387104,20000,10,8,5,48,0.31,0,0.15994872476588487,0.26262184517802684,0.1620763178213892,0.21759204594090412,NEW_BENCH_P0_EVALUATION
R1,80,M11,530101,15,2000,25,29966,3,16663,8.3315,0.5560635386771674,9944.875173473285,4.972437586736643,16646,13354,13320,0.5548666666666666,0.5554962290596008,0.5551812693859853,30000,15,13,5,50,0.1585,0.0035,0.1729221529263406,0.29406274575234737,0.17032577092521145,0.25761150527932414,NEW_BENCH_P0_EVALUATION
R1,80,M11,530101,20,2000,25,29966,3,18126,9.063,0.6048855369418674,10592.87538222417,5.296437691112085,18101,21899,11865,0.452525,0.6040512580925048,0.517422748191979,40000,20,17,5,50,0.096,0.018,0.1774479284952108,0.30604506195294956,0.1737080571489807,0.2790734314181519,NEW_BENCH_P0_EVALUATION
R1,80,M11,530101,30,2000,25,29966,3,19831,9.9155,0.6617833544683975,11338.348270394643,5.669174135197322,19797,40203,10169,0.32995,0.6606487352332644,0.4400995931796457,60000,30,31,5,50,0.038,0.0965,0.1813553921198611,0.31618254000322227,0.17597063521799555,0.3030864046897502,NEW_BENCH_P0_EVALUATION
R1,80,M11,530101,40,2000,25,29966,3,20658,10.329,0.6893812988053127,11670.211459346763,5.835105729673382,20624,59376,9342,0.2578,0.6882466795701795,0.3750977574886783,80000,40,46,5,50,0.0055,0.2735,0.1825622147424145,0.31924283473679493,0.176850652268234,0.31234529997516347,NEW_BENCH_P0_EVALUATION
R1,80,M11,530102,10,2000,25,29966,3,13922,6.961,0.4645932056330508,8672.63435030902,4.33631717515451,13913,6087,16053,0.69565,0.46429286524728025,0.5568986911099547,20000,10,8,5,48,0.3095,0,0.16112376708092835,0.2655064472521156,0.16364264765209105,0.22225547043706909,NEW_BENCH_P0_EVALUATION
R1,80,M11,530102,15,2000,25,29966,3,16621,8.3105,0.5546619502102382,9948.679644589052,4.974339822294526,16602,13398,13364,0.5534,0.5540278982847227,0.5537137711369776,30000,15,13,5,50,0.1425,0.0025,0.1734377821829842,0.2949878046293665,0.17116635307246755,0.26109765485638553,NEW_BENCH_P0_EVALUATION
R1,80,M11,530102,20,2000,25,29966,3,18078,9.039,0.6032837215510912,10587.921609860994,5.293960804930497,18055,21945,11911,0.451375,0.6025161850096776,0.5161078238001314,40000,20,18,5,50,0.0805,0.0155,0.17771666012040135,0.3060559146297547,0.17392230083727975,0.2810118981984024,NEW_BENCH_P0_EVALUATION
R1,80,M11,530102,30,2000,25,29966,3,19837,9.9185,0.6619835813922446,11342.860803719701,5.67143040185985,19803,40197,10163,0.33005,0.6608489621571114,0.4402329769023854,60000,30,30,5,50,0.0265,0.086,0.18149795769666693,0.3164433401913898,0.17596807120772617,0.3044541731171897,NEW_BENCH_P0_EVALUATION
R1,80,M11,530102,40,2000,25,29966,3,20649,10.3245,0.6890809584195422,11670.182525033339,5.835091262516669,20615,59385,9351,0.2576875,0.687946339184409,0.37493407053089134,80000,40,46,5,50,0.003,0.2585,0.1825876413026154,0.31922051608683033,0.17683939459318818,0.3126178060191763,NEW_BENCH_P0_EVALUATION
R1,80,M11,530103,10,2000,25,29966,3,13971,6.9855,0.4662283921778015,8682.126272513608,4.341063136256804,13962,6038,16004,0.6981,0.46592805179203095,0.5588600248168756,20000,10,8,5,48,0.303,0,0.16117273483327232,0.26551384903350883,0.1634372210824299,0.2218030478708144,NEW_BENCH_P0_EVALUATION
R1,80,M11,530103,15,2000,25,29966,3,16664,8.332,0.5560969098311419,9959.36324504445,4.979681622522224,16646,13354,13320,0.5548666666666666,0.5554962290596008,0.5551812693859853,30000,15,13,5,50,0.16,0.005,0.17317763542145936,0.2948374326243302,0.17087862908955168,0.2599108004998573,NEW_BENCH_P0_EVALUATION
R1,80,M11,530103,20,2000,25,29966,3,18124,9.062,0.6048187946339184,10607.92940143523,5.303964700717615,18097,21903,11869,0.452425,0.6039177734766068,0.5173084069405139,40000,20,18,5,50,0.099,0.0195,0.17766664861491366,0.3059517959402826,0.17378599997032648,0.28146774954787973,NEW_BENCH_P0_EVALUATION
R1,80,M11,530103,30,2000,25,29966,3,19856,9.928,0.6626176333177601,11348.905326775293,5.674452663387647,19821,40179,10145,0.33035,0.6614496429286525,0.44063312807060445,60000,30,30,5,50,0.037,0.1005,0.18159380401429354,0.3169965569615283,0.1761279372622166,0.30489573776831824,NEW_BENCH_P0_EVALUATION
R1,80,M11,530103,40,2000,25,29966,3,20668,10.334,0.6897150103450578,11675.018935678876,5.837509467839438,20633,59367,9333,0.2579125,0.68854701995595,0.37526144444646525,80000,40,47,5,50,0.0055,0.2835,0.18263165424516242,0.31968551923738225,0.17684501433161992,0.31259853293919154,NEW_BENCH_P0_EVALUATION
R1,80,S_ADAPT,-1,10,2000,25,29966,3,13846,6.923,0.4620569979309885,8395.012956781262,4.197506478390631,13838,6162,16128,0.6919,0.46179002869919245,0.5538966497218109,20000,10,9,5,34,0.2785,0,0.15357220203591965,0.24943007340697584,0.15732189244328362,0.20272925746875786,NEW_BENCH_P0_EVALUATION
R1,80,S_ADAPT,-1,15,2000,25,29966,3,16410,8.205,0.5476206367216179,9689.085467447861,4.844542733723931,16393,13607,13573,0.5464333333333333,0.5470533271040513,0.5467431544541906,30000,15,14,5,46,0.124,0,0.16809343403156918,0.2838331949951337,0.16725119079832626,0.24311795804194397,NEW_BENCH_P0_EVALUATION
R1,80,S_ADAPT,-1,20,2000,25,29966,3,17884,8.942,0.5968097176800373,10383.354218648143,5.191677109324071,17857,22143,12109,0.446425,0.5959086965227257,0.5104479318526142,40000,20,19,5,50,0.061,0.0035,0.17459257722822136,0.29974657722388953,0.17115281205396193,0.2682325628589643,NEW_BENCH_P0_EVALUATION
R1,80,S_ADAPT,-1,30,2000,25,29966,3,19636,9.818,0.6552759794433691,11221.560328672425,5.610780164336212,19601,40399,10365,0.3266833333333333,0.6541079890542615,0.4357423915701487,60000,30,30,5,50,0.0175,0.1095,0.18041441679269232,0.3139907909906253,0.17545448901768507,0.29780789554373205,NEW_BENCH_P0_EVALUATION
R1,80,S_ADAPT,-1,40,2000,25,29966,3,20528,10.264,0.6850430487886271,11606.591778123833,5.803295889061917,20494,59506,9472,0.256175,0.683908429553494,0.37273339032064456,80000,40,46,5,50,0.0045,0.4225,0.1822313440705495,0.3183741769484267,0.17662435513277827,0.31033912618840837,NEW_BENCH_P0_EVALUATION
R1,80,S_FIXED,-1,10,2000,25,29966,3,12494,6.247,0.41693919775745847,7577.852344853003,3.7889261724265015,12486,7514,17480,0.6243,0.41667222852566244,0.4997798502982028,20000,10,10,10,10,0,0,0.14026995162342515,0.22060523402668394,0.14682809531146906,0.18174261720249166,NEW_BENCH_P0_EVALUATION
R1,80,S_FIXED,-1,15,2000,25,29966,3,15267,7.6335,0.5094774077287593,8999.899778810111,4.499949889405055,15256,14744,14710,0.5085333333333333,0.5091103250350397,0.5088216656105126,30000,15,15,15,15,0,0,0.15940002899211428,0.2637421009962942,0.16095224182726683,0.2226787863460024,NEW_BENCH_P0_EVALUATION
R1,80,S_FIXED,-1,20,2000,25,29966,3,16977,8.4885,0.5665420810251619,9839.037136273972,4.9195185681369855,16960,23040,13006,0.424,0.5659747714075952,0.4848069062115884,40000,20,20,20,20,0,0,0.16899732850971572,0.28576622928776985,0.16811310914827882,0.24839795483479468,NEW_BENCH_P0_EVALUATION
R1,80,S_FIXED,-1,30,2000,25,29966,3,18965,9.4825,0.6328839351264767,10823.094343537572,5.411547171768786,18935,41065,11031,0.3155833333333333,0.6318828005072415,0.42093679834604186,60000,30,30,30,30,0,0,0.1772019339321812,0.30568195935569753,0.17343111240354137,0.2807537578573229,NEW_BENCH_P0_EVALUATION
R1,80,S_FIXED,-1,40,2000,25,29966,3,20105,10.0525,0.6709270506574118,11379.593681709443,5.689796840854721,20070,59930,9896,0.250875,0.6697590602683041,0.36502191586490373,80000,40,40,40,40,0,0,0.18100642961307314,0.3151949751041936,0.17588235928076806,0.30138550626481975,NEW_BENCH_P0_EVALUATION
R2,10,M11,530101,10,2000,200,29966,3,13863,6.9315,0.46262430754855505,8575.667066510572,4.287833533255286,13857,6143,16109,0.69285,0.462424080624708,0.554657166873474,20000,10,8,5,37,0.29,0,0.15883692886052883,0.25866492402353203,0.1618704528518667,0.21541679023711638,NEW_BENCH_P0_EVALUATION
R2,10,M11,530101,15,2000,200,29966,3,16572,8.286,0.5530267636654875,9876.243639141929,4.938121819570965,16555,13445,13411,0.5518333333333333,0.552459454047921,0.5521462161891738,30000,15,13,5,50,0.147,0.0015,0.1722524605450599,0.2932617984006345,0.17017446854269103,0.25572437087213357,NEW_BENCH_P0_EVALUATION
R2,10,M11,530101,20,2000,200,29966,3,18018,9.009,0.601281452312621,10534.683745226883,5.267341872613441,17994,22006,11972,0.44985,0.6004805446172329,0.5143641197152904,40000,20,18,5,50,0.083,0.013,0.17685683737976274,0.30356585229055044,0.17341405048050154,0.2773624325312456,NEW_BENCH_P0_EVALUATION
R2,10,M11,530101,30,2000,200,29966,3,19751,9.8755,0.6591136621504372,11289.649809507266,5.644824904753633,19717,40283,10249,0.32861666666666667,0.657979042915304,0.4383211435431163,60000,30,30,5,50,0.037,0.086,0.18121923618314995,0.31570264126095265,0.17583919526910788,0.3013388475722333,NEW_BENCH_P0_EVALUATION
R2,10,M11,530101,40,2000,200,29966,3,20606,10.303,0.6876459987986384,11642.729284811561,5.821364642405781,20571,59429,9395,0.2571375,0.6864780084095308,0.37413382318171073,80000,40,46,5,50,0.0055,0.2645,0.18243131791617995,0.31900790513886246,0.1767289875669206,0.31122348560230945,NEW_BENCH_P0_EVALUATION
R2,10,M11,530102,10,2000,200,29966,3,13811,6.9055,0.4608890075418808,8568.674553134526,4.284337276567263,13804,6196,16162,0.6902,0.46065540946405925,0.552535724292519,20000,10,8,5,44,0.281,0,0.15939300099349335,0.26108204757536146,0.1619643805315856,0.2181307051367342,NEW_BENCH_P0_EVALUATION
R2,10,M11,530102,15,2000,200,29966,3,16529,8.2645,0.5515918040445839,9857.82231485731,4.928911157428655,16512,13488,13454,0.5504,0.5510244944270173,0.5507120701730981,30000,15,13,5,50,0.1315,0.001,0.1721952733980646,0.2922154649434388,0.1702385317780704,0.2564373712747201,NEW_BENCH_P0_EVALUATION
R2,10,M11,530102,20,2000,200,29966,3,17981,8.9905,0.6000467196155643,10525.281306062318,5.262640653031159,17958,22042,12008,0.44895,0.5992791830741507,0.5133350484521053,40000,20,18,5,50,0.071,0.01,0.1769666851100215,0.30375034668113926,0.17329292294499157,0.277839438920772,NEW_BENCH_P0_EVALUATION
R2,10,M11,530102,30,2000,200,29966,3,19751,9.8755,0.6591136621504372,11290.04667864861,5.645023339324305,19718,40282,10248,0.32863333333333333,0.6580124140692785,0.4383433741635729,60000,30,30,5,50,0.0245,0.0755,0.18126210888208438,0.315519603310325,0.17580876410531893,0.30214020847420114,NEW_BENCH_P0_EVALUATION
R2,10,M11,530102,40,2000,200,29966,3,20608,10.304,0.6877127411065874,11652.267129125994,5.826133564562997,20574,59426,9392,0.257175,0.6865781218714543,0.374188385500973,80000,40,45,5,50,0.003,0.243,0.18248998636943098,0.3190958351215014,0.1767164698082157,0.3119197562589613,NEW_BENCH_P0_EVALUATION
R2,10,M11,530103,10,2000,200,29966,3,13857,6.9285,0.462424080624708,8585.093038152545,4.292546519076272,13849,6151,16117,0.69245,0.462157111392912,0.5543369491254053,20000,10,8,5,44,0.2835,0,0.16070169445586915,0.26621341493839196,0.16283140294224552,0.22057828531828677,NEW_BENCH_P0_EVALUATION
R2,10,M11,530103,15,2000,200,29966,3,16563,8.2815,0.552726423279717,9879.066831318343,4.939533415659172,16547,13453,13419,0.5515666666666666,0.5521924848161249,0.5518793983257179,30000,15,13,5,50,0.14,0.001,0.17249752869845045,0.29270653032872473,0.17042756118606467,0.25769152689364916,NEW_BENCH_P0_EVALUATION
R2,10,M11,530103,20,2000,200,29966,3,18024,9.012,0.601481679236468,10552.425925959538,5.276212962979769,17999,22001,11967,0.449975,0.6006474003871054,0.5145070462796216,40000,20,18,5,50,0.0855,0.014,0.17737183354388944,0.3054407904258388,0.1738708014139188,0.2797465336611397,NEW_BENCH_P0_EVALUATION
R2,10,M11,530103,30,2000,200,29966,3,19761,9.8805,0.6594473736901822,11294.19359400501,5.647096797002505,19728,40272,10238,0.3288,0.6583461256090236,0.43856568036813903,60000,30,30,5,50,0.0335,0.094,0.1812450166913341,0.316120526468335,0.17575381361977674,0.30238552149038966,NEW_BENCH_P0_EVALUATION
R2,10,M11,530103,40,2000,200,29966,3,20622,10.311,0.6881799372622305,11647.54586573897,5.823772932869485,20587,59413,9379,0.2573375,0.6870119468731228,0.37442482221777634,80000,40,46,5,50,0.006,0.2685,0.18245020652187804,0.3190202991540608,0.17671616943890123,0.31142145880562483,NEW_BENCH_P0_EVALUATION
R2,10,S_ADAPT,-1,10,2000,200,29966,3,13718,6.859,0.4577854902222519,8352.588046732104,4.176294023366052,13710,6290,16256,0.6855,0.45751852099045587,0.5487731657527118,20000,10,9,5,28,0.25,0,0.15352726859245472,0.2487297732020994,0.15735718249169095,0.20235507889497772,NEW_BENCH_P0_EVALUATION
R2,10,S_ADAPT,-1,15,2000,200,29966,3,16329,8.1645,0.5449175732496829,9629.377415151097,4.814688707575549,16311,13689,13655,0.5437,0.5443168924781419,0.5440082713537672,30000,15,14,5,46,0.1035,0,0.1679556047933177,0.2840598388567128,0.167053738656612,0.24339818834076196,NEW_BENCH_P0_EVALUATION
R2,10,S_ADAPT,-1,20,2000,200,29966,3,17803,8.9015,0.5941066542081025,10347.995226223462,5.173997613111731,17776,22224,12190,0.4444,0.5932056330507909,0.508132521510448,40000,20,19,5,50,0.053,0.004,0.17427449439145368,0.2987858494907313,0.17126083791490734,0.26705355102208206,NEW_BENCH_P0_EVALUATION
R2,10,S_ADAPT,-1,30,2000,200,29966,3,19572,9.786,0.6531402255890009,11177.445792550641,5.58872289627532,19540,40460,10426,0.32566666666666666,0.6520723486618167,0.4343863237222951,60000,30,30,5,50,0.018,0.09,0.18017854048032236,0.3134778580047353,0.17541012700759573,0.29687477035506904,NEW_BENCH_P0_EVALUATION
R2,10,S_ADAPT,-1,40,2000,200,29966,3,20495,10.2475,0.6839418007074685,11583.960106895829,5.791980053447914,20461,59539,9505,0.2557625,0.6828071814723353,0.37213320480875905,80000,40,45,5,50,0.003,0.3985,0.18213476964600592,0.31813618522547943,0.17648447617815338,0.309251758664803,NEW_BENCH_P0_EVALUATION
R2,10,S_FIXED,-1,10,2000,200,29966,3,12494,6.247,0.41693919775745847,7577.852344853004,3.788926172426502,12486,7514,17480,0.6243,0.41667222852566244,0.4997798502982028,20000,10,10,10,10,0,0,0.14026995162342515,0.22060523402668394,0.14682809531146906,0.18174261720249166,NEW_BENCH_P0_EVALUATION
R2,10,S_FIXED,-1,15,2000,200,29966,3,15267,7.6335,0.5094774077287593,8999.899778810111,4.499949889405055,15256,14744,14710,0.5085333333333333,0.5091103250350397,0.5088216656105126,30000,15,15,15,15,0,0,0.15940002899211428,0.2637421009962942,0.16095224182726683,0.2226787863460024,NEW_BENCH_P0_EVALUATION
R2,10,S_FIXED,-1,20,2000,200,29966,3,16977,8.4885,0.5665420810251619,9839.037136273972,4.9195185681369855,16960,23040,13006,0.424,0.5659747714075952,0.4848069062115884,40000,20,20,20,20,0,0,0.16899732850971572,0.28576622928776985,0.16811310914827882,0.24839795483479468,NEW_BENCH_P0_EVALUATION
R2,10,S_FIXED,-1,30,2000,200,29966,3,18965,9.4825,0.6328839351264767,10823.094343537572,5.411547171768786,18935,41065,11031,0.3155833333333333,0.6318828005072415,0.42093679834604186,60000,30,30,30,30,0,0,0.1772019339321812,0.30568195935569753,0.17343111240354137,0.2807537578573229,NEW_BENCH_P0_EVALUATION
R2,10,S_FIXED,-1,40,2000,200,29966,3,20105,10.0525,0.6709270506574118,11379.593681709443,5.689796840854721,20070,59930,9896,0.250875,0.6697590602683041,0.36502191586490373,80000,40,40,40,40,0,0,0.18100642961307314,0.3151949751041936,0.17588235928076806,0.30138550626481975,NEW_BENCH_P0_EVALUATION
R2,20,M11,530101,10,2000,100,29966,3,13999,6.9995,0.46716278448908766,8655.694002158769,4.327847001079385,13992,6008,15974,0.6996,0.46692918641126613,0.5600608413721331,20000,10,8,5,48,0.3,0,0.15983467092114506,0.2617679596461434,0.16198900001407682,0.21772330977322668,NEW_BENCH_P0_EVALUATION
R2,20,M11,530101,15,2000,100,29966,3,16657,8.3285,0.5558633117533204,9916.991268214133,4.9584956341070665,16640,13360,13326,0.5546666666666666,0.5552960021357538,0.5549811559883934,30000,15,13,5,50,0.1565,0.001,0.17232693719549522,0.2932333122951482,0.1706977945270022,0.25608325214255184,NEW_BENCH_P0_EVALUATION
R2,20,M11,530101,20,2000,100,29966,3,18078,9.039,0.6032837215510912,10565.44318973296,5.28272159486648,18056,21944,11910,0.4514,0.6025495561636521,0.5161364091129977,40000,20,17.5,5,50,0.0895,0.0135,0.17700239869773185,0.3048306075138017,0.17349864629407044,0.27612399579796687,NEW_BENCH_P0_EVALUATION
R2,20,M11,530101,30,2000,100,29966,3,19801,9.9005,0.6607822198491624,11319.027254180493,5.659513627090247,19766,40234,10200,0.32943333333333336,0.6596142294600548,0.4394104439454905,60000,30,30,5,50,0.041,0.095,0.1811559532494384,0.3155220248136735,0.17576640506161273,0.30200730270189646,NEW_BENCH_P0_EVALUATION
R2,20,M11,530101,40,2000,100,29966,3,20632,10.316,0.6885136488019755,11651.739269116766,5.825869634558383,20598,59402,9368,0.257475,0.6873790295668424,0.3746248840550716,80000,40,46,5,50,0.005,0.28,0.1824636303624804,0.3189974962930819,0.17664226868556754,0.3114468036767491,NEW_BENCH_P0_EVALUATION
R2,20,M11,530102,10,2000,100,29966,3,13931,6.9655,0.4648935460188213,8657.891773751704,4.328945886875852,13923,6077,16043,0.69615,0.4646265767870253,0.5572989632950407,20000,10,8,5,44,0.299,0,0.16053738854182742,0.2623433221076145,0.16325733527022007,0.2206813738240018,NEW_BENCH_P0_EVALUATION
R2,20,M11,530102,15,2000,100,29966,3,16584,8.292,0.5534272175131816,9898.033569874862,4.949016784937431,16566,13434,13400,0.5522,0.5528265367416405,0.5525130907514259,30000,15,13,5,50,0.139,0.001,0.17245866265505633,0.2930358124902603,0.17031390874937472,0.25783643720269256,NEW_BENCH_P0_EVALUATION
R2,20,M11,530102,20,2000,100,29966,3,18025,9.0125,0.6015150503904425,10557.04887482598,5.278524437412989,18002,21998,11964,0.45005,0.6007475138490289,0.5145928022182203,40000,20,18,5,50,0.078,0.0115,0.1773555253992536,0.30489327423215085,0.17397289946894645,0.2796441339643926,NEW_BENCH_P0_EVALUATION
R2,20,M11,530102,30,2000,100,29966,3,19793,9.8965,0.6605152506173664,11314.314350335084,5.657157175167542,19760,40240,10206,0.3293333333333333,0.6594140025362077,0.4392770602227508,60000,30,30,5,50,0.0255,0.0885,0.1812859293958111,0.3161670284456301,0.17578749305729693,0.3027850704088221,NEW_BENCH_P0_EVALUATION
R2,20,M11,530102,40,2000,100,29966,3,20624,10.312,0.6882466795701795,11655.187894151039,5.82759394707552,20591,59409,9375,0.2573875,0.6871454314890209,0.3744975719767928,80000,40,46,5,50,0.0015,0.2525,0.182507090852258,0.31908154719223686,0.1767122615929968,0.31205295290127105,NEW_BENCH_P0_EVALUATION
R2,20,M11,530103,10,2000,100,29966,3,13969,6.9845,0.4661616498698525,8672.059131295646,4.336029565647823,13963,6037,16003,0.69815,0.46596142294600545,0.5589000520353841,20000,10,8,5,44,0.298,0,0.16173355637990952,0.26551001008823777,0.16408600077858723,0.22287488096067612,NEW_BENCH_P0_EVALUATION
R2,20,M11,530103,15,2000,100,29966,3,16634,8.317,0.5550957752119068,9926.712317219759,4.963356158609879,16614,13386,13352,0.5538,0.5544283521324167,0.5541139979321615,30000,15,13,5,50,0.151,0.003,0.17294942353776796,0.29432931016735053,0.17109655475365035,0.25956447949241185,NEW_BENCH_P0_EVALUATION
R2,20,M11,530103,20,2000,100,29966,3,18068,9.034,0.6029500100113462,10575.448765630423,5.287724382815211,18044,21956,11922,0.4511,0.6021491023159581,0.5157933853586029,40000,20,18,5,50,0.0905,0.013,0.17742744830126495,0.3059759685031985,0.17390533870861652,0.2794878890763858,NEW_BENCH_P0_EVALUATION
R2,20,M11,530103,30,2000,100,29966,3,19828,9.914,0.661683241006474,11326.833214584525,5.6634166072922625,19793,40207,10173,0.3298833333333333,0.6605152506173664,0.4400106706978192,60000,30,30,5,50,0.0355,0.102,0.18125832298553798,0.31566494023185304,0.17574998345202442,0.3027979391859616,NEW_BENCH_P0_EVALUATION
R2,20,M11,530103,40,2000,100,29966,3,20659,10.3295,0.6894146699592872,11666.598967807964,5.833299483903982,20624,59376,9342,0.2578,0.6882466795701795,0.3750977574886783,80000,40,47,5,50,0.0055,0.28,0.18256333143354325,0.3195452805506845,0.17671662461157236,0.31213015438838465,NEW_BENCH_P0_EVALUATION
R2,20,S_ADAPT,-1,10,2000,100,29966,3,13797,6.8985,0.4604218113862377,8399.340453789002,4.199670226894501,13788,6212,16178,0.6894,0.4601214710004672,0.5518952887963816,20000,10,9,5,28,0.2665,0,0.15358241204949533,0.2485392538065707,0.15765653645256889,0.20341848745642924,NEW_BENCH_P0_EVALUATION
R2,20,S_ADAPT,-1,15,2000,100,29966,3,16381,8.1905,0.5466528732563573,9670.429540146099,4.8352147700730495,16366,13634,13600,0.5455333333333333,0.5461523059467397,0.5458426441650269,30000,15,14,5,44,0.1145,0,0.16856936513872223,0.2850511630285114,0.16758921806781543,0.24451272248240902,NEW_BENCH_P0_EVALUATION
R2,20,S_ADAPT,-1,20,2000,100,29966,3,17847,8.9235,0.5955749849829807,10372.44855719871,5.186224278599355,17818,22182,12148,0.44545,0.59460722151772,0.5093331046508304,40000,20,19,5,50,0.0605,0.0015,0.17470217882220979,0.29987367872974446,0.17110958850819646,0.2681958528373476,NEW_BENCH_P0_EVALUATION
R2,20,S_ADAPT,-1,30,2000,100,29966,3,19612,9.806,0.654475071747981,11192.998402237063,5.596499201118531,19578,40422,10388,0.3263,0.6533404525128479,0.4352310872996465,60000,30,30,5,50,0.019,0.109,0.18020678257616426,0.313882932197449,0.17536787357532455,0.29641739065132444,NEW_BENCH_P0_EVALUATION
R2,20,S_ADAPT,-1,40,2000,100,29966,3,20510,10.255,0.684442368017086,11591.191873773038,5.795595936886519,20477,59523,9489,0.2559625,0.6833411199359274,0.3724242038448248,80000,40,45,5,50,0.0045,0.413,0.18217905235392673,0.3182930873399018,0.17662600878991197,0.3095412497075794,NEW_BENCH_P0_EVALUATION
R2,20,S_FIXED,-1,10,2000,100,29966,3,12494,6.247,0.41693919775745847,7577.852344853003,3.7889261724265015,12486,7514,17480,0.6243,0.41667222852566244,0.4997798502982028,20000,10,10,10,10,0,0,0.14026995162342515,0.22060523402668394,0.14682809531146906,0.18174261720249166,NEW_BENCH_P0_EVALUATION
R2,20,S_FIXED,-1,15,2000,100,29966,3,15267,7.6335,0.5094774077287593,8999.899778810111,4.499949889405055,15256,14744,14710,0.5085333333333333,0.5091103250350397,0.5088216656105126,30000,15,15,15,15,0,0,0.15940002899211428,0.2637421009962942,0.16095224182726683,0.2226787863460024,NEW_BENCH_P0_EVALUATION
R2,20,S_FIXED,-1,20,2000,100,29966,3,16977,8.4885,0.5665420810251619,9839.037136273972,4.9195185681369855,16960,23040,13006,0.424,0.5659747714075952,0.4848069062115884,40000,20,20,20,20,0,0,0.16899732850971572,0.28576622928776985,0.16811310914827882,0.24839795483479468,NEW_BENCH_P0_EVALUATION
R2,20,S_FIXED,-1,30,2000,100,29966,3,18965,9.4825,0.6328839351264767,10823.09434353757,5.4115471717687855,18935,41065,11031,0.3155833333333333,0.6318828005072415,0.42093679834604186,60000,30,30,30,30,0,0,0.1772019339321812,0.30568195935569753,0.17343111240354137,0.2807537578573229,NEW_BENCH_P0_EVALUATION
R2,20,S_FIXED,-1,40,2000,100,29966,3,20105,10.0525,0.6709270506574118,11379.593681709443,5.689796840854721,20070,59930,9896,0.250875,0.6697590602683041,0.36502191586490373,80000,40,40,40,40,0,0,0.18100642961307314,0.3151949751041936,0.17588235928076806,0.30138550626481975,NEW_BENCH_P0_EVALUATION
R2,40,M11,530101,10,2000,50,29966,3,14005,7.0025,0.4673630114129347,8663.308036664017,4.331654018332008,13998,6002,15968,0.6999,0.46712941333511315,0.5603010046831846,20000,10,8,5,48,0.3065,0,0.15997060292722443,0.2640531433698929,0.16198849826917205,0.21802723034579116,NEW_BENCH_P0_EVALUATION
R2,40,M11,530101,15,2000,50,29966,3,16676,8.338,0.5564973636788361,9956.66590903858,4.97833295451929,16657,13343,13309,0.5552333333333334,0.5558633117533204,0.5555481439482374,30000,15,13,5,50,0.158,0.003,0.1732864960040082,0.2955644966950937,0.1712800899336631,0.2593788688673858,NEW_BENCH_P0_EVALUATION
R2,40,M11,530101,20,2000,50,29966,3,18101,9.0505,0.6040512580925048,10580.02206216239,5.290011031081195,18077,21923,11889,0.451925,0.6032503503971167,0.516736700683189,40000,20,18,5,50,0.097,0.0185,0.17726056326220532,0.3060554515598162,0.1733464346539311,0.2779075521888192,NEW_BENCH_P0_EVALUATION
R2,40,M11,530101,30,2000,50,29966,3,19812,9.906,0.661149302542882,11327.84770280645,5.663923851403225,19778,40222,10188,0.32963333333333333,0.6600146833077488,0.43967721139096994,60000,30,30,5,50,0.041,0.101,0.18129677892043636,0.31589114411174396,0.17581337962256496,0.30264775498705326,NEW_BENCH_P0_EVALUATION
R2,40,M11,530101,40,2000,50,29966,3,20651,10.3255,0.6891477007274912,11663.692755574279,5.831846377787139,20616,59384,9350,0.2577,0.6879797103383835,0.37495225797064546,80000,40,46,5,50,0.006,0.2755,0.1825086236140624,0.31908327720132046,0.17671680442259094,0.31188223759041545,NEW_BENCH_P0_EVALUATION
R2,40,M11,530102,10,2000,50,29966,3,13954,6.977,0.4656610825602349,8686.478843744659,4.34323942187233,13946,6054,16020,0.6973,0.4653941133284389,0.5582195893207381,20000,10,8,5,48,0.303,0,0.16119594658982542,0.2665690518522837,0.16366703998396567,0.22239819878847364,NEW_BENCH_P0_EVALUATION
R2,40,M11,530102,15,2000,50,29966,3,16604,8.302,0.5540946405926717,9930.51217420951,4.9652560871047555,16587,13413,13379,0.5529,0.5535273309751051,0.5532134876429976,30000,15,13,5,50,0.1415,0.002,0.17314012556076588,0.29444851938879785,0.17133832604477614,0.26079960526657564,NEW_BENCH_P0_EVALUATION
R2,40,M11,530102,20,2000,50,29966,3,18042,9.021,0.6020823600080091,10575.048044736926,5.287524022368463,18018,21982,11948,0.45045,0.601281452312621,0.5150501672240804,40000,20,18,5,50,0.0785,0.012,0.17722544954189032,0.3048941042676732,0.17362091041063704,0.27909564932499775,NEW_BENCH_P0_EVALUATION
R2,40,M11,530102,30,2000,50,29966,3,19823,9.9115,0.6615163852366015,11335.956175919946,5.667978087959973,19789,40211,10177,0.32981666666666665,0.6603817660014684,0.43992174821599267,60000,30,30,5,50,0.0235,0.0895,0.18147768011237653,0.3163205754703651,0.17605882239138432,0.3038407548946253,NEW_BENCH_P0_EVALUATION
R2,40,M11,530102,40,2000,50,29966,3,20639,10.3195,0.688747246879797,11667.880316113755,5.833940158056877,20604,59396,9362,0.25755,0.6875792564906894,0.3747340086935962,80000,40,46,5,50,0.002,0.258,0.18259427529100788,0.3192394718182251,0.17684135757464237,0.3126272606727748,NEW_BENCH_P0_EVALUATION
R2,40,M11,530103,10,2000,50,29966,3,13992,6.996,0.46692918641126613,8688.905146077825,4.344452573038913,13984,6016,15982,0.6992,0.46666221717947004,0.5597406236240643,20000,10,8,5,48,0.2975,0,0.16160806577582557,0.2658370352960393,0.16371677644601507,0.2223095837548829,NEW_BENCH_P0_EVALUATION
R2,40,M11,530103,15,2000,50,29966,3,16649,8.3245,0.5555963425215243,9947.097062582565,4.973548531291282,16629,13371,13337,0.5543,0.5549289194420343,0.5546142814261413,30000,15,13,5,50,0.1535,0.0035,0.17304956672226632,0.29432740006734276,0.170809041173276,0.2604563508983877,NEW_BENCH_P0_EVALUATION
R2,40,M11,530103,20,2000,50,29966,3,18120,9.06,0.6046853100180204,10594.148994514497,5.297074497257248,18091,21909,11875,0.452275,0.6037175465527598,0.5171368950633165,40000,20,18,5,50,0.0965,0.018,0.1772917222788322,0.30577477827390426,0.17352894068369668,0.2790120816940303,NEW_BENCH_P0_EVALUATION
R2,40,M11,530103,30,2000,50,29966,3,19831,9.9155,0.6617833544683975,11336.205046249768,5.668102523124884,19796,40204,10170,0.32993333333333336,0.6606153640792899,0.44007736255918906,60000,30,30,5,50,0.0355,0.1,0.18139736900574285,0.31608795325153066,0.1757985069754049,0.3034579813098482,NEW_BENCH_P0_EVALUATION
R2,40,M11,530103,40,2000,50,29966,3,20678,10.339,0.6900487218848028,11683.51241649667,5.841756208248334,20644,59356,9322,0.25805,0.6889141026496697,0.37546150628376046,80000,40,47,5,50,0.005,0.2815,0.1825873741871584,0.319553138938643,0.17671884251015332,0.312731967167044,NEW_BENCH_P0_EVALUATION
R2,40,S_ADAPT,-1,10,2000,50,29966,3,13855,6.9275,0.462357338316759,8424.032923590901,4.212016461795451,13848,6152,16118,0.6924,0.4621237402389375,0.5542969219068967,20000,10,9,5,32,0.2715,0,0.15437127790887192,0.2505276481511049,0.15740993422607102,0.20508656240670603,NEW_BENCH_P0_EVALUATION
R2,40,S_ADAPT,-1,15,2000,50,29966,3,16423,8.2115,0.5480544617232864,9693.101025314161,4.846550512657081,16405,13595,13561,0.5468333333333333,0.5474537809517454,0.5471433812493746,30000,15,14,5,46,0.1205,0,0.16811329884928577,0.28456948107175795,0.16705604596466583,0.24330042035453464,NEW_BENCH_P0_EVALUATION
R2,40,S_ADAPT,-1,20,2000,50,29966,3,17869,8.9345,0.5963091503704198,10384.138433054955,5.192069216527478,17841,22159,12125,0.446025,0.5953747580591336,0.5099905668467541,40000,20,19,5,50,0.062,0.003,0.17463559736476994,0.2995428540761332,0.1711231936974038,0.2678711754252411,NEW_BENCH_P0_EVALUATION
R2,40,S_ADAPT,-1,30,2000,50,29966,3,19617,9.8085,0.6546419275178536,11203.607463704331,5.601803731852166,19582,40418,10384,0.3263666666666667,0.6534739371287459,0.435320009781473,60000,30,30,5,50,0.0185,0.1085,0.1802447799152201,0.3139306644984639,0.17527468838545526,0.2970098203409831,NEW_BENCH_P0_EVALUATION
R2,40,S_ADAPT,-1,40,2000,50,29966,3,20517,10.2585,0.6846759660949076,11600.940374302869,5.800470187151435,20482,59518,9484,0.256025,0.6835079757057999,0.3725151410435953,80000,40,45,5,50,0.005,0.422,0.18224769474845653,0.3189099126094221,0.17662453170416817,0.31005095828365703,NEW_BENCH_P0_EVALUATION
R2,40,S_FIXED,-1,10,2000,50,29966,3,12494,6.247,0.41693919775745847,7577.852344853004,3.788926172426502,12486,7514,17480,0.6243,0.41667222852566244,0.4997798502982028,20000,10,10,10,10,0,0,0.14026995162342515,0.22060523402668394,0.14682809531146906,0.18174261720249166,NEW_BENCH_P0_EVALUATION
R2,40,S_FIXED,-1,15,2000,50,29966,3,15267,7.6335,0.5094774077287593,8999.899778810111,4.499949889405055,15256,14744,14710,0.5085333333333333,0.5091103250350397,0.5088216656105126,30000,15,15,15,15,0,0,0.15940002899211428,0.2637421009962942,0.16095224182726683,0.2226787863460024,NEW_BENCH_P0_EVALUATION
R2,40,S_FIXED,-1,20,2000,50,29966,3,16977,8.4885,0.5665420810251619,9839.037136273972,4.9195185681369855,16960,23040,13006,0.424,0.5659747714075952,0.4848069062115884,40000,20,20,20,20,0,0,0.16899732850971572,0.28576622928776985,0.16811310914827882,0.24839795483479468,NEW_BENCH_P0_EVALUATION
R2,40,S_FIXED,-1,30,2000,50,29966,3,18965,9.4825,0.6328839351264767,10823.09434353757,5.4115471717687855,18935,41065,11031,0.3155833333333333,0.6318828005072415,0.42093679834604186,60000,30,30,30,30,0,0,0.1772019339321812,0.30568195935569753,0.17343111240354137,0.2807537578573229,NEW_BENCH_P0_EVALUATION
R2,40,S_FIXED,-1,40,2000,50,29966,3,20105,10.0525,0.6709270506574118,11379.59368170944,5.68979684085472,20070,59930,9896,0.250875,0.6697590602683041,0.36502191586490373,80000,40,40,40,40,0,0,0.18100642961307314,0.3151949751041936,0.17588235928076806,0.30138550626481975,NEW_BENCH_P0_EVALUATION
R2,80,M11,530101,10,2000,25,29966,3,14020,7.01,0.46786357872255224,8684.876333001632,4.342438166500816,14013,5987,15953,0.70065,0.4676299806447307,0.5609014129608133,20000,10,8,5,48,0.309,0,0.15997395690421798,0.2626469263116407,0.16200574702447756,0.2179023865838116,NEW_BENCH_P0_EVALUATION
R2,80,M11,530101,15,2000,25,29966,3,16675,8.3375,0.5564639925248616,9949.575772517443,4.974787886258722,16656,13344,13310,0.5552,0.5558299405993459,0.5555147917153054,30000,15,13,5,50,0.159,0.0025,0.1730746000419362,0.29513421921731536,0.170636759622385,0.25862317630254955,NEW_BENCH_P0_EVALUATION
R2,80,M11,530101,20,2000,25,29966,3,18101,9.0505,0.6040512580925048,10578.636572708489,5.289318286354244,18076,21924,11890,0.4519,0.6032169792431422,0.5167081153703228,40000,20,17.5,5,50,0.096,0.0185,0.17714527985209605,0.30582175387727256,0.17333168238247906,0.2771575915504063,NEW_BENCH_P0_EVALUATION
R2,80,M11,530101,30,2000,25,29966,3,19828,9.914,0.661683241006474,11333.54267936684,5.66677133968342,19794,40206,10172,0.3299,0.6605486217713409,0.4400329013182759,60000,30,30,5,50,0.0405,0.0985,0.18141979213257597,0.3162441296483699,0.1759774688106582,0.30331361137730717,NEW_BENCH_P0_EVALUATION
R2,80,M11,530101,40,2000,25,29966,3,20659,10.3295,0.6894146699592872,11670.334546866308,5.8351672734331546,20625,59375,9341,0.2578125,0.688280050724154,0.3751159449284324,80000,40,46,5,50,0.0055,0.28,0.18255530121954866,0.319114273033219,0.17685814775559514,0.3122723254700753,NEW_BENCH_P0_EVALUATION
R2,80,M11,530102,10,2000,25,29966,3,13941,6.9705,0.46522725755856636,8684.399750345525,4.342199875172763,13933,6067,16033,0.69665,0.46496028832677033,0.5576992354801265,20000,10,8,5,48,0.307,0,0.1610189874978592,0.2650283110185839,0.16320897615978316,0.22164632020300506,NEW_BENCH_P0_EVALUATION
R2,80,M11,530102,15,2000,25,29966,3,16615,8.3075,0.5544617232863912,9921.039576807825,4.9605197884039125,16596,13404,13370,0.5532,0.5538276713608756,0.5535136577393855,30000,15,13,5,50,0.1425,0.003,0.17266678479449202,0.2938875260181919,0.17043295652390805,0.2589931320559136,NEW_BENCH_P0_EVALUATION
R2,80,M11,530102,20,2000,25,29966,3,18070,9.035,0.6030167523192952,10583.376811596383,5.291688405798191,18044,21956,11922,0.4511,0.6021491023159581,0.5157933853586029,40000,20,18,5,50,0.0775,0.0155,0.17752019986971918,0.30616965987356154,0.17374034068585556,0.2798139608876726,NEW_BENCH_P0_EVALUATION
R2,80,M11,530102,30,2000,25,29966,3,19823,9.9115,0.6615163852366015,11337.978914883217,5.668989457441609,19790,40210,10176,0.3298333333333333,0.6604151371554429,0.4399439788364493,60000,30,30,5,50,0.026,0.087,0.1814708803520098,0.31629677422659774,0.17606683348481778,0.3042022581937399,NEW_BENCH_P0_EVALUATION
R2,80,M11,530102,40,2000,25,29966,3,20646,10.323,0.6889808449576187,11671.550236851606,5.835775118425803,20613,59387,9353,0.2576625,0.6878795968764599,0.37489769565138314,80000,40,46,5,50,0.003,0.2605,0.1825940360448859,0.3192397887292745,0.17684042196608488,0.31275837334379236,NEW_BENCH_P0_EVALUATION
R2,80,M11,530103,10,2000,25,29966,3,14010,7.005,0.4675298671828072,8685.644220140439,4.34282211007022,14001,5999,15965,0.70005,0.46722952679703667,0.5604210863387104,20000,10,8,5,48,0.3005,0,0.1614356329734375,0.2663489841009592,0.16358211636512418,0.2218242472170017,NEW_BENCH_P0_EVALUATION
R2,80,M11,530103,15,2000,25,29966,3,16667,8.3335,0.5561970232930655,9949.738988495588,4.974869494247794,16649,13351,13317,0.5549666666666667,0.5555963425215243,0.5552813260847814,30000,15,13,5,50,0.157,0.0035,0.17281075904212698,0.29408312313285134,0.17066639014081775,0.25924087357559655,NEW_BENCH_P0_EVALUATION
R2,80,M11,530103,20,2000,25,29966,3,18104,9.052,0.6041513715544283,10595.765034834663,5.297882517417332,18076,21924,11890,0.4519,0.6032169792431422,0.5167081153703228,40000,20,18,5,50,0.096,0.018,0.1775527518138872,0.30621288977449573,0.1736624086609599,0.28053104091140435,NEW_BENCH_P0_EVALUATION
R2,80,M11,530103,30,2000,25,29966,3,19850,9.925,0.6624174063939131,11342.500569014363,5.671250284507181,19815,40185,10151,0.33025,0.6612494160048055,0.44049974434786476,60000,30,30,5,50,0.04,0.1015,0.18150457106837695,0.3168573667586459,0.17596316372311374,0.30372145094667546,NEW_BENCH_P0_EVALUATION
R2,80,M11,530103,40,2000,25,29966,3,20668,10.334,0.6897150103450578,11677.934578280954,5.838967289140477,20634,59366,9332,0.257925,0.6885803911099245,0.3752796318862193,80000,40,47,5,50,0.006,0.2855,0.18258233968302137,0.31955828562888566,0.17672152283373774,0.3124619381274395,NEW_BENCH_P0_EVALUATION
R2,80,S_ADAPT,-1,10,2000,25,29966,3,13859,6.9295,0.46249082293265703,8423.077460457243,4.211538730228622,13852,6148,16114,0.6926,0.4622572248548355,0.554457030780931,20000,10,9,5,33,0.275,0,0.15440499016863737,0.2504912410795943,0.15735871804095983,0.20511555112534802,NEW_BENCH_P0_EVALUATION
R2,80,S_ADAPT,-1,15,2000,25,29966,3,16435,8.2175,0.5484549155709805,9701.301049295835,4.850650524647917,16418,13582,13548,0.5472666666666667,0.5478876059534139,0.5475769602774906,30000,15,14,5,46,0.1245,0,0.16856281364457584,0.2850868012836166,0.16741306152964777,0.24487555890414686,NEW_BENCH_P0_EVALUATION
R2,80,S_ADAPT,-1,20,2000,25,29966,3,17868,8.934,0.5962757792164453,10381.075581480563,5.190537790740282,17841,22159,12125,0.446025,0.5953747580591336,0.5099905668467541,40000,20,19,5,50,0.0635,0.0025,0.17452211103185755,0.29957770499049213,0.17111704489220786,0.26777316805562695,NEW_BENCH_P0_EVALUATION
R2,80,S_ADAPT,-1,30,2000,25,29966,3,19637,9.8185,0.6553093505973436,11221.669429312164,5.6108347146560815,19601,40399,10365,0.3266833333333333,0.6541079890542615,0.4357423915701487,60000,30,30,5,50,0.0185,0.1105,0.1804563212408295,0.3139375281113955,0.17543050529104615,0.2981455389343729,NEW_BENCH_P0_EVALUATION
R2,80,S_ADAPT,-1,40,2000,25,29966,3,20523,10.2615,0.6848761930187546,11604.825202141637,5.802412601070818,20488,59512,9478,0.2561,0.6837082026296469,0.3726242656821199,80000,40,45,5,50,0.0035,0.422,0.18220008338468308,0.31837445506608075,0.17662437609064932,0.3100855448093994,NEW_BENCH_P0_EVALUATION
R2,80,S_FIXED,-1,10,2000,25,29966,3,12494,6.247,0.41693919775745847,7577.852344853004,3.788926172426502,12486,7514,17480,0.6243,0.41667222852566244,0.4997798502982028,20000,10,10,10,10,0,0,0.14026995162342515,0.22060523402668394,0.14682809531146906,0.18174261720249166,NEW_BENCH_P0_EVALUATION
R2,80,S_FIXED,-1,15,2000,25,29966,3,15267,7.6335,0.5094774077287593,8999.899778810111,4.499949889405055,15256,14744,14710,0.5085333333333333,0.5091103250350397,0.5088216656105126,30000,15,15,15,15,0,0,0.15940002899211428,0.2637421009962942,0.16095224182726683,0.2226787863460024,NEW_BENCH_P0_EVALUATION
R2,80,S_FIXED,-1,20,2000,25,29966,3,16977,8.4885,0.5665420810251619,9839.037136273972,4.9195185681369855,16960,23040,13006,0.424,0.5659747714075952,0.4848069062115884,40000,20,20,20,20,0,0,0.16899732850971572,0.28576622928776985,0.16811310914827882,0.24839795483479468,NEW_BENCH_P0_EVALUATION
R2,80,S_FIXED,-1,30,2000,25,29966,3,18965,9.4825,0.6328839351264767,10823.09434353757,5.4115471717687855,18935,41065,11031,0.3155833333333333,0.6318828005072415,0.42093679834604186,60000,30,30,30,30,0,0,0.1772019339321812,0.30568195935569753,0.17343111240354137,0.2807537578573229,NEW_BENCH_P0_EVALUATION
R2,80,S_FIXED,-1,40,2000,25,29966,3,20105,10.0525,0.6709270506574118,11379.59368170944,5.68979684085472,20070,59930,9896,0.250875,0.6697590602683041,0.36502191586490373,80000,40,40,40,40,0,0,0.18100642961307314,0.3151949751041936,0.17588235928076806,0.30138550626481975,NEW_BENCH_P0_EVALUATION
