timing_scope,policy,implementation,seed,budget,input_images,images_per_sample,profile_pool_images,input_groups,samples,mean_ms,median_ms,p95_ms,std_ms,min_ms,max_ms,amortized_median_ms_per_image,boundary,warmups_per_group_condition,measurements_per_group_condition,order_seed,calibration_parameters_sha256
FULL_ALLOCATOR_PATH,M11_OPTIMIZED,M11_OPT_V1_BATCHED_PCA_SCALER,530101,10,200,40,200,5,100,123.34958700000003,123.26785000000001,126.549275,2.2467759741260585,119.5989,137.0604,3.0816962500000002,"host-resident policy-required candidate/native tensors through value estimator, exact float64 DP, and ordered record IDs",5,20,530003,f36ef64e62de555464bf0eb3ee865e8f97941fa287380e6bc538ea1c00ab3c92
FULL_ALLOCATOR_PATH,M11_OPTIMIZED,M11_OPT_V1_BATCHED_PCA_SCALER,530101,20,200,40,200,5,100,128.687511,128.083,130.75676,3.196075333744294,124.4187,147.4713,3.202075,"host-resident policy-required candidate/native tensors through value estimator, exact float64 DP, and ordered record IDs",5,20,530003,f36ef64e62de555464bf0eb3ee865e8f97941fa287380e6bc538ea1c00ab3c92
FULL_ALLOCATOR_PATH,M11_OPTIMIZED,M11_OPT_V1_BATCHED_PCA_SCALER,530101,40,200,40,200,5,100,133.636024,133.622,137.838095,3.0211743480034947,129.0946,150.7887,3.3405500000000004,"host-resident policy-required candidate/native tensors through value estimator, exact float64 DP, and ordered record IDs",5,20,530003,f36ef64e62de555464bf0eb3ee865e8f97941fa287380e6bc538ea1c00ab3c92
FULL_ALLOCATOR_PATH,CAL_TEMP_ALLOC,P2_SCORE_CALIBRATION_EXACT_DP,-1,10,200,40,200,5,100,21.463252999999998,21.4174,22.685509999999997,0.8408175239472399,20.4159,28.075,0.535435,"host-resident policy-required candidate/native tensors through value estimator, exact float64 DP, and ordered record IDs",5,20,530003,f36ef64e62de555464bf0eb3ee865e8f97941fa287380e6bc538ea1c00ab3c92
FULL_ALLOCATOR_PATH,CAL_TEMP_ALLOC,P2_SCORE_CALIBRATION_EXACT_DP,-1,20,200,40,200,5,100,26.040124000000006,26.02145,27.188419999999997,0.5926238091877188,24.975,28.0216,0.65053625,"host-resident policy-required candidate/native tensors through value estimator, exact float64 DP, and ordered record IDs",5,20,530003,f36ef64e62de555464bf0eb3ee865e8f97941fa287380e6bc538ea1c00ab3c92
FULL_ALLOCATOR_PATH,CAL_TEMP_ALLOC,P2_SCORE_CALIBRATION_EXACT_DP,-1,40,200,40,200,5,100,31.162154000000005,31.043599999999998,32.69905,1.263502417038696,29.6706,41.2768,0.77609,"host-resident policy-required candidate/native tensors through value estimator, exact float64 DP, and ordered record IDs",5,20,530003,f36ef64e62de555464bf0eb3ee865e8f97941fa287380e6bc538ea1c00ab3c92
FULL_ALLOCATOR_PATH,CAL_ISO_ALLOC,P2_SCORE_CALIBRATION_EXACT_DP,-1,10,200,40,200,5,100,21.604705999999997,21.466250000000002,22.712529999999997,1.1670446384978013,20.5867,32.096,0.5366562500000001,"host-resident policy-required candidate/native tensors through value estimator, exact float64 DP, and ordered record IDs",5,20,530003,f36ef64e62de555464bf0eb3ee865e8f97941fa287380e6bc538ea1c00ab3c92
FULL_ALLOCATOR_PATH,CAL_ISO_ALLOC,P2_SCORE_CALIBRATION_EXACT_DP,-1,20,200,40,200,5,100,26.382598,26.2919,27.138984999999998,1.1844252298251947,24.9952,36.8359,0.6572975,"host-resident policy-required candidate/native tensors through value estimator, exact float64 DP, and ordered record IDs",5,20,530003,f36ef64e62de555464bf0eb3ee865e8f97941fa287380e6bc538ea1c00ab3c92
FULL_ALLOCATOR_PATH,CAL_ISO_ALLOC,P2_SCORE_CALIBRATION_EXACT_DP,-1,40,200,40,200,5,100,31.300253,31.31425,31.907230000000002,0.7783960351689022,29.9754,35.8143,0.78285625,"host-resident policy-required candidate/native tensors through value estimator, exact float64 DP, and ordered record IDs",5,20,530003,f36ef64e62de555464bf0eb3ee865e8f97941fa287380e6bc538ea1c00ab3c92
