comparison,left_method,right_method,variant,scope,metric,primary_comparison,observed_delta_per_image,observed_delta_per_100_images,ci95_low,ci95_high,ci97_5_low,ci97_5_high,strict_positive_resample_fraction,bootstrap_unit,bootstrap_resamples,bootstrap_seed
E_MICRO_TABLE,LEARN_MICRO,TABLE_MICRO,THREE_SEED_MEAN,10,coverage_per_image,true,0.2198333333333334,21.98333333333334,0.19516666666666674,0.24566666666666667,0.19124791666666682,0.24900000000000014,1,frozen 40-image group,5000,530002
E_MICRO_TABLE,LEARN_MICRO,TABLE_MICRO,THREE_SEED_MEAN,15,coverage_per_image,true,0.4980000000000001,49.80000000000001,0.46083333333333343,0.5355,0.4552479166666667,0.5416666666666667,1,frozen 40-image group,5000,530002
E_MICRO_TABLE,LEARN_MICRO,TABLE_MICRO,THREE_SEED_MEAN,20,coverage_per_image,true,0.475,47.5,0.43233333333333335,0.5176666666666666,0.426825,0.5224187499999999,1,frozen 40-image group,5000,530002
E_MICRO_TABLE,LEARN_MICRO,TABLE_MICRO,THREE_SEED_MEAN,30,coverage_per_image,true,0.30466666666666653,30.466666666666654,0.2705,0.33967083333333337,0.26633333333333326,0.34591874999999983,1,frozen 40-image group,5000,530002
E_MICRO_TABLE,LEARN_MICRO,TABLE_MICRO,THREE_SEED_MEAN,40,coverage_per_image,true,0.07683333333333327,7.6833333333333265,0.058499999999999976,0.09499999999999982,0.056333333333333346,0.09816666666666672,1,frozen 40-image group,5000,530002
E_MICRO_TABLE,LEARN_MICRO,TABLE_MICRO,THREE_SEED_MEAN,CORE_10_15_20,coverage_per_image,true,0.39761111111111114,39.76111111111111,0.3711097222222223,0.4239444444444444,0.3679715277777779,0.4276152777777778,1,frozen 40-image group,5000,530002
E_MICRO_TABLE,LEARN_MICRO,TABLE_MICRO,SEED_530101,10,coverage_per_image,true,0.22200000000000003,22.200000000000003,0.19748749999999993,0.24850000000000003,0.193,0.25249999999999984,1,frozen 40-image group,5000,530002
E_MICRO_TABLE,LEARN_MICRO,TABLE_MICRO,SEED_530101,15,coverage_per_image,true,0.49150000000000005,49.150000000000006,0.4525000000000001,0.5309999999999999,0.4480000000000001,0.5355000000000001,1,frozen 40-image group,5000,530002
E_MICRO_TABLE,LEARN_MICRO,TABLE_MICRO,SEED_530101,20,coverage_per_image,true,0.47449999999999987,47.44999999999999,0.431,0.518,0.4254999999999999,0.5235000000000001,1,frozen 40-image group,5000,530002
E_MICRO_TABLE,LEARN_MICRO,TABLE_MICRO,SEED_530101,30,coverage_per_image,true,0.30200000000000005,30.200000000000003,0.2675000000000001,0.3390000000000001,0.263,0.34500000000000014,1,frozen 40-image group,5000,530002
E_MICRO_TABLE,LEARN_MICRO,TABLE_MICRO,SEED_530101,40,coverage_per_image,true,0.07650000000000003,7.650000000000003,0.05549999999999997,0.09699999999999996,0.05249999999999987,0.09950000000000005,1,frozen 40-image group,5000,530002
E_MICRO_TABLE,LEARN_MICRO,TABLE_MICRO,SEED_530101,CORE_10_15_20,coverage_per_image,true,0.39599999999999996,39.599999999999994,0.36983333333333335,0.4231666666666666,0.3655000000000001,0.4265,1,frozen 40-image group,5000,530002
E_MICRO_TABLE,LEARN_MICRO,TABLE_MICRO,SEED_530102,10,coverage_per_image,true,0.22050000000000003,22.050000000000004,0.19250000000000014,0.24950000000000003,0.18900000000000014,0.2530000000000001,1,frozen 40-image group,5000,530002
E_MICRO_TABLE,LEARN_MICRO,TABLE_MICRO,SEED_530102,15,coverage_per_image,true,0.498,49.8,0.45900000000000013,0.5384999999999999,0.45299999999999996,0.5435000000000001,1,frozen 40-image group,5000,530002
E_MICRO_TABLE,LEARN_MICRO,TABLE_MICRO,SEED_530102,20,coverage_per_image,true,0.4734999999999999,47.349999999999994,0.42950000000000005,0.5179999999999998,0.42349999999999993,0.5224999999999999,1,frozen 40-image group,5000,530002
E_MICRO_TABLE,LEARN_MICRO,TABLE_MICRO,SEED_530102,30,coverage_per_image,true,0.30300000000000016,30.300000000000015,0.2685000000000002,0.33850000000000025,0.26374375000000017,0.34400000000000014,1,frozen 40-image group,5000,530002
E_MICRO_TABLE,LEARN_MICRO,TABLE_MICRO,SEED_530102,40,coverage_per_image,true,0.0725000000000001,7.250000000000011,0.05450000000000017,0.09050000000000015,0.052000000000000025,0.09399999999999997,1,frozen 40-image group,5000,530002
E_MICRO_TABLE,LEARN_MICRO,TABLE_MICRO,SEED_530102,CORE_10_15_20,coverage_per_image,true,0.3973333333333333,39.733333333333334,0.37099999999999994,0.4236666666666667,0.36766666666666664,0.42791875,1,frozen 40-image group,5000,530002
E_MICRO_TABLE,LEARN_MICRO,TABLE_MICRO,SEED_530103,10,coverage_per_image,true,0.21700000000000003,21.700000000000003,0.19100000000000017,0.24351249999999997,0.18799999999999992,0.24799999999999997,1,frozen 40-image group,5000,530002
E_MICRO_TABLE,LEARN_MICRO,TABLE_MICRO,SEED_530103,15,coverage_per_image,true,0.5045000000000001,50.45,0.466,0.543,0.46049999999999996,0.5485000000000002,1,frozen 40-image group,5000,530002
E_MICRO_TABLE,LEARN_MICRO,TABLE_MICRO,SEED_530103,20,coverage_per_image,true,0.4769999999999998,47.69999999999998,0.4334999999999998,0.5210124999999998,0.42724374999999976,0.5264999999999999,1,frozen 40-image group,5000,530002
E_MICRO_TABLE,LEARN_MICRO,TABLE_MICRO,SEED_530103,30,coverage_per_image,true,0.309,30.9,0.2735,0.3450000000000001,0.269,0.3507562499999999,1,frozen 40-image group,5000,530002
E_MICRO_TABLE,LEARN_MICRO,TABLE_MICRO,SEED_530103,40,coverage_per_image,true,0.08150000000000002,8.150000000000002,0.06300000000000015,0.10049999999999998,0.060500000000000075,0.10300000000000008,1,frozen 40-image group,5000,530002
E_MICRO_TABLE,LEARN_MICRO,TABLE_MICRO,SEED_530103,CORE_10_15_20,coverage_per_image,true,0.39949999999999997,39.949999999999996,0.3714958333333333,0.4263375,0.36791458333333327,0.43041874999999985,1,frozen 40-image group,5000,530002
E_MICRO_S_ADAPT,LEARN_MICRO,S_ADAPT,THREE_SEED_MEAN,10,coverage_per_image,false,0.23983333333333337,23.983333333333338,0.2180000000000001,0.26217083333333324,0.21508125000000006,0.2656666666666667,1,frozen 40-image group,5000,530002
E_MICRO_S_ADAPT,LEARN_MICRO,S_ADAPT,THREE_SEED_MEAN,15,coverage_per_image,false,0.22349999999999995,22.349999999999994,0.19299999999999987,0.2540041666666667,0.18891458333333322,0.25816666666666654,1,frozen 40-image group,5000,530002
E_MICRO_S_ADAPT,LEARN_MICRO,S_ADAPT,THREE_SEED_MEAN,20,coverage_per_image,false,0.23050000000000012,23.05000000000001,0.2026625,0.25733750000000016,0.19808125000000007,0.261,1,frozen 40-image group,5000,530002
E_MICRO_S_ADAPT,LEARN_MICRO,S_ADAPT,THREE_SEED_MEAN,30,coverage_per_image,false,0.1546666666666666,15.46666666666666,0.13250000000000006,0.17733333333333323,0.1293333333333333,0.1807520833333332,1,frozen 40-image group,5000,530002
E_MICRO_S_ADAPT,LEARN_MICRO,S_ADAPT,THREE_SEED_MEAN,40,coverage_per_image,false,0.07933333333333337,7.933333333333337,0.06316666666666666,0.0948375000000003,0.06083333333333336,0.09716666666666665,1,frozen 40-image group,5000,530002
E_MICRO_S_ADAPT,LEARN_MICRO,S_ADAPT,THREE_SEED_MEAN,CORE_10_15_20,coverage_per_image,false,0.23127777777777783,23.127777777777784,0.21344444444444455,0.24822361111111121,0.21083194444444442,0.25050000000000006,1,frozen 40-image group,5000,530002
E_MICRO_S_ADAPT,LEARN_MICRO,S_ADAPT,SEED_530101,10,coverage_per_image,false,0.24199999999999997,24.199999999999996,0.22050000000000003,0.26449999999999996,0.21749999999999992,0.2669999999999999,1,frozen 40-image group,5000,530002
E_MICRO_S_ADAPT,LEARN_MICRO,S_ADAPT,SEED_530101,15,coverage_per_image,false,0.21699999999999992,21.699999999999992,0.18548749999999975,0.24949999999999994,0.18099999999999988,0.2534999999999999,1,frozen 40-image group,5000,530002
E_MICRO_S_ADAPT,LEARN_MICRO,S_ADAPT,SEED_530101,20,coverage_per_image,false,0.23000000000000004,23.000000000000004,0.201,0.2580000000000001,0.1965000000000001,0.262,1,frozen 40-image group,5000,530002
E_MICRO_S_ADAPT,LEARN_MICRO,S_ADAPT,SEED_530101,30,coverage_per_image,false,0.15200000000000005,15.200000000000005,0.12850000000000011,0.17600000000000016,0.12450000000000015,0.18000000000000002,1,frozen 40-image group,5000,530002
E_MICRO_S_ADAPT,LEARN_MICRO,S_ADAPT,SEED_530101,40,coverage_per_image,false,0.07900000000000013,7.900000000000013,0.06000000000000018,0.09650000000000027,0.057500000000000086,0.09950000000000012,1,frozen 40-image group,5000,530002
E_MICRO_S_ADAPT,LEARN_MICRO,S_ADAPT,SEED_530101,CORE_10_15_20,coverage_per_image,false,0.2296666666666666,22.96666666666666,0.21083333333333334,0.24749999999999997,0.20874791666666667,0.24999999999999997,1,frozen 40-image group,5000,530002
E_MICRO_S_ADAPT,LEARN_MICRO,S_ADAPT,SEED_530102,10,coverage_per_image,false,0.24050000000000005,24.050000000000004,0.21600000000000008,0.2649999999999999,0.21249999999999997,0.26849999999999996,1,frozen 40-image group,5000,530002
E_MICRO_S_ADAPT,LEARN_MICRO,S_ADAPT,SEED_530102,15,coverage_per_image,false,0.22349999999999992,22.34999999999999,0.1899999999999999,0.2574999999999999,0.185,0.2619999999999999,1,frozen 40-image group,5000,530002
E_MICRO_S_ADAPT,LEARN_MICRO,S_ADAPT,SEED_530102,20,coverage_per_image,false,0.22899999999999998,22.9,0.20149999999999996,0.256,0.19650000000000006,0.25949999999999995,1,frozen 40-image group,5000,530002
E_MICRO_S_ADAPT,LEARN_MICRO,S_ADAPT,SEED_530102,30,coverage_per_image,false,0.1530000000000002,15.300000000000018,0.12850000000000025,0.17800000000000005,0.12600000000000008,0.1810000000000001,1,frozen 40-image group,5000,530002
E_MICRO_S_ADAPT,LEARN_MICRO,S_ADAPT,SEED_530102,40,coverage_per_image,false,0.07500000000000022,7.500000000000022,0.058500000000000156,0.09150000000000028,0.05600000000000019,0.09350000000000037,1,frozen 40-image group,5000,530002
E_MICRO_S_ADAPT,LEARN_MICRO,S_ADAPT,SEED_530102,CORE_10_15_20,coverage_per_image,false,0.231,23.1,0.21200000000000008,0.24966666666666662,0.20950000000000005,0.25249999999999995,1,frozen 40-image group,5000,530002
E_MICRO_S_ADAPT,LEARN_MICRO,S_ADAPT,SEED_530103,10,coverage_per_image,false,0.23699999999999996,23.699999999999996,0.21200000000000002,0.2625,0.20850000000000002,0.26649999999999996,1,frozen 40-image group,5000,530002
E_MICRO_S_ADAPT,LEARN_MICRO,S_ADAPT,SEED_530103,15,coverage_per_image,false,0.2299999999999999,22.99999999999999,0.2004999999999999,0.25999999999999995,0.19649999999999984,0.2639999999999998,1,frozen 40-image group,5000,530002
E_MICRO_S_ADAPT,LEARN_MICRO,S_ADAPT,SEED_530103,20,coverage_per_image,false,0.2324999999999999,23.24999999999999,0.2009999999999998,0.2625,0.19699999999999981,0.26700000000000007,1,frozen 40-image group,5000,530002
E_MICRO_S_ADAPT,LEARN_MICRO,S_ADAPT,SEED_530103,30,coverage_per_image,false,0.15900000000000006,15.900000000000006,0.135,0.18350000000000002,0.13150000000000003,0.18600000000000008,1,frozen 40-image group,5000,530002
E_MICRO_S_ADAPT,LEARN_MICRO,S_ADAPT,SEED_530103,40,coverage_per_image,false,0.08400000000000013,8.400000000000013,0.06800000000000014,0.09900000000000016,0.06600000000000016,0.10150000000000015,1,frozen 40-image group,5000,530002
E_MICRO_S_ADAPT,LEARN_MICRO,S_ADAPT,SEED_530103,CORE_10_15_20,coverage_per_image,false,0.2331666666666666,23.31666666666666,0.2139999999999999,0.2509999999999999,0.21183333333333326,0.2536666666666666,1,frozen 40-image group,5000,530002
E_QUALITY_TABLE,LEARN_QUALITY,TABLE_QUALITY,THREE_SEED_MEAN,10,quality_per_image,true,0.14769102160303393,14.769102160303394,0.12569705150023594,0.17032503017347933,0.1223067773230814,0.17371574687951336,1,frozen 40-image group,5000,530002
E_QUALITY_TABLE,LEARN_QUALITY,TABLE_QUALITY,THREE_SEED_MEAN,15,quality_per_image,true,0.2755616355988503,27.55616355988503,0.24742799452852612,0.3032652447143974,0.24296417648498622,0.3079959067968731,1,frozen 40-image group,5000,530002
E_QUALITY_TABLE,LEARN_QUALITY,TABLE_QUALITY,THREE_SEED_MEAN,20,quality_per_image,true,0.2778604478263151,27.786044782631507,0.2513055459229892,0.3048767150603811,0.24786028179459652,0.30848665940321396,1,frozen 40-image group,5000,530002
E_QUALITY_TABLE,LEARN_QUALITY,TABLE_QUALITY,THREE_SEED_MEAN,30,quality_per_image,true,0.13372533422464541,13.372533422464542,0.11736458364083342,0.15330716725582885,0.11493927907673068,0.15669666884897102,1,frozen 40-image group,5000,530002
E_QUALITY_TABLE,LEARN_QUALITY,TABLE_QUALITY,THREE_SEED_MEAN,40,quality_per_image,true,0.039531887221843184,3.9531887221843185,0.030320455616503494,0.04867936965010956,0.02895550271041923,0.05012125213949494,1,frozen 40-image group,5000,530002
E_QUALITY_TABLE,LEARN_QUALITY,TABLE_QUALITY,THREE_SEED_MEAN,CORE_10_15_20,quality_per_image,true,0.23370436834273314,23.370436834273313,0.21560719885555812,0.2523724428451378,0.2134881255484521,0.25491149690872117,1,frozen 40-image group,5000,530002
E_QUALITY_TABLE,LEARN_QUALITY,TABLE_QUALITY,SEED_530101,10,quality_per_image,true,0.14588246271096053,14.588246271096054,0.12298694040434253,0.16877756777766392,0.11908324401748806,0.17238027060020283,1,frozen 40-image group,5000,530002
E_QUALITY_TABLE,LEARN_QUALITY,TABLE_QUALITY,SEED_530101,15,quality_per_image,true,0.2837124837714366,28.371248377143658,0.25421453589167525,0.3128534335827769,0.24938246460132724,0.3176758723676926,1,frozen 40-image group,5000,530002
E_QUALITY_TABLE,LEARN_QUALITY,TABLE_QUALITY,SEED_530101,20,quality_per_image,true,0.2735763101900456,27.357631019004558,0.24676996798207,0.30050956595566586,0.24385061742215086,0.3047959889749082,1,frozen 40-image group,5000,530002
E_QUALITY_TABLE,LEARN_QUALITY,TABLE_QUALITY,SEED_530101,30,quality_per_image,true,0.13166133127581486,13.166133127581487,0.11458748645502315,0.15210107040836196,0.11250015628419602,0.15590322869242373,1,frozen 40-image group,5000,530002
E_QUALITY_TABLE,LEARN_QUALITY,TABLE_QUALITY,SEED_530101,40,quality_per_image,true,0.04041861114976001,4.041861114976001,0.030643336830638485,0.05005618979468548,0.029114175339451126,0.05156297984112743,1,frozen 40-image group,5000,530002
E_QUALITY_TABLE,LEARN_QUALITY,TABLE_QUALITY,SEED_530101,CORE_10_15_20,quality_per_image,true,0.23439041889081424,23.439041889081423,0.21537659754967767,0.254078818071374,0.21313794660316032,0.25647783451282946,1,frozen 40-image group,5000,530002
E_QUALITY_TABLE,LEARN_QUALITY,TABLE_QUALITY,SEED_530102,10,quality_per_image,true,0.1506190222521616,15.061902225216159,0.1274933423279196,0.17389927383856985,0.12424107431540483,0.1772716811800714,1,frozen 40-image group,5000,530002
E_QUALITY_TABLE,LEARN_QUALITY,TABLE_QUALITY,SEED_530102,15,quality_per_image,true,0.2643504624438772,26.43504624438772,0.2328966486717706,0.2942665711033271,0.22890468951533777,0.29913370175691795,1,frozen 40-image group,5000,530002
E_QUALITY_TABLE,LEARN_QUALITY,TABLE_QUALITY,SEED_530102,20,quality_per_image,true,0.28156262442612745,28.156262442612746,0.2543774714056581,0.3087928016907275,0.25030155099697055,0.31285670421849887,1,frozen 40-image group,5000,530002
E_QUALITY_TABLE,LEARN_QUALITY,TABLE_QUALITY,SEED_530102,30,quality_per_image,true,0.13098970933056533,13.098970933056533,0.11442659085293137,0.15065655423483845,0.1122854167079879,0.15338074316569297,1,frozen 40-image group,5000,530002
E_QUALITY_TABLE,LEARN_QUALITY,TABLE_QUALITY,SEED_530102,40,quality_per_image,true,0.03639386502172748,3.639386502172748,0.02619926467924929,0.0465820310650493,0.024804950270657253,0.04818248183874694,1,frozen 40-image group,5000,530002
E_QUALITY_TABLE,LEARN_QUALITY,TABLE_QUALITY,SEED_530102,CORE_10_15_20,quality_per_image,true,0.23217736970738875,23.217736970738876,0.21396474033771432,0.25173196721088437,0.21088595742401858,0.2547219677281023,1,frozen 40-image group,5000,530002
E_QUALITY_TABLE,LEARN_QUALITY,TABLE_QUALITY,SEED_530103,10,quality_per_image,true,0.14657157984597963,14.657157984597962,0.12282806441508141,0.1708490973177519,0.11901872875431227,0.17402137176643565,1,frozen 40-image group,5000,530002
E_QUALITY_TABLE,LEARN_QUALITY,TABLE_QUALITY,SEED_530103,15,quality_per_image,true,0.2786219605812368,27.86219605812368,0.25083055724445746,0.30572042420651174,0.246435181007683,0.3099497428736028,1,frozen 40-image group,5000,530002
E_QUALITY_TABLE,LEARN_QUALITY,TABLE_QUALITY,SEED_530103,20,quality_per_image,true,0.2784424088627722,27.844240886277223,0.24979196281318583,0.3068059442278819,0.2458442460235291,0.31075129823874464,1,frozen 40-image group,5000,530002
E_QUALITY_TABLE,LEARN_QUALITY,TABLE_QUALITY,SEED_530103,30,quality_per_image,true,0.13852496206755618,13.85249620675562,0.12177458982765009,0.15863788633153397,0.11931360246384431,0.16164136691618708,1,frozen 40-image group,5000,530002
E_QUALITY_TABLE,LEARN_QUALITY,TABLE_QUALITY,SEED_530103,40,quality_per_image,true,0.041783185494041974,4.178318549404198,0.03224962361918556,0.05128736072634586,0.031143475838721884,0.05285365305586156,1,frozen 40-image group,5000,530002
E_QUALITY_TABLE,LEARN_QUALITY,TABLE_QUALITY,SEED_530103,CORE_10_15_20,quality_per_image,true,0.23454531642999624,23.454531642999623,0.21588084004507638,0.2533200855470708,0.21410569943545343,0.2560061857222508,1,frozen 40-image group,5000,530002
E_QUALITY_S_ADAPT,LEARN_QUALITY,S_ADAPT,THREE_SEED_MEAN,10,quality_per_image,false,0.13157779770869926,13.157779770869926,0.10846081488231106,0.15504150782223836,0.10478599026086981,0.15845246630708112,1,frozen 40-image group,5000,530002
E_QUALITY_S_ADAPT,LEARN_QUALITY,S_ADAPT,THREE_SEED_MEAN,15,quality_per_image,false,0.11449730239413014,11.449730239413014,0.09037829123034147,0.13817966674116405,0.08719787394726597,0.1418873308819685,1,frozen 40-image group,5000,530002
E_QUALITY_S_ADAPT,LEARN_QUALITY,S_ADAPT,THREE_SEED_MEAN,20,quality_per_image,false,0.10933289095088794,10.933289095088794,0.09221076456627426,0.1264483716600622,0.09006801418208228,0.12893604159116995,1,frozen 40-image group,5000,530002
E_QUALITY_S_ADAPT,LEARN_QUALITY,S_ADAPT,THREE_SEED_MEAN,30,quality_per_image,false,0.06331548891302786,6.331548891302787,0.05031884819537853,0.07662858234082116,0.04866694576809249,0.07813075790033194,1,frozen 40-image group,5000,530002
E_QUALITY_S_ADAPT,LEARN_QUALITY,S_ADAPT,THREE_SEED_MEAN,40,quality_per_image,false,0.03156815785477583,3.1568157854775833,0.02220018242364811,0.04074127700273956,0.021063139605420184,0.0418585719065881,1,frozen 40-image group,5000,530002
E_QUALITY_S_ADAPT,LEARN_QUALITY,S_ADAPT,THREE_SEED_MEAN,CORE_10_15_20,quality_per_image,false,0.1184693303512391,11.84693303512391,0.1047281250049327,0.13244977604864888,0.10279242727405494,0.1346130473973803,1,frozen 40-image group,5000,530002
E_QUALITY_S_ADAPT,LEARN_QUALITY,S_ADAPT,SEED_530101,10,quality_per_image,false,0.12976923881662591,12.976923881662591,0.10697416985262834,0.15342516100466913,0.10297502228398081,0.15652011104354377,1,frozen 40-image group,5000,530002
E_QUALITY_S_ADAPT,LEARN_QUALITY,S_ADAPT,SEED_530101,15,quality_per_image,false,0.12264815056671641,12.26481505667164,0.09683198748113478,0.14894753214538972,0.09338877065958288,0.1524484864345769,1,frozen 40-image group,5000,530002
E_QUALITY_S_ADAPT,LEARN_QUALITY,S_ADAPT,SEED_530101,20,quality_per_image,false,0.10504875331461844,10.504875331461843,0.08736990922983007,0.12308178613592828,0.08488272479843977,0.1257375165338567,1,frozen 40-image group,5000,530002
E_QUALITY_S_ADAPT,LEARN_QUALITY,S_ADAPT,SEED_530101,30,quality_per_image,false,0.06125148596419731,6.125148596419731,0.04862268673700591,0.07406529548432975,0.046752182233414874,0.07599703502201802,1,frozen 40-image group,5000,530002
E_QUALITY_S_ADAPT,LEARN_QUALITY,S_ADAPT,SEED_530101,40,quality_per_image,false,0.03245488178269266,3.245488178269266,0.022914107431714972,0.04202102828600576,0.021397950547954677,0.043389492215078714,1,frozen 40-image group,5000,530002
E_QUALITY_S_ADAPT,LEARN_QUALITY,S_ADAPT,SEED_530101,CORE_10_15_20,quality_per_image,false,0.11915538089932026,11.915538089932026,0.10369526611902947,0.13395817382111788,0.10184080650783511,0.1366866807573677,1,frozen 40-image group,5000,530002
E_QUALITY_S_ADAPT,LEARN_QUALITY,S_ADAPT,SEED_530102,10,quality_per_image,false,0.13450579835782694,13.450579835782694,0.10945581508828726,0.16011587676192793,0.10573308063366219,0.16348084932864815,1,frozen 40-image group,5000,530002
E_QUALITY_S_ADAPT,LEARN_QUALITY,S_ADAPT,SEED_530102,15,quality_per_image,false,0.10328612923915709,10.328612923915708,0.07713239901283288,0.12924296568227042,0.07352436280618839,0.13302810259699277,1,frozen 40-image group,5000,530002
E_QUALITY_S_ADAPT,LEARN_QUALITY,S_ADAPT,SEED_530102,20,quality_per_image,false,0.11303506755070025,11.303506755070025,0.09342253112132544,0.1334231628421012,0.09010158405135822,0.13603800657328746,1,frozen 40-image group,5000,530002
E_QUALITY_S_ADAPT,LEARN_QUALITY,S_ADAPT,SEED_530102,30,quality_per_image,false,0.060579864018947785,6.057986401894778,0.04634636670809145,0.07520638310898568,0.044419800909648796,0.07733142181620396,1,frozen 40-image group,5000,530002
E_QUALITY_S_ADAPT,LEARN_QUALITY,S_ADAPT,SEED_530102,40,quality_per_image,false,0.028430135654660127,2.8430135654660127,0.018488788780809385,0.03827491558420881,0.01693468890557575,0.03980797420053538,1,frozen 40-image group,5000,530002
E_QUALITY_S_ADAPT,LEARN_QUALITY,S_ADAPT,SEED_530102,CORE_10_15_20,quality_per_image,false,0.11694233171589477,11.694233171589477,0.10225396239917318,0.13231180638209641,0.09974037206474196,0.13443188588186236,1,frozen 40-image group,5000,530002
E_QUALITY_S_ADAPT,LEARN_QUALITY,S_ADAPT,SEED_530103,10,quality_per_image,false,0.13045835595164504,13.045835595164505,0.10655238828026287,0.1546722742279433,0.10356645592500718,0.15818362481877932,1,frozen 40-image group,5000,530002
E_QUALITY_S_ADAPT,LEARN_QUALITY,S_ADAPT,SEED_530103,15,quality_per_image,false,0.11755762737651664,11.755762737651663,0.09380328785533058,0.14020664639903274,0.09013553140470827,0.14431367700396863,1,frozen 40-image group,5000,530002
E_QUALITY_S_ADAPT,LEARN_QUALITY,S_ADAPT,SEED_530103,20,quality_per_image,false,0.10991485198734507,10.991485198734507,0.09286063173036338,0.12700946117944845,0.09018357467905033,0.12982428676673669,1,frozen 40-image group,5000,530002
E_QUALITY_S_ADAPT,LEARN_QUALITY,S_ADAPT,SEED_530103,30,quality_per_image,false,0.06811511675593865,6.811511675593865,0.0549576285971916,0.08144243747320302,0.05319097650768128,0.08317250435353753,1,frozen 40-image group,5000,530002
E_QUALITY_S_ADAPT,LEARN_QUALITY,S_ADAPT,SEED_530103,40,quality_per_image,false,0.03381945612697462,3.3819456126974625,0.024206633234201226,0.04358338032785431,0.02285174480131495,0.04522363533704826,1,frozen 40-image group,5000,530002
E_QUALITY_S_ADAPT,LEARN_QUALITY,S_ADAPT,SEED_530103,CORE_10_15_20,quality_per_image,false,0.11931027843850224,11.931027843850224,0.10609595464820643,0.1329114710112947,0.1042024050480518,0.13514143311705573,1,frozen 40-image group,5000,530002
TABLE_MICRO_S_ADAPT,TABLE_MICRO,S_ADAPT,THREE_SEED_MEAN,10,coverage_per_image,false,0.019999999999999983,1.9999999999999982,0.0004999999999999894,0.03901249999999984,-0.0024999999999999736,0.04199999999999996,0.9776,frozen 40-image group,5000,530002
TABLE_MICRO_S_ADAPT,TABLE_MICRO,S_ADAPT,THREE_SEED_MEAN,15,coverage_per_image,false,-0.27450000000000013,-27.450000000000014,-0.3110125000000002,-0.2380000000000001,-0.3180000000000001,-0.23299999999999998,0,frozen 40-image group,5000,530002
TABLE_MICRO_S_ADAPT,TABLE_MICRO,S_ADAPT,THREE_SEED_MEAN,20,coverage_per_image,false,-0.2444999999999999,-24.449999999999992,-0.2884999999999999,-0.20149999999999998,-0.2939999999999998,-0.19524375000000002,0,frozen 40-image group,5000,530002
TABLE_MICRO_S_ADAPT,TABLE_MICRO,S_ADAPT,THREE_SEED_MEAN,30,coverage_per_image,false,-0.14999999999999997,-14.999999999999996,-0.188,-0.11199999999999996,-0.1935,-0.10749999999999985,0,frozen 40-image group,5000,530002
TABLE_MICRO_S_ADAPT,TABLE_MICRO,S_ADAPT,THREE_SEED_MEAN,40,coverage_per_image,false,0.0025000000000001067,0.25000000000001066,-0.010999999999999979,0.015012500000000057,-0.013256249999999845,0.017000000000000137,0.6636,frozen 40-image group,5000,530002
TABLE_MICRO_S_ADAPT,TABLE_MICRO,S_ADAPT,THREE_SEED_MEAN,CORE_10_15_20,coverage_per_image,false,-0.16633333333333333,-16.633333333333333,-0.18883750000000007,-0.14433333333333334,-0.19083333333333333,-0.14141458333333343,0,frozen 40-image group,5000,530002
TABLE_QUALITY_S_ADAPT,TABLE_QUALITY,S_ADAPT,THREE_SEED_MEAN,10,quality_per_image,false,-0.016113223894334627,-1.6113223894334627,-0.03267663329382762,0.0001206928764586424,-0.0347653566997165,0.002170208312790458,0.0262,frozen 40-image group,5000,530002
TABLE_QUALITY_S_ADAPT,TABLE_QUALITY,S_ADAPT,THREE_SEED_MEAN,15,quality_per_image,false,-0.16106433320472013,-16.106433320472014,-0.18830606146666148,-0.13262151825892382,-0.1918666616284058,-0.12882406353031597,0,frozen 40-image group,5000,530002
TABLE_QUALITY_S_ADAPT,TABLE_QUALITY,S_ADAPT,THREE_SEED_MEAN,20,quality_per_image,false,-0.16852755687542717,-16.852755687542718,-0.19291555656227502,-0.14415843087704514,-0.19638018263710008,-0.14083698195702288,0,frozen 40-image group,5000,530002
TABLE_QUALITY_S_ADAPT,TABLE_QUALITY,S_ADAPT,THREE_SEED_MEAN,30,quality_per_image,false,-0.07040984531161755,-7.040984531161755,-0.08793566657001635,-0.05504835812385631,-0.09077147446891103,-0.05284216537169472,0,frozen 40-image group,5000,530002
TABLE_QUALITY_S_ADAPT,TABLE_QUALITY,S_ADAPT,THREE_SEED_MEAN,40,quality_per_image,false,-0.007963729367067351,-0.7963729367067351,-0.015657701706803095,-0.0006533836673224001,-0.016989513259704245,0.0002576126137019165,0.0164,frozen 40-image group,5000,530002
TABLE_QUALITY_S_ADAPT,TABLE_QUALITY,S_ADAPT,THREE_SEED_MEAN,CORE_10_15_20,quality_per_image,false,-0.11523503799149401,-11.5235037991494,-0.12798795291788972,-0.10175504049265972,-0.12985515205581885,-0.09975395156978455,0,frozen 40-image group,5000,530002
LEARN_QUALITY_MINUS_MICRO_COVERAGE,LEARN_QUALITY,LEARN_MICRO,THREE_SEED_MEAN,10,coverage_per_image,false,-0.17066666666666677,-17.066666666666677,-0.19999999999999993,-0.14332916666666673,-0.20450000000000013,-0.13933333333333348,0,frozen 40-image group,5000,530002
LEARN_QUALITY_MINUS_MICRO_COVERAGE,LEARN_QUALITY,LEARN_MICRO,THREE_SEED_MEAN,15,coverage_per_image,false,-0.13066666666666668,-13.066666666666668,-0.15600416666666692,-0.10566666666666683,-0.15941875000000005,-0.10249999999999994,0,frozen 40-image group,5000,530002
LEARN_QUALITY_MINUS_MICRO_COVERAGE,LEARN_QUALITY,LEARN_MICRO,THREE_SEED_MEAN,20,coverage_per_image,false,-0.11216666666666672,-11.216666666666672,-0.137504166666667,-0.08816250000000006,-0.14083333333333337,-0.08449999999999977,0,frozen 40-image group,5000,530002
LEARN_QUALITY_MINUS_MICRO_COVERAGE,LEARN_QUALITY,LEARN_MICRO,THREE_SEED_MEAN,30,coverage_per_image,false,-0.05016666666666627,-5.016666666666627,-0.06783749999999997,-0.03249999999999968,-0.07049999999999969,-0.03016666666666639,0,frozen 40-image group,5000,530002
LEARN_QUALITY_MINUS_MICRO_COVERAGE,LEARN_QUALITY,LEARN_MICRO,THREE_SEED_MEAN,40,coverage_per_image,false,-0.016999999999999887,-1.6999999999999886,-0.028499999999999873,-0.006000000000000119,-0.030418749999999866,-0.004500000000000135,0.0018,frozen 40-image group,5000,530002
LEARN_QUALITY_MINUS_MICRO_COVERAGE,LEARN_QUALITY,LEARN_MICRO,THREE_SEED_MEAN,CORE_10_15_20,coverage_per_image,false,-0.1378333333333334,-13.783333333333339,-0.15239027777777792,-0.12350000000000011,-0.1542777777777778,-0.12183333333333339,0,frozen 40-image group,5000,530002
LEARN_QUALITY_MINUS_MICRO_QUALITY,LEARN_QUALITY,LEARN_MICRO,THREE_SEED_MEAN,10,quality_per_image,false,0.08619708749924053,8.619708749924053,0.06583904767620785,0.10793943004580614,0.0634079294754407,0.11109451919198977,1,frozen 40-image group,5000,530002
LEARN_QUALITY_MINUS_MICRO_QUALITY,LEARN_QUALITY,LEARN_MICRO,THREE_SEED_MEAN,15,quality_per_image,false,0.0713810817240723,7.13810817240723,0.0536208298050133,0.08907636369062852,0.051482730052932094,0.09214424265730752,1,frozen 40-image group,5000,530002
LEARN_QUALITY_MINUS_MICRO_QUALITY,LEARN_QUALITY,LEARN_MICRO,THREE_SEED_MEAN,20,quality_per_image,false,0.054744945312228455,5.474494531222845,0.03823078527428714,0.07150294767674614,0.035885549618322125,0.07422635187544349,1,frozen 40-image group,5000,530002
LEARN_QUALITY_MINUS_MICRO_QUALITY,LEARN_QUALITY,LEARN_MICRO,THREE_SEED_MEAN,30,quality_per_image,false,0.03603198021810712,3.6031980218107122,0.024495371438900633,0.0475975297191773,0.022660171362726158,0.049341973382310146,1,frozen 40-image group,5000,530002
LEARN_QUALITY_MINUS_MICRO_QUALITY,LEARN_QUALITY,LEARN_MICRO,THREE_SEED_MEAN,40,quality_per_image,false,0.016398029566922753,1.6398029566922754,0.009256622353309627,0.024083932189486207,0.008390554792382177,0.02523568281879143,1,frozen 40-image group,5000,530002
LEARN_QUALITY_MINUS_MICRO_QUALITY,LEARN_QUALITY,LEARN_MICRO,THREE_SEED_MEAN,CORE_10_15_20,quality_per_image,false,0.0707743715118471,7.07743715118471,0.05879303705757045,0.08313052444722036,0.05733789706285895,0.08538893002517037,1,frozen 40-image group,5000,530002
