method,seed,budget,image_count,group_count,total_GT,empty_GT_images,coverage_total,coverage_per_image,coverage_recall,quality_total,quality_per_image,legacy_TP,legacy_FP,legacy_FN,precision,recall,F1,output_records,K_mean,K_median,K_min,K_max,AP,AP50,AP75,AR100
LEARN_MICRO,530101,10,2000,50,29966,3,14302,7.151,0.4772742441433625,8478.651349589052,4.239325674794526,14297,5703,15669,0.71485,0.47710738837349,0.5722691430172517,20000,10,8,5,42,0.15256321030574782,0.2501910685168354,0.15463039854665844,0.19786251248828324
LEARN_MICRO,530101,15,2000,50,29966,3,16886,8.443,0.5635053060134819,9776.197746438625,4.888098873219313,16864,13136,13102,0.5621333333333334,0.5627711406260428,0.5624520561651603,30000,15,13,5,50,0.16744844573910514,0.2836671953459512,0.16634495477746822,0.23800918191786544
LEARN_MICRO,530101,20,2000,50,29966,3,18327,9.1635,0.6115931388907428,10492.235242813382,5.2461176214066905,18300,21700,11666,0.4575,0.6106921177334312,0.5231112254523627,40000,20,18,5,50,0.1745221818534191,0.3014090553438019,0.171042552533625,0.26341807899380126
LEARN_MICRO,530101,30,2000,50,29966,3,19934,9.967,0.6652205833277715,11265.063178677705,5.632531589338853,19901,40099,10065,0.33168333333333333,0.6641193352466128,0.4424115777071338,60000,30,30,5,50,0.18029955593065272,0.3139527401734398,0.17513856819321766,0.29403998037191437
LEARN_MICRO,530101,40,2000,50,29966,3,20685,10.3425,0.6902823199626243,11639.831896185602,5.819915948092801,20651,59349,9315,0.2581375,0.6891477007274912,0.3755888183620392,80000,40,46,5,50,0.18239724357069495,0.31940062472224245,0.1763214237062137,0.3097814261023827
LEARN_MICRO,530102,10,2000,50,29966,3,14299,7.1495,0.477174130681439,8506.975974334819,4.253487987167409,14295,5705,15671,0.71475,0.4770406460655409,0.5721890885802345,20000,10,9,5,38,0.15453481989689347,0.25439745864299645,0.1567574826607056,0.20203526938928204
LEARN_MICRO,530102,15,2000,50,29966,3,16899,8.4495,0.5639391310151505,9802.919389611809,4.901459694805904,16881,13119,13085,0.5627,0.5633384502436094,0.5630190441250041,30000,15,13,5,50,0.1689253270464298,0.28704538993818274,0.16778401947423438,0.24184127140368794
LEARN_MICRO,530102,20,2000,50,29966,3,18325,9.1625,0.6115263965827938,10492.745048690522,5.246372524345261,18296,21704,11670,0.4574,0.6105586331175332,0.5229968842008975,40000,20,18,5,50,0.17447899395047534,0.3009429801957603,0.17134285340740377,0.2640011209169746
LEARN_MICRO,530102,30,2000,50,29966,3,19936,9.968,0.6652873256357205,11262.212889324921,5.631106444662461,19904,40096,10062,0.3317333333333333,0.6642194487085363,0.44247826956850367,60000,30,30,5,50,0.1804893096953594,0.3142453533243771,0.17540810177340846,0.2953263525259868
LEARN_MICRO,530102,40,2000,50,29966,3,20677,10.3385,0.6900153507308283,11626.957638666223,5.8134788193331115,20643,59357,9323,0.2580375,0.6888807314956952,0.3754433188440063,80000,40,45,5,50,0.1823532894758338,0.31902389218809796,0.17646673131683924,0.3094945608431318
LEARN_MICRO,530103,10,2000,50,29966,3,14292,7.146,0.4769405326036174,8492.855716064048,4.246427858032024,14287,5713,15679,0.71435,0.4767736768337449,0.5718688708321658,20000,10,9,5,42,0.1531625893478563,0.25095866348311663,0.1556279707636473,0.19945076865178274
LEARN_MICRO,530103,15,2000,50,29966,3,16912,8.456,0.564372956016819,9796.918251815554,4.8984591259077765,16889,13111,13077,0.5629666666666666,0.5636054194754054,0.5632858619884601,30000,15,13,5,50,0.16889894454576604,0.28673017308563087,0.1674320276870931,0.24165140393173204
LEARN_MICRO,530103,20,2000,50,29966,3,18332,9.166,0.6117599946606154,10483.428679221794,5.241714339610897,18304,21696,11662,0.4576,0.6108256023493293,0.5232255667038276,40000,20,18,5,50,0.17442194786027526,0.301330219157524,0.1712498950058283,0.2632370528353725
LEARN_MICRO,530103,30,2000,50,29966,3,19948,9.974,0.6656877794834145,11269.574046689691,5.634787023344845,19914,40086,10052,0.3319,0.6645531602482814,0.4427005757730698,60000,30,30,5,50,0.18035527798635206,0.31389851512518263,0.17531055302594067,0.29449385437271147
LEARN_MICRO,530103,40,2000,50,29966,3,20695,10.3475,0.6906160315023694,11641.09665582834,5.82054832791417,20660,59340,9306,0.25825,0.6894480411132617,0.3757525053198261,80000,40,46,5,50,0.1824511533451358,0.3192836596141286,0.1765315347391711,0.3102357591133155
LEARN_QUALITY,530101,10,2000,50,29966,3,13974,6.987,0.466328505639725,8661.604737210308,4.330802368605154,13969,6031,15997,0.69845,0.4661616498698525,0.5591402153464357,20000,10,8,5,48,0.16003198482243755,0.2619450914829073,0.16284179294138476,0.21851180327695402
LEARN_QUALITY,530101,15,2000,50,29966,3,16674,8.337,0.5564306213708871,9951.075655748646,4.975537827874323,16655,13345,13311,0.5551666666666667,0.5557965694453714,0.5554814394823734,30000,15,13,5,50,0.17277695224534528,0.2940131801583264,0.17027327672942555,0.2575431591304431
LEARN_QUALITY,530101,20,2000,50,29966,3,18114,9.057,0.6044850830941734,10590.391272260485,5.295195636130242,18088,21912,11878,0.4522,0.6036174330908363,0.5170511391247177,40000,20,18,5,50,0.17725168837905708,0.3057400084575714,0.17334962513102106,0.27776026922681146
LEARN_QUALITY,530101,30,2000,50,29966,3,19825,9.9125,0.6615831275445505,11333.552659435993,5.6667763297179965,19790,40210,10176,0.3298333333333333,0.6604151371554429,0.4399439788364493,60000,30,30,5,50,0.18142742796744332,0.3157361214737855,0.17613424241563225,0.30330395463123505
LEARN_QUALITY,530101,40,2000,50,29966,3,20648,10.324,0.6890475872655677,11670.531570549734,5.835265785274867,20614,59386,9352,0.257675,0.6879129680304344,0.37491588309113727,80000,40,46,5,50,0.1825414059959759,0.31909825362501903,0.17672512042816757,0.31249501591140383
LEARN_QUALITY,530102,10,2000,50,29966,3,13935,6.9675,0.46502703063471934,8671.077856292712,4.335538928146356,13928,6072,16038,0.6964,0.4647934325568978,0.5574990993875836,20000,10,8,5,48,0.16085447240740183,0.2633935581412383,0.16373233724930297,0.22181245786875733
LEARN_QUALITY,530102,15,2000,50,29966,3,16585,8.2925,0.5534605886671561,9912.351613093528,4.956175806546764,16567,13433,13399,0.5522333333333334,0.552859907895615,0.5525464429843577,30000,15,13,5,50,0.17259460743507146,0.2930941531420336,0.17060055421136094,0.25897731439350746
LEARN_QUALITY,530102,20,2000,50,29966,3,18074,9.037,0.6031502369351932,10606.36390073265,5.303181950366325,18048,21952,11918,0.4512,0.6022825869318561,0.5159077266100677,40000,20,18,5,50,0.17758979941826017,0.3059894607134072,0.17393203373478097,0.2806119283490177
LEARN_QUALITY,530102,30,2000,50,29966,3,19842,9.921,0.6621504371621171,11332.209415545494,5.666104707772747,19808,40192,10158,0.33013333333333333,0.6610158179269839,0.44034413000466843,60000,30,30,5,50,0.1814542678570926,0.31631739269241077,0.17597513302861187,0.3036834671642128
LEARN_QUALITY,530102,40,2000,50,29966,3,20640,10.32,0.6887806180337717,11662.48207829367,5.831241039146835,20607,59393,9359,0.2575875,0.6876793699526129,0.3747885710128585,80000,40,46,5,50,0.18252674294973034,0.3190849600737696,0.17671563459475456,0.3122365295240785
LEARN_QUALITY,530103,10,2000,50,29966,3,13960,6.98,0.46586130948408194,8662.982971480345,4.331491485740172,13953,6047,16013,0.69765,0.4656277114062604,0.5584997798502982,20000,10,8,5,48,0.16095609381993028,0.2636681465956186,0.16368385755474543,0.22066675980098155
LEARN_QUALITY,530103,15,2000,50,29966,3,16654,8.327,0.5557631982913969,9940.894609368246,4.970447304684123,16634,13366,13332,0.5544666666666667,0.5550957752119068,0.5547810425908014,30000,15,13,5,50,0.17283578589718315,0.29417351056482927,0.17100054525288522,0.2591669799351031
LEARN_QUALITY,530103,20,2000,50,29966,3,18123,9.0615,0.6047854234799439,10600.123469605936,5.300061734802968,18094,21906,11872,0.45235,0.6038176600146833,0.5172226510019152,40000,20,18,5,50,0.1774173870240224,0.30583716411778383,0.1737508926120823,0.2791438331635624
LEARN_QUALITY,530103,30,2000,50,29966,3,19850,9.925,0.6624174063939131,11347.279921019475,5.673639960509738,19816,40184,10150,0.33026666666666665,0.66128278715878,0.44052197496832135,60000,30,30,5,50,0.18149242431047444,0.31636607637039094,0.17600212090230802,0.3041136918484698
LEARN_QUALITY,530103,40,2000,50,29966,3,20667,10.3335,0.6896816391910833,11673.260719238298,5.836630359619149,20633,59367,9333,0.2579125,0.68854701995595,0.37526144444646525,80000,40,47,5,50,0.18257298224645166,0.31955504040064986,0.1767219806745087,0.3123508122454258
S_ADAPT,-1,10,2000,50,29966,3,13818,6.909,0.4611226056197023,8402.066259577055,4.201033129788528,13811,6189,16155,0.69055,0.4608890075418808,0.552815914822079,20000,10,9,5,32,0.1536753879858031,0.24878108559773923,0.1568156295322357,0.2034422345381616
S_ADAPT,-1,15,2000,50,29966,3,16452,8.226,0.549022225188547,9705.779354615213,4.852889677307607,16432,13568,13534,0.5477333333333333,0.548354802109057,0.5480438915385385,30000,15,14,5,46,0.1685191775022739,0.2849258121710403,0.16727555168259428,0.24420169058950672
S_ADAPT,-1,20,2000,50,29966,3,17867,8.9335,0.5962424080624708,10380.293765631246,5.190146882815623,17838,22162,12128,0.44595,0.5952746445972101,0.5099048109081553,40000,20,19,5,50,0.1744860246975717,0.29901577228025406,0.17116692875010614,0.2672592834262313
S_ADAPT,-1,30,2000,50,29966,3,19630,9.815,0.6550757525195221,11211.049687507597,5.605524843753798,19596,40404,10370,0.3266,0.653941133284389,0.43563123846786567,60000,30,30,5,50,0.1803682958358143,0.3139704567143455,0.17552992658206243,0.29675315738757413
S_ADAPT,-1,40,2000,50,29966,3,20527,10.2635,0.6850096776346526,11605.621806984349,5.802810903492174,20494,59506,9472,0.256175,0.683908429553494,0.37273339032064456,80000,40,45,5,50,0.18221589970405566,0.31836874187893793,0.17662584047580418,0.3100090143564497
S_FIXED,-1,10,2000,50,29966,3,12494,6.247,0.41693919775745847,7577.852344853004,3.788926172426502,12486,7514,17480,0.6243,0.41667222852566244,0.4997798502982028,20000,10,10,10,10,0.14026995162342515,0.22060523402668394,0.14682809531146906,0.18174261720249166
S_FIXED,-1,15,2000,50,29966,3,15267,7.6335,0.5094774077287593,8999.899778810111,4.499949889405055,15256,14744,14710,0.5085333333333333,0.5091103250350397,0.5088216656105126,30000,15,15,15,15,0.15940002899211428,0.2637421009962942,0.16095224182726683,0.2226787863460024
S_FIXED,-1,20,2000,50,29966,3,16977,8.4885,0.5665420810251619,9839.037136273972,4.9195185681369855,16960,23040,13006,0.424,0.5659747714075952,0.4848069062115884,40000,20,20,20,20,0.16899732850971572,0.28576622928776985,0.16811310914827882,0.24839795483479468
S_FIXED,-1,30,2000,50,29966,3,18965,9.4825,0.6328839351264767,10823.094343537572,5.411547171768786,18935,41065,11031,0.3155833333333333,0.6318828005072415,0.42093679834604186,60000,30,30,30,30,0.1772019339321812,0.30568195935569753,0.17343111240354137,0.2807537578573229
S_FIXED,-1,40,2000,50,29966,3,20105,10.0525,0.6709270506574118,11379.59368170944,5.68979684085472,20070,59930,9896,0.250875,0.6697590602683041,0.36502191586490373,80000,40,40,40,40,0.18100642961307314,0.3151949751041936,0.17588235928076806,0.30138550626481975
TABLE_MICRO,-1,10,2000,50,29966,3,13858,6.929,0.4624574517786825,8293.629757373941,4.14681487868697,13850,6150,16116,0.6925,0.4621904825468865,0.5543769763439139,20000,10,9,5,29,0.1516949061181715,0.2453552264430166,0.15555088904479714,0.1968303810491922
TABLE_MICRO,-1,15,2000,50,29966,3,15903,7.9515,0.5307014616565441,9171.364626229964,4.585682313114982,15890,14110,14076,0.5296666666666666,0.5302676366548755,0.5299669812893972,30000,15,15,5,29,0.16009577339718906,0.2654706883497218,0.16166423528354074,0.2172171117459228
TABLE_MICRO,-1,20,2000,50,29966,3,17378,8.689,0.5799239137689381,9911.303724620375,4.955651862310187,17357,22643,12609,0.433925,0.5792231195354736,0.4961552754194894,40000,20,20,5,30,0.1689992179518067,0.28737519544918844,0.16699809470791938,0.24475347872720538
TABLE_MICRO,-1,30,2000,50,29966,3,19330,9.665,0.6450644063271708,10903.911531873393,5.451955765936696,19299,40701,10667,0.32165,0.6440299005539611,0.4290287441922504,60000,30,30,6,50,0.17748416005239773,0.30749964147436615,0.17324382380477932,0.280692806835801
TABLE_MICRO,-1,40,2000,50,29966,3,20532,10.266,0.6851765334045251,11582.959299927821,5.791479649963911,20497,59503,9469,0.2562125,0.6840085430154175,0.37278795263990694,80000,40,44,10,50,0.18214551104344756,0.31797310824789304,0.17655394017431872,0.3082005391928317
TABLE_QUALITY,-1,10,2000,50,29966,3,13621,6.8105,0.45454848828672495,8369.839811788386,4.184919905894193,13614,6386,16352,0.6807,0.4543148902089034,0.5449305527758875,20000,10,9,5,30,0.15616979476140813,0.254058077136545,0.15970799449252868,0.21125368443220008
TABLE_QUALITY,-1,15,2000,50,29966,3,15587,7.7935,0.5201561770006007,9383.650688205773,4.691825344102886,15575,14425,14391,0.5191666666666667,0.5197557231529066,0.5194610279158188,30000,15,15,5,31,0.16807945950762446,0.2833893918156588,0.16771728899639668,0.24578086729431847
TABLE_QUALITY,-1,20,2000,50,29966,3,17076,8.538,0.5698458252686378,10043.238651880392,5.021619325940196,17060,22940,12906,0.4265,0.5693118868050457,0.48766543749821345,40000,20,20,5,38,0.17319873404188885,0.2960222567588826,0.17077517829465808,0.26403510049974654
TABLE_QUALITY,-1,30,2000,50,29966,3,19279,9.6395,0.6433624774744711,11070.229996884362,5.535114998442181,19248,40752,10718,0.3208,0.6423279717012614,0.4278949825489629,60000,30,30,6,50,0.1800369774196307,0.31266452220224034,0.17544436031823574,0.2961710221710906
TABLE_QUALITY,-1,40,2000,50,29966,3,20469,10.2345,0.6830741507041314,11589.694348250214,5.794847174125107,20435,59565,9531,0.2554375,0.6819395314689982,0.3716603313751523,80000,40,45,10,50,0.18226573754683598,0.318364965900252,0.17662342034831838,0.31062903528574176
