seed,epoch,fit_natural_bce,early_stop_natural_bce,strict_improvement,stale_epochs_after
530101,1,0.2649791010459264,0.15487115004327562,true,0
530101,2,0.15137173866960738,0.14789367642402648,true,0
530101,3,0.14641695506837632,0.14475179969204796,true,0
530101,4,0.1439539126555125,0.14325643379953173,true,0
530101,5,0.14257626161310408,0.14263987295627595,true,0
530101,6,0.14154451531039344,0.1422592003107071,true,0
530101,7,0.14063731535805596,0.14145694534778594,true,0
530101,8,0.1399424251821306,0.14103094888793097,true,0
530101,9,0.13944378471109603,0.14114909926785363,false,1
530101,10,0.13897730907599132,0.14065886339876388,true,0
530101,11,0.13864873353905147,0.14116260386837853,false,1
530101,12,0.13823840701844958,0.14080028986401028,false,2
530101,13,0.1379195361163881,0.14021178330315484,true,0
530101,14,0.13761745483080545,0.1401581577486462,true,0
530101,15,0.13746619973447588,0.14013940862549676,true,0
530101,16,0.13715771849950154,0.14024314542876348,false,1
530101,17,0.13679436780876583,0.13953080231613582,true,0
530101,18,0.13652187696562873,0.13978638376924726,false,1
530101,19,0.13618566166030036,0.14010300903055403,false,2
530101,20,0.1359992381917106,0.14002605562210083,false,3
530101,21,0.1357797881470786,0.1396163246817059,false,4
530101,22,0.13550677083333335,0.1396458546982871,false,5
530102,1,0.2668056224187215,0.1544774831427468,true,0
530102,2,0.15103742910226187,0.1479194948249393,true,0
530102,3,0.14627890070809257,0.14476063282489776,true,0
530102,4,0.14394466731548308,0.1433301188601388,true,0
530102,5,0.14240901699595981,0.1421938170168135,true,0
530102,6,0.1412965612411499,0.14196829902595945,true,0
530102,7,0.14055939994917976,0.14145939984321595,true,0
530102,8,0.13977269668049283,0.1412104866133796,true,0
530102,9,0.13930220435725318,0.1410473966466056,true,0
530102,10,0.13890459608766767,0.1408402683575948,true,0
530102,11,0.13859443630112542,0.14033904099464417,true,0
530102,12,0.13814138264126247,0.14027111620638105,true,0
530102,13,0.13790767835246193,0.14021520022816128,true,0
530102,14,0.13751387843555873,0.13981524284945593,true,0
530102,15,0.13709832830958896,0.14000994009971618,false,1
530102,16,0.13692115888595582,0.13986742917696635,false,2
530102,17,0.1364918955564499,0.13996079395082262,false,3
530102,18,0.13640041607220968,0.13983390153249106,false,4
530102,19,0.13611380649672614,0.13981871382660335,false,5
530103,1,0.2716313339736727,0.15450122531519997,true,0
530103,2,0.1513130308734046,0.14811995034217834,true,0
530103,3,0.14685136437416077,0.14532148444652557,true,0
530103,4,0.14441187040275996,0.1437703287601471,true,0
530103,5,0.14297718784014385,0.14312667999532488,true,0
530103,6,0.1418904841264089,0.14230262507597605,true,0
530103,7,0.1410214693148931,0.14197444557613798,true,0
530103,8,0.1404099992831548,0.14166805466545954,true,0
530103,9,0.13978986804750232,0.1413661232391993,true,0
530103,10,0.13938018310070038,0.14131417491171094,true,0
530103,11,0.13887349953386519,0.1411567672199673,true,0
530103,12,0.13853801482253605,0.1408303184191386,true,0
530103,13,0.13821150948471495,0.14071398366292318,true,0
530103,14,0.13793290630181632,0.14052877407603795,true,0
530103,15,0.13756804331938427,0.14038134553962284,true,0
530103,16,0.13736787603431277,0.14024163241651322,true,0
530103,17,0.1369548241800732,0.1400928244113922,true,0
530103,18,0.13664198483890957,0.14030525008307562,false,1
530103,19,0.13643155391481188,0.1399698681116104,true,0
530103,20,0.1361039094845454,0.14034638516108194,false,1
530103,21,0.13597173501385582,0.14014156765672894,false,2
530103,22,0.13576311140060424,0.13974428589608934,true,0
530103,23,0.1355767532745997,0.13990855661498175,false,1
530103,24,0.13523255268467796,0.13943535538514454,true,0
530103,25,0.13494823248386384,0.13958560087415908,false,1
530103,26,0.1348722581413057,0.13995425115161472,false,2
530103,27,0.13475415301587845,0.13981112907992468,false,3
530103,28,0.1343691412475374,0.1395352087603675,false,4
530103,29,0.13430121018886565,0.1396312249686983,false,5
