group_id,image_id,position_in_group
0,3a01c498-57c03193,0
0,155c545d-acc88ab6,1
0,448e2a8a-e9ee313e,2
0,abe622bd-b0939bc7,3
0,4147adc8-0ad491a4,4
0,2b6767ac-0ba85ddc,5
0,1c89dc5d-48cb3c45,6
0,4a7273bb-feb6a1a5,7
0,82124e5e-492deb13,8
0,17d1d81c-f5009383,9
0,a61e8c02-39502b46,10
0,4b0c0df9-ea2cf4cf,11
0,0f06d2de-7b9b4397,12
0,8c17b25a-d3e2e9a5,13
0,01818f85-516d8d03,14
0,00d79c0a-23bea078,15
0,a823fd1b-a44fa0ed,16
0,0a800f65-b171d7ac,17
0,5986add7-721ee64f,18
0,9b23a0a2-0833760b,19
0,95aba1cb-10f102d6,20
0,8f051921-60a45f33,21
0,66bf95f9-d8d18d04,22
0,1ca04fff-cc6c1273,23
0,3f580e6a-fb378f1a,24
0,83f0c978-3edd253f,25
0,33f3e7c4-d179f473,26
0,202391c5-d49bff01,27
0,ab1be3eb-dc42a223,28
0,7771e03b-832e52c0,29
0,7915c0ec-060d29f8,30
0,4953112c-a11e15ed,31
0,95c2bbd1-e4f7e2f8,32
0,98d21a33-b3e1a0e9,33
0,ae0cd70d-4a9c980b,34
0,7845672e-7369aee2,35
0,57eb2bd4-dc11826a,36
0,9181303b-8585196f,37
0,b030c388-0272f853,38
0,3a945cdf-ff39a296,39
1,79d3941e-edaf5f2e,0
1,1a032081-f7090d75,1
1,97344267-caf5d0be,2
1,113b84e3-2062e9d3,3
1,9e75b91b-4d6b68b7,4
1,4fa88ac9-63b93d94,5
1,4ff09088-9e7945e4,6
1,7b158072-0bf742a8,7
1,1ed41cf2-efe2279c,8
1,93cbf0a2-a7bb8002,9
1,aefd1f1c-0b1a2691,10
1,8cb2defc-81d92b6d,11
1,a369cf3b-3ad44b28,12
1,b12a47c3-a6bdadd3,13
1,2a7d1d96-c5a8fe7d,14
1,6c712995-9b6fa90c,15
1,31765c6b-90b0d612,16
1,8a14c5ea-70e1e1c4,17
1,4e2c4b56-7f3eac86,18
1,24034344-7df31122,19
1,20ff37cb-73e58926,20
1,4f16b332-529b40a2,21
1,65a6cdc6-51c579de,22
1,6d971d30-a7b342ee,23
1,2c43c68a-6769571b,24
1,ade4a5b3-8936bfd5,25
1,81245c66-6e68b0b9,26
1,505530df-cff22540,27
1,13ec83de-b12c9bee,28
1,659c01c2-5144cae1,29
1,51ab9edc-2c510eff,30
1,aeeb8a7d-b778cf91,31
1,7cc04f10-bb0f1b20,32
1,44fd0580-15867b76,33
1,2f1fb620-e4c028aa,34
1,5d935af7-7d19473c,35
1,9d9ad1ab-c309ead0,36
1,18a439d8-12d30fcc,37
1,a32543af-6b3795f3,38
1,8f33da6e-c414b344,39
2,5432ec70-0782e49b,0
2,1e549fd3-0b46ca7b,1
2,5c4004b7-bf3b7941,2
2,afe9a05d-39d7bf91,3
2,734342fc-ade2c3f2,4
2,03aa1144-c167799a,5
2,08d19d01-2d363385,6
2,99e56d81-b2cb2353,7
2,91caf6a1-d5598b50,8
2,a5df53ba-5b7764d2,9
2,9ac7f707-d7ea3d0d,10
2,444bd1cc-e0ecef36,11
2,4e428182-b2a7fb7f,12
2,42ca054a-98bda4ea,13
2,2e9bf5eb-6059f1b4,14
2,74787120-467576d9,15
2,6024a82e-c1b7d07a,16
2,82666c1f-ac3d73ee,17
2,9841436f-c76f182e,18
2,a110f1cd-30064b30,19
2,24bfe942-b8b68038,20
2,02ff80b4-9b422cbd,21
2,77a803c4-85a21c70,22
2,4aecfef5-9935f66a,23
2,32ce9117-18496387,24
2,4ce22ce5-ed2a5ace,25
2,26e27ffb-b50f9292,26
2,8a783082-e46360fb,27
2,4ec75dfc-e66d0059,28
2,a8831a46-f79e50e9,29
2,7803378a-53efb77b,30
2,752bc1e1-b2aa4362,31
2,5d1e595a-4079fbba,32
2,00ffeef4-75f6b5ec,33
2,130a2a49-192ad046,34
2,6c58d441-dedfa6ef,35
2,5250cae5-5ff2210f,36
2,77229e81-1431e3fd,37
2,188e4f84-ca60e4ab,38
2,50cb5a3c-d4254488,39
3,4d10440e-1c7c6a67,0
3,28dd61b1-6ef5ae56,1
3,28c32a13-f0c246c9,2
3,440f0753-a07e0df1,3
3,3c0bbdc2-79baffce,4
3,1dc45495-08319d1c,5
3,01638325-c0f998fd,6
3,3b93ba63-00f7229e,7
3,6feede64-1a876fd7,8
3,6bf1a64a-00ead052,9
3,2e776fd4-3b6e064d,10
3,2cf343a9-7f7f97a7,11
3,5fc3419a-3dd2872a,12
3,32d27a5c-7bb58b57,13
3,61e48ae3-3ca56463,14
3,376dd34e-297243de,15
3,75bc42db-a07a67a8,16
3,604456e2-fb6f97c4,17
3,1371d04a-bcd9f8be,18
3,847131ac-edc25263,19
3,a4e07106-04d29306,20
3,248bfe72-221f7e76,21
3,4b6895fd-337950a9,22
3,b0525f1d-4bb306a9,23
3,0ce9abb1-04bba55e,24
3,6ece24a7-c35abe11,25
3,3b53f269-cb870838,26
3,5a3c3d06-4ca3226d,27
3,5d1be8b4-721a75d0,28
3,277dac8b-4cb89cdf,29
3,88707600-f7778d87,30
3,63756dd1-fd443879,31
3,350334d0-7c7c1937,32
3,09f23136-817bff87,33
3,8bb6861f-79cacc8e,34
3,575efce1-3de7d506,35
3,288f7f07-a037b126,36
3,485d42ab-c8e679df,37
3,8dbaf938-562dfdee,38
3,1a0b97c6-9c4bfc8b,39
4,87b2d081-4dd35e4e,0
4,89f1e93a-fc04b40d,1
4,7be5a5bb-e812c5c7,2
4,aaa76e5e-1f5bc10c,3
4,4483a299-4521c871,4
4,50e0e315-ffcd367d,5
4,a1a8db6b-5ed0e839,6
4,152a4f43-e8aec262,7
4,3278e1fa-ef2da33c,8
4,1beed53f-7941ed65,9
4,08ab784d-0dec33a1,10
4,194e84c6-b5e84149,11
4,6212b116-02668c44,12
4,42e09c21-7d43df47,13
4,39337da8-b0a8bc14,14
4,384da29e-f1334813,15
4,1989c447-0fac8a3c,16
4,637f0094-8d260e77,17
4,10c0c72d-9892b105,18
4,09be05bd-6471d11b,19
4,669d4cf4-408fef3c,20
4,6ed5ea74-a2e3f1cf,21
4,192550a2-8566e055,22
4,390ed13d-6dea54c1,23
4,64fe38ba-f27af12c,24
4,58fcc210-3a3a8921,25
4,3a201dcb-ed4134c3,26
4,85f3f250-e536f712,27
4,5f8adca3-eef67abc,28
4,98de67f4-25ac754c,29
4,1b5bc6f2-43050a8d,30
4,9d63ed0d-35572731,31
4,70283654-148f1c37,32
4,35362c47-e855e78a,33
4,08ad7534-57392f9d,34
4,2e05d9a8-abb278f1,35
4,b1790f54-6e5fc382,36
4,60a9e54a-665d20a6,37
4,896b4e9f-1d5f1076,38
4,51d5661b-eb7ac233,39
5,3a945cdf-83eb2f60,0
5,5ee342bd-a236cc6f,1
5,aaa76e5e-14b26fff,2
5,51046fc1-f4f5bb98,3
5,5f2102b9-c6deea42,4
5,6fa4d060-f9df0ee4,5
5,240ef20d-dc15a654,6
5,05cfafd0-51301662,7
5,accf1d56-0d74151e,8
5,01c5cd64-278f8b91,9
5,79c46f68-f762cb06,10
5,4b916eef-3ccc1e7d,11
5,4ee8739a-1176c759,12
5,4c29e447-f770efc1,13
5,03bdc5a9-2a8fc5ad,14
5,12524cde-776fedab,15
5,9e63d4e4-3f966ce1,16
5,08ca479d-bf9a50c6,17
5,183e63ca-72b6b9ae,18
5,20964b40-70cb3058,19
5,1a5d4938-d2818283,20
5,263343cb-2cdfe9fa,21
5,368a24fb-e3e699ab,22
5,274a0490-7d65d208,23
5,a4013a81-66b8929a,24
5,65a5b3b3-fc48406d,25
5,9275c992-3d447943,26
5,1edfce9c-46dd3483,27
5,b052a8c8-19b919f8,28
5,a04783fd-23f2d167,29
5,901d78eb-daf96800,30
5,28e362ca-c1aab59a,31
5,26c3e03a-4f17ab3d,32
5,5aff3f12-398e7584,33
5,2444b4fc-1b1627db,34
5,8f1fc728-83012189,35
5,189e3034-47ed56b8,36
5,6e7dd8a3-4f9c5b37,37
5,4675414d-74f7abb1,38
5,209a67f9-15be67d1,39
6,91017be8-0856d9b6,0
6,338304db-0832ecf8,1
6,8cc99f48-26f92f3a,2
6,18d8d035-ac7fd26d,3
6,9232b180-35f87018,4
6,9f55533d-ec1dce65,5
6,714b559b-fc2f2d2a,6
6,3e0f1745-bc0ceb5b,7
6,1e6a6965-a6c5fb97,8
6,837da339-99bbeed2,9
6,0ed9eca9-3129a53a,10
6,32e9754a-c29ee4ed,11
6,1685d3d8-a2136143,12
6,8460bd49-b2487eb0,13
6,a62e3e25-a2fcd4fa,14
6,4c16e65b-aee2a0d3,15
6,2cafe615-6679e227,16
6,706c8539-9c95ad40,17
6,aabf3e55-a605f55a,18
6,7b635e82-f06f63e1,19
6,66bffcb1-18e0b22f,20
6,72e90af7-9189b1ca,21
6,0252969b-9ba7b3ea,22
6,4b43452a-27b3567c,23
6,12719ee1-9e51cfbc,24
6,959fba65-8710160a,25
6,48ff7a56-7c47d6e0,26
6,8e4347bd-0ffcf882,27
6,1f44d8f2-8b61f64b,28
6,10739276-cbf67694,29
6,2782b2d4-6ea256ed,30
6,6b0c20f3-c8a28e93,31
6,491e39ec-449c856e,32
6,0aab75aa-0d3bd022,33
6,a8d4c108-68947f6c,34
6,46baac44-b3cbf2a5,35
6,3781bfbd-fc18547c,36
6,9c8a5cfa-3a72b61e,37
6,704fb6e6-dd4a50dd,38
6,076260e7-f1202239,39
7,a7ecf098-d95fee5f,0
7,8e4767d2-c3abe500,1
7,75f489f6-6ef3d286,2
7,848fbf26-2f12a4a4,3
7,50bc96df-93fbc6bc,4
7,7b453b6e-a1d6e5a9,5
7,b167e74c-94abe143,6
7,0549f27d-a2302b48,7
7,5162ad94-abc290b3,8
7,66cc1919-a15508b5,9
7,609a8d94-7c5aa625,10
7,a1cae59e-38fccb63,11
7,0442fc4d-cf3c321f,12
7,4e30176a-965bc6aa,13
7,a10eb23f-ce869cc6,14
7,56c6e965-77cbd8fe,15
7,2f072e48-a0c4bd1c,16
7,8e044333-50bbcaca,17
7,8d23924b-12810bf3,18
7,a8c58a5c-dcbe4b52,19
7,8f2e78a7-5a87a90b,20
7,88a38f22-fbbef9a9,21
7,53a79e2d-7d41db9e,22
7,a7cf0e2a-90b77efe,23
7,00225f53-67614580,24
7,26bf80eb-054d18f8,25
7,59b59cb0-edc0b9c0,26
7,92f96077-de125c4a,27
7,6d182008-3a66f458,28
7,10f390b7-0cc747b8,29
7,93409855-2a4e1fbc,30
7,0816a76e-156bcd83,31
7,472f9096-a18b300d,32
7,67712eb3-67218e0d,33
7,aec6a941-bf52b4e9,34
7,b0f8bdf8-f1d06dfe,35
7,1ff3a1da-32705b84,36
7,64446da8-dedb283e,37
7,90a8bbe0-ce6f6364,38
7,45a00149-366dd2f7,39
8,6d18b56d-5795fa72,0
8,8ec82d73-5145b608,1
8,1e348516-97dbe1c4,2
8,7141ba57-a7b64827,3
8,97431a6b-5338aa8d,4
8,85d98b40-0411eb2b,5
8,aa94c316-ef205437,6
8,067bde39-4d800eb9,7
8,417417e3-2e4b7b92,8
8,3d1b4ec2-ab9b151a,9
8,32f70a95-8958c203,10
8,7482ebda-640b5312,11
8,0f2dc17c-ecd6dc9f,12
8,73cc2a01-0c38c628,13
8,47072934-a510d82e,14
8,2cf1f020-3e8ff825,15
8,3b12313c-4c2855d2,16
8,07a757a9-b14e63c3,17
8,49a0a1bd-874fc1c1,18
8,7c002544-1e778049,19
8,50c3b518-75d73d2c,20
8,1ee773c7-822ddefd,21
8,1cbc711c-f0d53a45,22
8,2fa619b6-41d1fd2c,23
8,b189db65-c8a31454,24
8,5afedacd-25c438a6,25
8,73c1de6b-fe2df717,26
8,029ffd50-dc944dba,27
8,25fe28aa-a93bbe3f,28
8,6f569332-4ee56fc2,29
8,4088d823-7d6a3019,30
8,66c2c3a1-4cc41f07,31
8,abf68b89-3b76fa6a,32
8,09ee4058-01014b4b,33
8,89914e6c-f7a37c58,34
8,064283a1-239e39d2,35
8,11607bb9-8473aa7c,36
8,4eb5cb8d-ccc9fb42,37
8,5d7fd231-17ed498e,38
8,6d58f563-8b1c13f8,39
9,7e247ce3-d1bcc5bf,0
9,7f995b3c-6d5dc039,1
9,28ad955f-b5824a3a,2
9,14968e59-32fa4a40,3
9,23e6e46f-d1ed450d,4
9,0e939805-b2355831,5
9,3d46ebc7-43221184,6
9,1ebff716-d0a1e759,7
9,2fdc2a22-cff392e2,8
9,8b91312f-bc537880,9
9,002d290d-89f4e5c0,10
9,2a43d42b-d71f4b38,11
9,0f9fbe4b-081bb395,12
9,10425a11-c4829447,13
9,3055a2bf-b00150d7,14
9,4252b0df-3b9db27f,15
9,744f80bb-b9fd428b,16
9,a0865e82-5bc70afc,17
9,3649d17d-57367a0b,18
9,9865aded-5d455ce0,19
9,59a07de4-5d87b5a6,20
9,16b1f74f-fe7e1032,21
9,8bfda09b-06bf4f9c,22
9,60994578-e50da2c4,23
9,69fa307b-1ceaa7e6,24
9,87e78191-2ee8bd68,25
9,3eb4a409-0171eda2,26
9,58bcaccf-1917b849,27
9,a82112cf-288fc3bd,28
9,64957cdd-1a2c51c6,29
9,768b9de0-aa590c11,30
9,b0536b0f-814f8bf2,31
9,aea878c6-c0471492,32
9,059568a9-2d6cf665,33
9,4702797f-b16dda8c,34
9,9ff95939-f8945c85,35
9,80ba9228-63c1bf9a,36
9,1920c808-f8ba11df,37
9,97a17767-c3abd44d,38
9,9e8da658-51065bd8,39
10,07184fbb-061caa74,0
10,7cd7d67e-772a4e09,1
10,ae3733cf-85524786,2
10,2475f1bd-2c2ad28d,3
10,5696edf3-6d986272,4
10,1d08ef82-e9af6ce1,5
10,aff035da-bc62e69b,6
10,42049d06-cdf07ef3,7
10,0accdaac-c56e44be,8
10,83d5fe2c-fda2518e,9
10,031637c4-655be58e,10
10,08c62946-dca06bcf,11
10,9cda6e3a-eb79e1c8,12
10,789adf67-2551e20c,13
10,0af99ed6-441b82fd,14
10,002d290d-01969e7d,15
10,22ede244-c9037e18,16
10,7f41fc37-b10428d9,17
10,7fc9d1e0-df197020,18
10,7b409e25-4223e811,19
10,8af0541f-0f4deefe,20
10,00b1dfed-a89dbe2b,21
10,9703b3c6-12b67e18,22
10,abfa6816-d22baa8d,23
10,6c22fca9-5decd823,24
10,4e1e3ce6-1fedcd81,25
10,89a3fddd-e777ba96,26
10,16dc91d1-359d4571,27
10,189ca5ba-e7741315,28
10,60a372a9-a7d569ee,29
10,495ff07e-4668f82c,30
10,0a2a1a40-44173767,31
10,7204a601-68ce8284,32
10,897d256c-7ba1adb1,33
10,7fd02bf5-74f6b167,34
10,060fcfc7-3b5551df,35
10,4d62e0a0-9df8740f,36
10,6f037304-1ffb5a79,37
10,aa3a87c4-88fe3933,38
10,507ccc81-8c045f8d,39
11,9cd9feae-929f0d6f,0
11,71e2d698-80addcfa,1
11,6ef732ea-6345211b,2
11,a4a7d477-5cdfd48e,3
11,96921113-ba104cfb,4
11,79dc660a-1c757996,5
11,16b261d7-d7841968,6
11,88023479-200178e4,7
11,7e1da0dc-fc3fa088,8
11,00810e80-37641274,9
11,45adc379-1b03b36e,10
11,a6007cd7-99a6a4d9,11
11,1cf47899-fc17d2b1,12
11,91231a79-75980890,13
11,0070bc56-401304be,14
11,661281ca-d55c914e,15
11,49b7c606-212409cb,16
11,994e914e-0fca9347,17
11,646bb1c3-a6519748,18
11,3ad63190-f544ae35,19
11,97df0f9d-6f174f53,20
11,8e25619e-d48873ea,21
11,96cc83d2-23b211b3,22
11,391d1700-731a1abc,23
11,2f97ca3c-e70f7c06,24
11,6a36f21d-2f08eeea,25
11,8d93a0ea-a4abe61a,26
11,8cca40fe-1aeb237b,27
11,939c8914-ca0a2c7b,28
11,a5cf3c3f-d1514cad,29
11,525df851-6aa3e2ee,30
11,99c2a804-aee080ad,31
11,0d6403cd-48cc88ce,32
11,37ccc21b-bcf7cfa9,33
11,7a536ea9-85ca35fc,34
11,6fe7d6af-2867621a,35
11,6c5fe5a6-e3b003ae,36
11,46c82d59-eadcd656,37
11,3c248fc6-4c165b75,38
11,017b02cb-8a659756,39
12,161c532a-d52f9f62,0
12,799f1faf-e665683f,1
12,0035afff-434368a1,2
12,52074ade-52d7ea21,3
12,9c58bbf4-7098538e,4
12,661a6b0a-bf5b14a6,5
12,1beffe1b-e06032f1,6
12,0c9b8dc4-764097f0,7
12,18b78953-52b46a11,8
12,14e2e878-c5793ea0,9
12,4cca28c2-f7dd09dc,10
12,5d95ec32-e30b3ebb,11
12,a4c2949b-597d2d9d,12
12,040dfa50-4082932d,13
12,5af52d67-de2ce960,14
12,490ba810-f9e9d331,15
12,800e31d4-99a9985e,16
12,7751b61d-43453ffb,17
12,8d18f11d-2d2299e7,18
12,3d793e45-3693b5c2,19
12,a8960a86-3551b9fa,20
12,06910fd8-abbaeaf1,21
12,939840d6-a7c62d84,22
12,ab9c9554-e89927e9,23
12,5cbb394d-412f0ee3,24
12,1875b775-b008b7c6,25
12,161386ee-7094ac7f,26
12,25793877-32fb1789,27
12,0c4cbdfc-1441a0f3,28
12,8906fbf3-92aadb9d,29
12,696b91dc-d7f53dc0,30
12,0a514790-e4c8e3e3,31
12,a7bc16b1-02201c37,32
12,2aef52cc-52ceef98,33
12,098cb40b-d772f705,34
12,30bccc7f-d39d86f6,35
12,ab2579c2-b37b188c,36
12,801a73d9-73a139c9,37
12,01e0535c-fe710ab9,38
12,21dc152d-82d560bd,39
13,7576a8b6-9050a21e,0
13,8cef0284-8d4848ab,1
13,1daa0af5-a19a1273,2
13,aff5ee2d-7f65e92d,3
13,11dc1774-e8ed82e7,4
13,7a5488e4-1cb183e4,5
13,0e960c8f-dbbc5517,6
13,162995f1-691e9bb1,7
13,8efe1c05-3a194af2,8
13,0924b40b-748ac7ce,9
13,4cb947f5-0fd657bb,10
13,53e40c87-289400a1,11
13,083174cc-0249b0b9,12
13,867fad2a-8d4a5639,13
13,2b217f9f-524ba336,14
13,79c9cb54-66aa715c,15
13,44477cbd-eddb8b67,16
13,8a4da632-94a3122a,17
13,8cf4c763-08e9e623,18
13,59049402-58403b7f,19
13,94fc6cd6-456a52df,20
13,a26ad712-e63153c7,21
13,827202ff-3a98a6fd,22
13,73254f9b-2eb5899d,23
13,48144b9f-903561de,24
13,5dc66a4b-5c93c458,25
13,ac986974-e4216e76,26
13,9e75b2a9-c53123f0,27
13,4810d209-1b358a2a,28
13,31c6e31c-b6e497af,29
13,2b009473-3ce5bf8b,30
13,9b20ba66-27e8f649,31
13,98b93727-11574286,32
13,6eccd771-8674c853,33
13,6661b604-5799fd74,34
13,4871558b-10a4d514,35
13,a65d7ec1-3cce56c5,36
13,1951ea4e-6954acff,37
13,07c4f10b-f7d92a3b,38
13,7fc2028b-98f3e987,39
14,73815ea4-3ef9c67b,0
14,2d378761-a768f035,1
14,225d1e9e-e12350d1,2
14,a525336f-612f949b,3
14,667a2928-72855fd0,4
14,3f6c60ae-57508591,5
14,8aee5862-8b6452a1,6
14,2cb6069b-e5b337aa,7
14,6afdb366-6ebe8c41,8
14,101c7d35-0a5a4619,9
14,76fe3a3f-a175c2c8,10
14,618d3a11-7dbfd307,11
14,015af63d-df1ef690,12
14,099601d0-ad286389,13
14,0518ba57-72c1da70,14
14,aafe19f7-65e55519,15
14,8e1d8d90-bf850bb4,16
14,1eb312f2-4d1926fa,17
14,4cdef661-757632de,18
14,9e422278-026c502f,19
14,321e83d7-c332dec7,20
14,08ffb626-1c25b2a4,21
14,6d0d7bef-b4cc0870,22
14,49c3c0b4-331118ab,23
14,82f03471-8e304dd5,24
14,35eb46d0-8f7e28a0,25
14,01688cf2-237fbd49,26
14,89536b8a-a4159b08,27
14,456ccd07-75cb5b78,28
14,00488a66-6c729bde,29
14,7d30ede8-a6b3f4cd,30
14,6fb7db1f-0b2c8ed4,31
14,16504799-d9e25a40,32
14,15e7be3e-782f8931,33
14,78830bb1-b1be850f,34
14,5ed739dc-c1db7b8d,35
14,34be0da6-8504161c,36
14,5224fc13-f784b7dd,37
14,2f26b25d-772824ed,38
14,307a8634-efee153d,39
15,51070f11-5ebc48ed,0
15,0bc66c92-dfef0a1e,1
15,4a833a8e-1c0d1149,2
15,adfc8f5c-8bd2f72d,3
15,a4fd746e-e96045aa,4
15,8809e525-11741788,5
15,8d9a9d66-1c5d5f51,6
15,9a69f129-316fe1b6,7
15,9ad35342-2ce58c89,8
15,3e8a5dd2-87e5c8bb,9
15,293b7fd8-5602e91e,10
15,2666283c-ba4e366e,11
15,2bce8bd7-88404ac2,12
15,2ae2f166-b6694292,13
15,7832aaf8-5f3e4055,14
15,4c33891e-05589a7c,15
15,56c7d131-9a215f14,16
15,4524d988-efcd7a18,17
15,ab6ef7c8-55ada375,18
15,26b10fe1-c5e9394e,19
15,6eb9c67a-7f07c56f,20
15,5e893d6d-da28a143,21
15,9b8de371-cc7d066a,22
15,40d8d820-4d476158,23
15,2233ded5-e632af44,24
15,1cb2a89b-4594573e,25
15,0d65d38e-a38ffc77,26
15,5803c4e4-955f88c5,27
15,577ce8ae-9a7b507c,28
15,26b1d7ee-85f00601,29
15,374fe8b5-46928374,30
15,3d46ebc7-f7c70a0f,31
15,4aa600db-2921062d,32
15,46d048a1-6e44105e,33
15,8e724539-49c24d0b,34
15,9e7d51b4-a63f2ae0,35
15,1b27dd9a-43a445d7,36
15,2fc878d7-e6704b4f,37
15,97ea269f-7f483b5f,38
15,71048668-319315f8,39
16,85944b35-2dc03569,0
16,036f3b5f-ee1521de,1
16,0a9fa549-8ed0921d,2
16,64dd6bc9-c2f7f4e3,3
16,ad7bd963-796bf7a5,4
16,3ec933bf-9ec3dec7,5
16,2eaa3322-52bab8a4,6
16,91e99bdb-732f6085,7
16,571f7885-8ecfc675,8
16,142afb64-9267d0fe,9
16,a4b35e35-ed756e6d,10
16,60464e08-edbffb72,11
16,25ee162d-ec0bb587,12
16,837d0518-d3b6d89c,13
16,a8d310d8-045f88f2,14
16,38f57611-eac67ac6,15
16,4a449457-edf641ce,16
16,3ecd0fef-646c5868,17
16,500f3e75-17604917,18
16,9d562bf8-f3d7714c,19
16,8244ca6f-e3587a54,20
16,6b4fceba-db13cf78,21
16,16b0973f-cbff1683,22
16,58aef1c1-ec50fdaa,23
16,80eefbe3-d6d41af2,24
16,5be0bc7a-0efa5221,25
16,752bc1e1-f476a17c,26
16,19d41896-bec9d0b3,27
16,50b5bf96-9acb3cb1,28
16,230e84bf-c487b206,29
16,015fe6c9-e880c0d7,30
16,176c2e34-a2ba2aff,31
16,8da31f5c-7b8d9f7f,32
16,4e803148-e8831620,33
16,148c8320-f10882e3,34
16,12cf075a-b1142689,35
16,544c166d-292d75f3,36
16,189d3882-df76d54f,37
16,8fd8011c-bfa80b15,38
16,26059667-8590eb29,39
17,13f151ef-a9fdf19e,0
17,33136733-7f3bd68d,1
17,73743df4-87863454,2
17,53e9d896-a6453777,3
17,55f1e41a-5862e89e,4
17,847068d9-b928421f,5
17,3c87d4cb-b6d2ec9c,6
17,450a85eb-e058df70,7
17,378a87a8-8e72b43d,8
17,3447e66a-c5221ce4,9
17,25a19fc3-3174e62f,10
17,8b8ce47f-714e165f,11
17,4db94910-308fd7bc,12
17,480ae680-dc669b57,13
17,8aae1f5f-69656ece,14
17,68195187-ca7da0e5,15
17,408cf8c8-33b540e3,16
17,5de867a6-9d6f6c8d,17
17,778b3ea7-526106c4,18
17,4acf1374-24d997be,19
17,94462286-7a4095c6,20
17,3c38af0c-0ea93e9a,21
17,8be12561-23fa3721,22
17,306ae952-b55601ab,23
17,132a6855-befebf75,24
17,47094ac8-3fac2406,25
17,2b46c270-27e6b403,26
17,716ffad7-97f14077,27
17,54473ead-6296d645,28
17,245ddac9-4737a7f8,29
17,3c3f0a35-ea2a0dc7,30
17,088f9e4e-64c3714f,31
17,198a70bf-60ea3a5b,32
17,7fc227d8-a671f8a9,33
17,14d7f440-023142b7,34
17,9edd7133-c0342102,35
17,887c925b-989bc280,36
17,8d650dac-398eaea9,37
17,881bc3ed-3f5e4043,38
17,26059667-4784d2c2,39
18,a24eac0c-a8609796,0
18,4a3a27a6-4eb574dd,1
18,8a5099af-0a8d8747,2
18,4c5fa2e1-7bb680dc,3
18,019167dd-0f84c4b3,4
18,366d352a-3278a837,5
18,099071e5-fae1033c,6
18,6bbb63a9-5b1e465f,7
18,7683a5a6-08a57d2e,8
18,1eb61f89-b5f415a7,9
18,451d9692-ffcd17f6,10
18,889c2364-d04ef053,11
18,a3b95c37-f12b1f96,12
18,6c1648f5-da2720dd,13
18,1517f29b-82485d80,14
18,100a3dd7-edc04608,15
18,b0b5ee1c-1a8474bb,16
18,7915a908-d2ee29da,17
18,86f64ddb-0d9c9367,18
18,5804addd-f4ca5184,19
18,46dd9b4b-40645433,20
18,2222be72-7cb9859e,21
18,89e30786-0ba4fd51,22
18,9b8d3806-2d361609,23
18,136f1c91-5737eb93,24
18,50f58729-985eafee,25
18,6e981bf5-1775d4cd,26
18,a85edde3-c0460f2e,27
18,73c477a0-075785bc,28
18,4a18f193-8df5253b,29
18,9d9de4ce-c79fdc51,30
18,0f442be6-83bdd3cb,31
18,9c70dfb5-abc3ff03,32
18,716d5043-7019bf42,33
18,97a3b099-9050c208,34
18,a9860c27-5c7f1ecf,35
18,1b86a40d-72043b93,36
18,2a13f82e-a9d9f5dc,37
18,2be251ed-db8f0d7b,38
18,802d208f-005b7317,39
19,6c411bfe-7a0ee5bd,0
19,37cfa143-9d1d059c,1
19,4f8674c9-20f4692a,2
19,61d98c07-5e310579,3
19,3aa51ecb-f07cb971,4
19,0e1d00ca-c5faefa0,5
19,9dcc44ab-2b52a462,6
19,b0d85b9e-6e5bbd47,7
19,01c9d396-c1de70b1,8
19,2fa21b62-ce98f86e,9
19,72e1e45c-c2e71257,10
19,55ca5d19-5caf96b8,11
19,524c80fc-8c758b1b,12
19,59c39a32-00807d9a,13
19,538cfd52-a6f252dc,14
19,56917886-0a6182a3,15
19,5b35242d-b90cd5e7,16
19,8e0edb4e-0acf1471,17
19,01dd2e02-88356eaa,18
19,5b0398dd-212359ed,19
19,3be55027-b17a9869,20
19,33164552-01b6e821,21
19,4de3cdac-ca1ed2f0,22
19,97ea269f-467e9ace,23
19,7912b525-85cead41,24
19,7e181b3e-1f551cf0,25
19,1c6157d2-a9bf18b7,26
19,632d623c-3f2fb9b5,27
19,238d4825-1d51b4dd,28
19,a2aef3f5-090e1183,29
19,8f9f6932-1fc2f877,30
19,4725bf9d-10b5c166,31
19,63613d1e-a0a4ac96,32
19,03db7788-676ec086,33
19,704f40f4-479de60e,34
19,17cea723-b622fe45,35
19,875442bd-3a064de5,36
19,a98e2bc9-43687654,37
19,8304e339-c0e75b18,38
19,7d77aa05-6577ccf5,39
20,27b44665-c8c03420,0
20,416f3188-9b16acdb,1
20,55db0860-2ccefed7,2
20,5afc9a88-8308e23a,3
20,285561bb-9a678f6d,4
20,22a46d64-8f02a982,5
20,9f7256c2-98a0e7fc,6
20,676e8e8e-9ad661f6,7
20,01c5cd64-76bf9abb,8
20,a626b698-e10058e6,9
20,a2cac0a3-2b228d9e,10
20,919a795a-d2888f81,11
20,6e27adda-2740c708,12
20,34388031-cb06ab9e,13
20,94103de4-89a68d84,14
20,87b7ff1d-b143ba0f,15
20,47a30f89-d0b83dd7,16
20,787f769e-46f6731a,17
20,5db5eb44-eee6a826,18
20,054cac12-f2db8cc4,19
20,11773b3e-b7282c87,20
20,7171644d-5dd413d5,21
20,2e2a4b74-d9b11f19,22
20,1c22af9e-99ea0ace,23
20,109d5675-ccf79e0e,24
20,03d75135-70681f68,25
20,7513fc19-164f6f0d,26
20,4e2d2b5b-5525c1a4,27
20,935ed19a-9fe5a456,28
20,2d765c3b-78834627,29
20,727d4435-cdf31336,30
20,9fc3ff9d-aef2d3be,31
20,90dc82ee-cabb2d13,32
20,8755d714-5558a47d,33
20,5aa2ffad-34915e9d,34
20,a252f799-7a6b42ae,35
20,ac4c4b03-8f1d48b0,36
20,96422c61-13d324c1,37
20,80e92fa5-b47fd56e,38
20,8d03d761-386b132c,39
21,4e6b4d5c-966e4c74,0
21,a230d7b0-b379f362,1
21,6df0259a-92a8fe57,2
21,075a00f3-150c70cd,3
21,a2f97de3-afdca487,4
21,0c0eb90b-fade0f1e,5
21,1bddb2cf-f2cd68b2,6
21,42a37082-2dfcd1b5,7
21,060c3ea8-e0626114,8
21,7c1228f7-f441ed1b,9
21,6c5b9651-42ec9c0b,10
21,774dd393-78a4f1b0,11
21,81f36593-b0deaa42,12
21,22ee8aea-75d8ba25,13
21,aa6cef25-1d0b717d,14
21,380c9675-862df717,15
21,2b217f9f-ec3a4a64,16
21,659a7a5e-dcbeb239,17
21,0c2f33b9-8361f99f,18
21,aba3dbb1-04739842,19
21,87a9cad2-9aa4ba97,20
21,04f43439-ff0a3170,21
21,84f900b9-d47c5543,22
21,4a1ff325-6ac2c766,23
21,1f75d1a8-ffae5c41,24
21,99111627-955d95e4,25
21,a46f6196-a3a79cff,26
21,9f2879bf-7ce4d6b5,27
21,2269cd4b-d06d5b33,28
21,a7d937c6-5e6668e2,29
21,392fdd23-b737f0e7,30
21,046a65c5-1d4ac419,31
21,b1a64baa-4d958a92,32
21,4a571782-6ba17f0b,33
21,1f5efe2c-5bd6b60d,34
21,9319f916-8bee357f,35
21,07db090a-3abe99ae,36
21,6f4f8ca8-71a888d7,37
21,4af6bbc9-958032ab,38
21,4e227e97-0613d6a0,39
22,67c665d7-662c6e08,0
22,8e720571-0f24faec,1
22,0b8d1c37-c3fa8173,2
22,4cd5c4d3-935c6463,3
22,5205c74c-cba68560,4
22,3cadcaf7-0870abc3,5
22,076399f2-ec0a8baa,6
22,04951646-f75fe20d,7
22,57d6e0af-3d4c1631,8
22,8ff1126e-dc6ba847,9
22,2dc30b68-f145293e,10
22,282ad270-449af315,11
22,af822d18-a1941ada,12
22,476130ed-41d78235,13
22,b0f8bdf8-9c23483c,14
22,2e817b1a-c1b550eb,15
22,7132a766-f5060371,16
22,1e538e6d-b4cd450a,17
22,4f5e448b-31f1f53d,18
22,7fba2f2b-747d3ee6,19
22,78ec6ac7-c1a4a725,20
22,a8290840-b4240b53,21
22,14b824f6-5f861e86,22
22,553e2f37-5279ec2b,23
22,97871f2b-3a62b6b9,24
22,2eaca1db-0b8ea56a,25
22,4a93cba4-c010cf30,26
22,0fa7d0a7-03302fb1,27
22,7a4a4071-3a6702a4,28
22,3b5c97eb-9d985c5f,29
22,1f2adee2-d0541020,30
22,02506726-7d5fd8d1,31
22,2f25b840-10d6c656,32
22,a974e732-742d63e7,33
22,7ea4433f-ec0b141c,34
22,ad515c74-079be542,35
22,54835810-e7e333d2,36
22,91cd51f7-645f2248,37
22,3cac12ea-1b7750d8,38
22,8e1f1d03-fac49634,39
23,451633ea-2bc0f850,0
23,6db1f612-7b5b9a78,1
23,066112a8-cdf390dc,2
23,4c10a05d-00e026cd,3
23,722610e8-4c49826d,4
23,19e40aef-58135da0,5
23,5dc66059-d726b149,6
23,191d17e1-aaeadac1,7
23,03ab1996-e21eb257,8
23,386988a0-4a84dff2,9
23,05391f8a-3a0f7deb,10
23,a02e533a-a06d0fd9,11
23,1ca994b0-0f49760c,12
23,630448c9-990a7d80,13
23,7cc97a0b-203efcdd,14
23,a5f49541-a4da9df0,15
23,2109d6f1-7f9e9696,16
23,254769e3-07e4686d,17
23,266e6076-7448b442,18
23,a827fa2f-98cf1fd8,19
23,802a9b30-7152fee4,20
23,592c2746-8027a043,21
23,666c8980-08d68a2f,22
23,489d04df-f177e80f,23
23,262aa0f6-fdb8a12d,24
23,6886b3d9-6ab2cf0c,25
23,736e39e8-6a62adb4,26
23,0c044a1d-3713f14f,27
23,693291a7-2b9ea31f,28
23,25462f72-3382a4aa,29
23,85c0abbe-b6b24eda,30
23,62816ae0-3d4081f7,31
23,61476119-26b76d06,32
23,84c59ad5-afb48e1f,33
23,213bfba3-f72a2717,34
23,7d30ede8-5b92ad13,35
23,45a2b455-5be1181d,36
23,76aae047-0d56844f,37
23,adb9b134-8a100233,38
23,5af9da26-3a5172e9,39
24,5370d7b1-ea9f415f,0
24,166cfee3-421e6a94,1
24,1f6f73d6-fccee93b,2
24,39a1e605-4a8d7426,3
24,1e7af489-5b17e3f3,4
24,28e9d4a5-0230a80e,5
24,8828e0b6-62cbb696,6
24,17591d6a-c1899e22,7
24,55d9b098-08d679a4,8
24,9b0bf112-5edbe682,9
24,56b19131-df289919,10
24,27128f7d-c3473419,11
24,6e350065-f48f8a21,12
24,98ad9f48-e479153d,13
24,5f6ea38b-a9d452b7,14
24,6d81ae43-65f44c0c,15
24,556f8b51-8f5caf2b,16
24,a7c1bdfb-3c5c1ec6,17
24,51cdb6c5-1b9eb0de,18
24,37f8f5a8-9d1969de,19
24,b187a91a-4203ee44,20
24,02f48a74-f9aab55d,21
24,90e8d8bc-4e708568,22
24,26886a79-349631cb,23
24,4df0ce35-7ab4997a,24
24,7f7bcf94-8ff29d8c,25
24,af19a342-a20fac1d,26
24,97fdaad6-9e4bc3a1,27
24,6e094f33-72a006a2,28
24,27a3bcc5-9b16d9a0,29
24,7fc2d1ec-ff0a4d74,30
24,a4ef8112-22f6783d,31
24,0ad99aa9-20ddd733,32
24,4739f8a3-5796830b,33
24,508a00dc-1815378e,34
24,74263328-a1d4e13c,35
24,1059840e-b6090d3c,36
24,74bf2c3e-bd716668,37
24,745b4cd1-fc4fbe24,38
24,60c73907-07d5e0e2,39
25,a12f3888-45ca0552,0
25,4e4235db-c579d916,1
25,177b957f-fc7b8fac,2
25,07a3281d-b545682b,3
25,5a0aad14-41f0fef9,4
25,42ef7f63-a2be6906,5
25,8c7b5aed-4efca596,6
25,4ec1139a-f427a969,7
25,7991f057-5e013e50,8
25,64efa139-26d26563,9
25,3b8fb951-9104d3b9,10
25,7c5acdff-08d68f34,11
25,396fadcf-a33e3cd2,12
25,7f717928-047f851f,13
25,6020a5c4-dd6351af,14
25,8432aacf-362225ce,15
25,b05dc32c-67820f44,16
25,905f2f88-f33a22f2,17
25,8dea0766-5feddb0c,18
25,3bf59ba4-7c35588e,19
25,6be44b9c-111a4bff,20
25,8c763a00-e49152b4,21
25,4e4bbf1d-69160cc1,22
25,af5e53ae-4d471df3,23
25,2fca17db-427053cc,24
25,9b18aec9-0286008a,25
25,85dc764c-897f92ce,26
25,353e5825-a5267efb,27
25,a8c900e2-d8b2fd87,28
25,327504fd-026f1be8,29
25,63d0e465-1a526700,30
25,2e40dcb9-6bf701e0,31
25,40cc8928-4ead92c7,32
25,8ec8ab14-4643cadc,33
25,a69fda4d-705025e9,34
25,6e6b5cd1-f096e5a2,35
25,3a7640bc-7b97c6a4,36
25,07af84f8-7657a1d7,37
25,579c51a2-1481956c,38
25,19146696-880eaf49,39
26,a87d6c9b-8a0330a0,0
26,6fed4e85-a4650237,1
26,3e1a7d8e-2e900b59,2
26,4df1cd14-074de148,3
26,488d2f73-a3eeae96,4
26,4794d81d-608d2396,5
26,36da4059-8a24f479,6
26,9964f1cc-42239eac,7
26,06727591-f55ebbfa,8
26,6257ad11-f7dfff9a,9
26,24d241f0-a4da71eb,10
26,219a2aac-f5a249ea,11
26,9d630706-fce0421a,12
26,3508eee8-ee65f0b4,13
26,01dc1bbe-b5109eb3,14
26,50018050-7d760726,15
26,8c32d413-1be6e5b1,16
26,9f20d1b9-faff5a29,17
26,6fce3cb3-341f03cd,18
26,6dc4ec46-a6d0c439,19
26,1beed53f-d02fafd3,20
26,598b9219-20698d42,21
26,72adfeea-50d29232,22
26,97ec4014-6626aa52,23
26,72424707-3e4b23ae,24
26,0ffaebd2-055be37b,25
26,99267ac5-d1d37e06,26
26,38e561dd-8ea8ae2d,27
26,38133aab-156f3461,28
26,a6061b4e-3aa640c3,29
26,937a7fdb-161ea269,30
26,621efc01-1c5e10a8,31
26,127c71e7-f1de101d,32
26,0af30faa-3a2e26aa,33
26,aacf31ff-58ff6281,34
26,2763dbcb-970e878b,35
26,1641fb3a-dd850748,36
26,228330f4-1199dc8d,37
26,aa94c316-a3dc9cd7,38
26,8aa5e6c3-dd2092c3,39
27,af9e76ff-13058740,0
27,8fd69adf-9a18687c,1
27,73cf2c9b-037a2c81,2
27,17c59195-1aa18a25,3
27,1f917864-dc698739,4
27,6914985e-bf1dcd0a,5
27,89385f9c-445d36d6,6
27,8458980b-16905123,7
27,1ae8e362-c0a0953c,8
27,2633cc07-e2291b28,9
27,166cfee3-4c276df6,10
27,8927942d-69322886,11
27,54ea59e9-03f50358,12
27,0289eba3-1c552656,13
27,3edc07cc-37600375,14
27,34485a53-b990a6df,15
27,a760566c-e45f4302,16
27,17c7477f-2c62952e,17
27,69d8fcb1-f5406be8,18
27,7dbfe929-1c8edb39,19
27,13da2ce3-36faada3,20
27,407888b5-d3ff5b0f,21
27,87e613f9-610f1fc9,22
27,8c6e67a5-b23c2901,23
27,a0642326-3fe1c32a,24
27,953d4355-da3c7e25,25
27,1a8d12f7-a60d9f53,26
27,707fcfd4-f0fcc90a,27
27,42958e9f-e5c62dfb,28
27,910af9ab-9d577465,29
27,152c045a-99f708bc,30
27,4cb4a6b4-55a6d365,31
27,0877376c-dc2a22e3,32
27,04348402-062a4eac,33
27,2efd46af-dc693102,34
27,3c3f0a35-42357719,35
27,24894c5f-bb572090,36
27,33e17d30-348532a9,37
27,7bbd1896-e2c531d4,38
27,676104f3-7aa1cf1a,39
28,082f557c-43996efe,0
28,5e68fc57-8130d9cf,1
28,3ef371bb-2f4f7562,2
28,34b55e78-3417c352,3
28,0b3d2eb9-39a83a6c,4
28,2275f544-acdbc568,5
28,1f5c7112-478a5fd8,6
28,039cb0e4-e0dfa14a,7
28,a0227bd2-a85c5fb6,8
28,55c52f00-56a78bc5,9
28,9f1c0e29-0569c43d,10
28,94e6b404-c7d5e59f,11
28,347eb7ec-c791af09,12
28,4bf68024-947df510,13
28,68d6cf18-8433bd32,14
28,a2da6f41-8c7ae3e8,15
28,30db74a7-06bcbe30,16
28,569d591a-3d85e8fe,17
28,80226c1d-22a0f485,18
28,a809642f-3c19d609,19
28,80bfd95b-e4360051,20
28,42f355a7-44f9a0ff,21
28,162d8d65-96bf071f,22
28,9efbb74f-411e0a00,23
28,537e9acf-19987756,24
28,b07e8864-3410383b,25
28,91dac181-97d3c266,26
28,3fd4504f-2890656a,27
28,394d3b06-d20bb22f,28
28,4d7e9c20-1cafe574,29
28,5262ac9b-1e7c910d,30
28,4187ddbd-f43fcf5f,31
28,6e7ab19e-a71fe8c5,32
28,67a1498c-a69eff29,33
28,8d3b4a1a-47f2196b,34
28,a3c02a4e-6d85bc5c,35
28,718ecb9c-ad2e21ef,36
28,983c1a88-12858b8d,37
28,5c2571d9-172edd23,38
28,0d0e0415-608418c6,39
29,26864e86-b868a869,0
29,622af22a-a98ff126,1
29,994e914e-2ee2552f,2
29,4f921e05-f687b4a3,3
29,8dbb49b4-c08a1614,4
29,193fbaca-8e3aaa2a,5
29,720fb8d3-6bdde58f,6
29,4047c5fc-2f9bb053,7
29,91f20f10-172bdd36,8
29,74b36c56-dd8ba7d7,9
29,7f172e7f-0c68083c,10
29,44c8ef75-37dd9bc2,11
29,61973260-8455795e,12
29,421a5b35-7a15e185,13
29,749d76f5-977704df,14
29,6527ea92-c5403474,15
29,62808319-bfed3453,16
29,32a3e967-3560c67b,17
29,fdd8110e-17baca48,18
29,1fd0d71c-2f80a5bc,19
29,2c1320a8-db00ca7b,20
29,97680b82-d5c3df13,21
29,0da3848e-790a3ca9,22
29,9845788f-a45831c5,23
29,1f13032d-3997033f,24
29,a0e710fa-80afe29c,25
29,0974fe56-47a20400,26
29,55c1b915-57f947dc,27
29,5749b012-42587de2,28
29,6a387b0b-32fa2535,29
29,11e60919-a44a764e,30
29,9ad35342-94d62fe9,31
29,247fe4dd-4145941d,32
29,3ee6752c-98a7e0af,33
29,a6d3e858-8dae0bd4,34
29,5b54f9f0-848cd09b,35
29,4eb89747-3f37b95c,36
29,3735fc3d-69d8b80c,37
29,6c0cc8ca-d7e7f554,38
29,63d85c31-490b8748,39
30,1f13032d-547b0157,0
30,10c72910-55102d2f,1
30,27eee4c0-67eaa7dd,2
30,2e40dcb9-1e10c85c,3
30,5d27f0e4-56996797,4
30,881f5a59-44ef8d5c,5
30,03c594dd-223f1467,6
30,80d817fe-18e0755f,7
30,30d85926-26c398a9,8
30,9818c3d7-59ee18bc,9
30,981a7423-abd04451,10
30,64481db7-2f122956,11
30,8b619ae0-46eaa657,12
30,5fffab8c-8cc12f7c,13
30,0a14abcb-e1a9d5d9,14
30,8130a2e6-010db92c,15
30,836c81e2-27e17b01,16
30,9ff1eb06-cb44aeae,17
30,5209b54b-b806e5d4,18
30,21378e5e-4b3afbf5,19
30,9ad1abc4-bed868c6,20
30,5728ab3f-60c67ae4,21
30,19c84c85-73488a15,22
30,5a3ec0d1-fd955a31,23
30,56f9f2fd-05696818,24
30,8735afd9-8c402cce,25
30,a6c18729-cbc129ff,26
30,7090c632-654e83a1,27
30,5d8bd5e8-74073e60,28
30,3bad9f24-235436ee,29
30,7b8a90c2-2f0bfd7f,30
30,7e91cd21-784a2b80,31
30,9d121b3d-083909b3,32
30,4f17a11b-e4d75dd2,33
30,a85c36c1-c4af57eb,34
30,3a07484a-45aec5a8,35
30,77e31dd7-2e2ec5d3,36
30,46ff8b9f-b8711c72,37
30,6fd8a887-8907e2f6,38
30,1f8f289b-3ae59c8a,39
31,3aacd216-04f4b521,0
31,23df65bd-d25cfbb8,1
31,23485050-d64cb66c,2
31,124c7772-819763b8,3
31,9bc8e2a6-bf4131e9,4
31,5241f0a3-dea7b773,5
31,0bf2ff3e-62c584e1,6
31,4ed2c9b1-66fa66ab,7
31,07f2751a-3b403333,8
31,80d85939-c474f88c,9
31,57b9ccc1-45befc5b,10
31,999d99fa-6bd7c5a8,11
31,5f79f1c3-c9e3ac97,12
31,5a640a85-fa9e8a79,13
31,74c17dc8-9b6316d9,14
31,60d69037-efb45ad8,15
31,93d5292b-4995da4a,16
31,3639f034-19dd660f,17
31,77b0cddd-a519ce5c,18
31,518a19b7-d2aab341,19
31,2dce1efd-57bb2536,20
31,6ae14c60-18075ac7,21
31,67506ce5-ce3fff00,22
31,ac63801e-659cb226,23
31,0da5c7a9-6a5b3461,24
31,0efcb4ab-1489cd03,25
31,6044e1ff-19e40dbf,26
31,8cbeefc0-51f7afc2,27
31,9fc1ebb8-bc5e24f1,28
31,07f4db9c-f73bc890,29
31,02514ff2-5fafa3bc,30
31,a4ffac5d-209f9c6e,31
31,59827fa9-5ed9c70e,32
31,45abce86-082ac457,33
31,594214bc-75cf790d,34
31,00313a01-b53a2998,35
31,9c68d3e6-38b058d0,36
31,22cbb1db-46b93e2b,37
31,0ecebc1d-0f060556,38
31,33fc5de1-dab3ea3e,39
32,01ef5ee9-5fb62089,0
32,6b74025e-dcd47285,1
32,b15cf23b-43af79e6,2
32,267c2c2a-0eac343b,3
32,1247ac44-e3fe7b94,4
32,4672aff0-9a2a95ab,5
32,032164cf-79aca73b,6
32,2b48e850-b7bf4508,7
32,4a1ae22d-bf6773e0,8
32,91b71d29-c33b3d11,9
32,2f40e933-9b90fcfd,10
32,4440f321-f78894c5,11
32,13e1012d-ca99099e,12
32,0d182655-24b40141,13
32,91ae8324-e502c427,14
32,89762660-6c1569ce,15
32,17dd182d-1df6245c,16
32,2547516a-4ae50091,17
32,86dbe784-3a25e2d8,18
32,678e3653-758c95ce,19
32,4bec5ef8-6907a912,20
32,854b2039-f1ac34a9,21
32,39faea1c-78fe85eb,22
32,42cbff23-9151eec6,23
32,6f50ac18-5c97d737,24
32,3aed4a89-513ea3a9,25
32,29b1f3be-b6ea4498,26
32,9b4bbc7a-bef8188f,27
32,288874ba-568faa6f,28
32,6756b171-a426829e,29
32,1e1cf714-a33c13f2,30
32,4961a3e9-fddaf280,31
32,acfa843b-0e33d282,32
32,61402d74-0d9e4e45,33
32,49c9fb1f-69cfc62b,34
32,0813b764-ca9bd8c3,35
32,5ca490b4-ef154db0,36
32,569c9c8a-4223979f,37
32,75b2517d-d49ae334,38
32,8d9fc9a6-becf5db1,39
33,115d9e12-ff1330f3,0
33,770b4b7c-dd594299,1
33,47572038-ac255b6f,2
33,a71249f3-d5b57b0f,3
33,7a98b718-c1a3f9ad,4
33,b1a88bd8-61495a70,5
33,247fe4dd-cdccc1f7,6
33,12a6dd7e-875c78d4,7
33,355f56e4-79270c66,8
33,3b048843-2b28098d,9
33,176348dc-1b94ce8f,10
33,a3bed343-3e7e3ec7,11
33,75449565-1385ffa0,12
33,66cbb16a-ebf4d058,13
33,698975fb-7d39a05e,14
33,7c2f6718-df0d7e5d,15
33,aee0a8e9-565c7351,16
33,aec5f038-1b0ab085,17
33,9e31f6be-4bb25ddb,18
33,740fc94f-9641ab7b,19
33,5c2c14e7-13102eec,20
33,6e09c027-a27c96a5,21
33,1127aff5-4ca99a83,22
33,88b3eeda-2fb96f90,23
33,6bc164ea-4e2eb388,24
33,221d41a3-d572723b,25
33,80f80015-f03899f5,26
33,a4472f58-321beec6,27
33,52e05a96-6f686f32,28
33,ac284c2c-b5c1160e,29
33,6f950c73-5d0dbca2,30
33,adb9b134-2937d690,31
33,6909b650-1295da22,32
33,01d3a4d7-7940d3f0,33
33,5b657f4e-e666e2a4,34
33,2a83318f-b9c8a4a8,35
33,05e8aaf8-05073090,36
33,4a83cb52-00d64095,37
33,5615435d-8a5bc722,38
33,734b1c05-e0fb0b72,39
34,72ecaceb-c09febc7,0
34,3998ebd0-7fd575dd,1
34,68930b82-89f59985,2
34,abd3d256-ebe632c6,3
34,54e31991-42bd3669,4
34,2332ba2c-b36eb695,5
34,3f764719-feba8758,6
34,7d25cfba-781979af,7
34,223046e4-c0fff9d8,8
34,5ee6af4d-b34992f0,9
34,b0620cfa-3b082657,10
34,9572ac3d-dc8ec97b,11
34,84b0b9cf-d566ba9e,12
34,9e8bb853-394bc81e,13
34,04433ba1-ff80ef56,14
34,a9318dc1-bb3f2b85,15
34,af0c7640-cbb7f197,16
34,1103db68-8d22b5db,17
34,66767024-c5ae0e14,18
34,84ab2b93-901e84e9,19
34,01d07f62-d1b665f0,20
34,65ee894d-f740d9ca,21
34,a3ca037c-98c66c3f,22
34,39ccdf51-c9c7bd64,23
34,a04fd823-f4316125,24
34,7a1e61c2-a36663c2,25
34,2bedfdc9-efe2f9e2,26
34,961550ca-5c40ea7b,27
34,572d01f8-9325a0ce,28
34,985cceef-042438d1,29
34,a2a8d23a-90b0b3df,30
34,ab623d1c-8331c905,31
34,95508ad5-7cf0bd45,32
34,09d56f56-ba04c262,33
34,0a8aa157-cbfd9075,34
34,27634030-ab913c76,35
34,604b5b3e-5e4709bf,36
34,3777317a-f7fd7fcd,37
34,a7c0f19a-8613e48b,38
34,3dbf3a40-87f02874,39
35,09297ff2-504a7e21,0
35,0229e497-f4eed706,1
35,58ff7092-0167b0d8,2
35,2ce5e0fc-1772f36a,3
35,a05d278b-0438b1cf,4
35,592f9298-143e9854,5
35,3d156350-2c801abc,6
35,3ebd63dd-73c0e162,7
35,7ffedde7-ec67d0d6,8
35,4b7be9e9-7cfb3d23,9
35,9368c730-dc7e4369,10
35,aed501be-5e68b62c,11
35,2e5202f4-5e455554,12
35,5b768991-e6fbe336,13
35,6301e7a9-470cd7e8,14
35,467008a0-a754c564,15
35,16576334-c94a48ce,16
35,70cc96e1-ca70dad2,17
35,93c85c1a-d511a66c,18
35,0f066a3f-6bb90c52,19
35,32cb8c9f-96b4deaf,20
35,6f0ddc7b-b66a1bc3,21
35,86a58133-b8c4504c,22
35,aa94c316-a6b98b9c,23
35,0e4acdbb-2403b10e,24
35,273baddf-9b671d37,25
35,7daa6479-0f05dcd6,26
35,a9bb5c36-da9abac3,27
35,38fb00c8-a76d07dd,28
35,6b99163e-ab30caad,29
35,54f98a28-7341436f,30
35,73de06e0-76337bbc,31
35,64378469-3e85f90e,32
35,932cc34c-f1e4028d,33
35,5169e5fe-51a9f065,34
35,2514832a-585b1f67,35
35,8248d053-7b1bff70,36
35,01fa77d0-e86c6400,37
35,31f600a8-b2ddb858,38
35,45c47d38-372c92a2,39
36,5b7f03ae-b9ae416a,0
36,2c7b691f-3cf0110c,1
36,33fe529e-191a2404,2
36,2fac89c0-82fae456,3
36,82628a98-c9e4448d,4
36,a1d310c1-f91b4d67,5
36,93bebc60-cbb33d52,6
36,a280fd31-8d656d14,7
36,7f33699c-c97e7def,8
36,addf601d-9d9f3530,9
36,22e0e1fe-fe984d67,10
36,81775ec4-3cd81f0c,11
36,a82a436a-c450fe85,12
36,3b44ef5a-174e59cb,13
36,72073364-db8d2a95,14
36,08f90823-bf09bf13,15
36,26ec3747-3b97e634,16
36,6d226a88-3259dbe4,17
36,86b4613b-1e87621f,18
36,43ce0876-14a217f5,19
36,58095711-d9e6185d,20
36,9c34c10c-3367f216,21
36,2880b229-d27d5285,22
36,98d776c2-7cd304f1,23
36,ad97c85e-4feb58f9,24
36,04488604-f1028b71,25
36,51fff027-6598c54f,26
36,049963e5-5cc062fc,27
36,48b670d4-380fb7ad,28
36,30be4575-69161fa6,29
36,99a773ae-3f14ef91,30
36,69c6bf50-ebb4f16a,31
36,3be85fbd-90f01076,32
36,8525f181-8fdadf33,33
36,62122540-d5edf41c,34
36,1d358439-ec7c13c3,35
36,60567bc8-bb78e5c5,36
36,1c522a69-00786fea,37
36,2d89f625-e2456491,38
36,aa0ed70a-40ba2a43,39
37,532e48a3-8043a239,0
37,212b39e1-dec5ebae,1
37,0eedd3ae-5a3422a4,2
37,0a851459-0fb97708,3
37,6c4b534d-3b1d9f8c,4
37,7740055f-1dd675a1,5
37,0a69167f-810d2c50,6
37,a632c1ea-8962a3e5,7
37,9f146e06-f3dd3853,8
37,546e09b5-d9a85f66,9
37,6f1159b9-0dba62c8,10
37,940c8a6b-3e1f8e2f,11
37,5069db50-cc414bca,12
37,af915d2f-8dacdb73,13
37,9565ff21-7d101069,14
37,8dd58869-e17f73bb,15
37,95b2574e-16be35e1,16
37,5fe5a8bb-dab6cd96,17
37,396fc04a-818eb7ac,18
37,998c9461-0eacb300,19
37,081a6c67-82777b9b,20
37,ab6484d0-11843447,21
37,53f57c2b-9655f823,22
37,6814dd32-e3330a78,23
37,93fee591-e9cfa6ea,24
37,6f0ddc7b-0061c7dd,25
37,4c5e0683-f34aac0e,26
37,46cbc483-23a98ba5,27
37,8c7a80b1-aecda545,28
37,13c4cafa-f978d206,29
37,207056d6-9179f1e4,30
37,7f35db1c-a83e52ba,31
37,1f082727-8e52883d,32
37,5e874875-96187abc,33
37,59eb15e7-cbed5a43,34
37,9d0198f5-2f7356cc,35
37,31fbd037-d38ec5e3,36
37,33a093ec-1e240f9f,37
37,202d68d3-3ae2300e,38
37,8f84be8d-a7405bb6,39
38,28c472d9-524d1ac1,0
38,40d3db54-5bbb0a43,1
38,562315a3-4f29a217,2
38,24c8a32e-0854668a,3
38,4b1eb448-684ca0de,4
38,79f7920c-ffa394a5,5
38,3b6ecbd7-f11a3c29,6
38,625b2313-d45e467f,7
38,65c9caec-1246658f,8
38,12503fc4-ad0a4d0d,9
38,a7205dc8-9e789d18,10
38,58ee04a1-7912e53e,11
38,af822d18-510b4d41,12
38,81071563-61ccec30,13
38,93c503fd-317911c2,14
38,88c5daf5-682560c6,15
38,7aeefe72-9410a31b,16
38,a7a09e09-3eca5a88,17
38,0c4a61e5-6ee964a7,18
38,94031aae-1ed1bec1,19
38,3dc0b377-5c7d0b94,20
38,6b7c238a-7e8efb03,21
38,8fddcd64-41f5795c,22
38,7f7d5f32-19e900ef,23
38,6fc343cc-1a64c5cd,24
38,530984a5-dfb97471,25
38,5c90f193-d516e4e1,26
38,a1481062-e4196e20,27
38,9a94f9e8-571e108b,28
38,09285422-34367b36,29
38,225b6a36-42684f83,30
38,3ade1ab9-f0217b9e,31
38,b1bcb694-60230b8f,32
38,6772a795-6cca5220,33
38,9ce064f0-1d7e49d8,34
38,01aeb4e2-7d6000f2,35
38,40f7d574-2b4b84da,36
38,383b8f88-51760e79,37
38,1c8f3e12-dd87a418,38
38,33660f30-80665c65,39
39,532a3238-e69e1928,0
39,6eedec8f-7716f4f3,1
39,8631c26a-63cd2f54,2
39,77ea33be-9dc15e00,3
39,4bd1326e-7e7d4b51,4
39,10956fd3-b88e468e,5
39,a024f4d3-3fa18a28,6
39,0c6b43b7-4f5b8946,7
39,a48fd21c-253fd831,8
39,a5c23928-7ca89884,9
39,4f6bba37-7627b573,10
39,0178ff32-d94d3509,11
39,96138048-b3d0492b,12
39,1721e81d-47aacefb,13
39,a073e87c-c52c474e,14
39,4c92ac04-f8b48689,15
39,56280dc2-201dd98e,16
39,80d5022e-2b13bb00,17
39,7bbdc0ce-2866a1fb,18
39,0e22a049-f16ffd7a,19
39,a0f7de25-a5b1ff4e,20
39,191476d2-4602a04f,21
39,39426425-f5380d09,22
39,4f992c45-5de29e14,23
39,7204a601-5bed616c,24
39,6e3854b3-4a282f8b,25
39,6b5cffbe-e8633646,26
39,0a14a567-fdd08dd2,27
39,7a42ea9e-7167b9cc,28
39,07454314-d5919c75,29
39,ac14a783-95921667,30
39,397cfb2a-77707f3d,31
39,772ac765-2294f0c4,32
39,78091312-43f3912f,33
39,50cb34ee-95b50bef,34
39,8023ddb5-8713becc,35
39,9e663dc4-76234e28,36
39,99f408cc-644d7321,37
39,180e2832-ea8e1342,38
39,01a54273-6df5e1d3,39
40,a2c45d10-cea2371d,0
40,47406510-0f63ac41,1
40,542229b3-a3f281ab,2
40,8b8ce47f-5e11de03,3
40,7076a6f8-f2cdcc13,4
40,33bd5349-561369cd,5
40,2e607256-de6bb71f,6
40,3c0f8d74-912208b8,7
40,3262196b-a043aaa4,8
40,933a5cbf-d985041e,9
40,4e1049b1-2fdfde92,10
40,7cb493d0-8bb7ae7b,11
40,14143b8a-92df0f1d,12
40,0a4773b8-309d2347,13
40,957e6dd4-a28fe3d4,14
40,3edb2cb8-ccb5ca6c,15
40,8a2cd07e-e4d2708f,16
40,708e765c-a87d7522,17
40,55f91f93-d813dc22,18
40,1e0ede7d-56d8db86,19
40,3bce0a5f-832e4e77,20
40,32863fce-77912506,21
40,1fd74d4b-87e75447,22
40,0738f42e-fe0d895e,23
40,7cf3b20f-21caa746,24
40,a2813a80-1821383f,25
40,1c7f0606-228f835e,26
40,56ec17da-d3e37678,27
40,4ea3afd7-003990da,28
40,37fa1619-a3d26d65,29
40,7e73817b-4150b731,30
40,6d4a38ac-8351f306,31
40,187d6f73-942e5d7e,32
40,0723c4dd-7a1168dc,33
40,705c3239-65da600a,34
40,4bf06d83-dfacf517,35
40,4eac556d-b50b9f54,36
40,4c9eee02-2fd69c1e,37
40,afd26592-649c6e1f,38
40,9eee1816-545dc1ad,39
41,3fa8ca05-290679f6,0
41,593feb7a-0fa12680,1
41,91e99bdb-080d3867,2
41,0cc88ec8-c13edc7e,3
41,49d72653-917a788e,4
41,08f7bc96-150878fe,5
41,4abf640c-14b27c2d,6
41,a627675d-d825dd27,7
41,5a7a606b-7a1c9cff,8
41,2d3d1e90-a84ceb1b,9
41,1639f49e-d216bc9a,10
41,76116b8c-65a04467,11
41,4f0ab457-8de93929,12
41,0f91b26f-5f941fe9,13
41,1dec3031-dc80ec63,14
41,571ee3a5-da424cf8,15
41,8389454d-03ccf1fb,16
41,2c0673b0-e05b6671,17
41,288874ba-d525a879,18
41,87ac2328-86dcbde6,19
41,52bb10a6-e62ae69e,20
41,444ed260-97f3119a,21
41,7d2925db-a67cd311,22
41,5699f28b-7b03f391,23
41,448a9a40-e84093f1,24
41,0141ab5f-fc9afdd2,25
41,8bce5963-8984202d,26
41,aea52e65-751d574e,27
41,54ea1a40-ec05fed9,28
41,2955f187-37742a2e,29
41,47ca146d-dd0dd2d8,30
41,6a516dde-992ea965,31
41,63323349-8322e406,32
41,747d8591-52c82cb2,33
41,51a79f7c-9389f699,34
41,1f4114ae-e5d1e8b3,35
41,7f460b5a-34ed6bfb,36
41,4331550a-9e23e129,37
41,616c6563-cd86f2d3,38
41,2350e884-c7a76aeb,39
42,12cc2fa2-dd5e47b5,0
42,5b7255d9-8ccbc102,1
42,78ef6a0e-fb29a9ca,2
42,601a445d-2fbbcb1f,3
42,14020ffa-fa5624f2,4
42,172682ff-26404872,5
42,36e33098-604c6db3,6
42,0573ac53-a5fbd3f3,7
42,24929ae5-60b17ea3,8
42,596ac512-13462e23,9
42,89b577e7-92a7387e,10
42,19d390d6-b11cb0ab,11
42,7554131a-6fa923df,12
42,9685fffe-8a512938,13
42,17d0af3a-957bea34,14
42,33d93585-cb412a17,15
42,7ed684c5-97f8c437,16
42,1c9c98b4-d4e9baef,17
42,75565ab4-b8705539,18
42,55619894-21b24992,19
42,167feb6c-3617fb96,20
42,a0e25eb3-bf0c5450,21
42,a5cd924e-046e3bd7,22
42,7cea6905-6f44a4b9,23
42,a802bbd4-52f6961f,24
42,33da35db-0036df5b,25
42,23baaec2-976e1ba7,26
42,5891bfaf-042a1693,27
42,99491000-617be918,28
42,35f4dc75-88229f04,29
42,7a3a5a4a-404486a2,30
42,36824007-098b5b92,31
42,02c14339-b5be3a6c,32
42,14f486e4-e257b366,33
42,810dfc9d-2b5b2f17,34
42,04c1cfb5-ed7febf9,35
42,8bd4ef13-05cfdafb,36
42,9113c998-05680347,37
42,9948d09e-c031e817,38
42,2fe8c6a4-d0d1c53d,39
43,40094bf2-66c5e482,0
43,a58615a2-7bec79ae,1
43,233abe47-4d52ec19,2
43,7f5c68f2-d7625274,3
43,377d682a-8a6098d3,4
43,0ea1c25a-f3e28278,5
43,a5ffb322-7e39de03,6
43,19527092-fc2f3a9c,7
43,ad86e2f6-8f2d12cb,8
43,2f4f7d55-1af29f7f,9
43,231e71a1-022c23f6,10
43,7b61b26f-cb798f10,11
43,83a207fc-d9c7b6ed,12
43,30fe07fb-34cc148c,13
43,376f4ad2-7482040a,14
43,2821e9df-057ce1d6,15
43,2fce6d20-cdc22d03,16
43,83497790-90439d24,17
43,1c84fc3b-a5bbf7c2,18
43,72f59e81-38573298,19
43,66ef0e87-0af31fa5,20
43,51a83958-a9561b0e,21
43,9fea41ff-333a880f,22
43,a299ebe1-71854403,23
43,51f12bb0-26b94db3,24
43,948fbe10-ede1e6ee,25
43,33aed49b-39532d2b,26
43,98713760-d8008495,27
43,891f1410-0da5658e,28
43,90da6c4e-f79175fd,29
43,38ebbd50-1a18ef77,30
43,a12f1d14-1c6a524a,31
43,af263edb-7586cfa7,32
43,1b3534cd-4bf64c1a,33
43,9720bb13-c8dbc10c,34
43,2ea1118b-c446e4a3,35
43,29ae1b51-bbd6bda2,36
43,333e504a-1c683f61,37
43,9b4dfe7e-6880b134,38
43,4e3102a7-44404f1c,39
44,6008b5fa-586ec689,0
44,6e226836-7e1c8e31,1
44,67f4ba10-40627405,2
44,a68b0982-3904da71,3
44,23acb43c-6d927878,4
44,3e7bfef6-a762a09a,5
44,82f02089-00122f57,6
44,24acdf96-4caa3ae9,7
44,4531e5e4-d8cee423,8
44,8840ea56-36431cc0,9
44,80af9d8e-0ad885e1,10
44,9ef8e327-9bb0541c,11
44,6176fd1a-5e9de061,12
44,1a7b81bb-b8441441,13
44,7490eb1d-3f4681dd,14
44,0bf38594-f286ef43,15
44,5d446bb3-b0ac2128,16
44,a3984ec1-164fb2ee,17
44,4dcdae73-97297d07,18
44,215b7b34-864de34f,19
44,09d9403c-f3d80edf,20
44,44a821d7-01ab29ef,21
44,fe08d8ac-62a9c9a2,22
44,7ee5762d-5c234b66,23
44,770da829-0fee4eeb,24
44,9b25dbe0-4e50a1c7,25
44,22afe949-954a315b,26
44,424d14b4-66494942,27
44,1524c1d3-0ffd0905,28
44,9a33b7f2-98e9eece,29
44,ae53d22f-c11a5b36,30
44,28e54af2-7b5333ed,31
44,6e350065-7cc7152c,32
44,9a15a41d-dce988e9,33
44,a76544ff-6110aa53,34
44,3ec3648e-7179cabe,35
44,3e3414ed-dbb81fff,36
44,86b26fe4-d3c2a5c5,37
44,62c4bc87-d906c84d,38
44,2fcdfba1-c832900d,39
45,95c23524-2ebbce20,0
45,77a415ba-b79d291e,1
45,86f1017c-70bf8abd,2
45,296a1206-48f93cea,3
45,ae4894e7-c940908f,4
45,44a6a7cc-1631402b,5
45,9f0b18b9-0142af6e,6
45,ad6e96c3-a44ab0aa,7
45,051d857c-faeca4ad,8
45,8a9b95b2-4aca8d0e,9
45,a789ebc2-d25ff11c,10
45,4c657544-b7ca096c,11
45,b0feac4e-dec4abcc,12
45,7fe89c56-368b6289,13
45,54df2fea-eb3b7643,14
45,277b6193-38946528,15
45,78b703a0-f60ea894,16
45,23d12210-313ea2b1,17
45,6c900194-30d4a502,18
45,2163d684-5706e745,19
45,7f612394-470922d6,20
45,0da39fcf-11f92e00,21
45,5bad77f9-4187b793,22
45,206c132d-f8d63644,23
45,81624ec6-282305f3,24
45,2b6f670e-767bbafd,25
45,0defd558-a1a00719,26
45,3335c6f0-89a09723,27
45,ad09d71b-a89d030e,28
45,06031175-b4b8a11e,29
45,510671e9-40fe8fdc,30
45,5d67edcd-dea5fab7,31
45,14e53fe7-e129adb4,32
45,7e60bacf-49b9ecad,33
45,31a9e4c6-35a4982f,34
45,5452c901-fd91f4d7,35
45,6c0df875-9da3fbfd,36
45,5f41955b-8bfeae19,37
45,8b91312f-06ef3059,38
45,a1a5edd5-3b83a1a2,39
46,1ac73a1f-20dfc834,0
46,84f8a309-7e350137,1
46,0c4103d5-2ec4a811,2
46,862c1782-88a7f34d,3
46,26750c68-88700906,4
46,9c28931a-576996c0,5
46,abb39e70-299100eb,6
46,8830ae55-92c79f24,7
46,0f1976f5-fd218772,8
46,828387f9-1e2659f7,9
46,0989aa44-195340c9,10
46,00eb41b2-6bbff2ca,11
46,9d4070b5-3dd79d59,12
46,83ce8270-b1b93376,13
46,443cd57e-23e9ba5b,14
46,61f2bcf2-f7dc76b0,15
46,ab94c663-193dc15a,16
46,41a2b4ac-ebf2547b,17
46,121f7fbc-08249914,18
46,1113ee7d-44d2eddc,19
46,1a8d12f7-82d13d55,20
46,945c998d-e4de5eef,21
46,995d9406-969c7e62,22
46,3cb30f5a-87cad549,23
46,7b5f177f-4e09a678,24
46,b0083e0e-039bd239,25
46,ac14a783-cb7e0718,26
46,50170d78-ff70f913,27
46,1db78244-333df7d9,28
46,620dca78-0765d733,29
46,7e247ce3-a53d803c,30
46,9587d2e0-2c70883c,31
46,a991cc64-3678a35c,32
46,84f7032c-af18bb38,33
46,471a5cf2-20f6f0a1,34
46,07ce2f8f-44e5f0d4,35
46,87a9cad2-a1655d97,36
46,a50dde0c-8602d26b,37
46,5119076b-7b1ab84e,38
46,54e06da7-41adab9d,39
47,4905d28b-beca5f2c,0
47,41a26bf7-a31b3354,1
47,8f75d407-3999cf0a,2
47,85a7f518-aacbe735,3
47,288ef68d-208fa56d,4
47,11efd6f3-40005ab0,5
47,23333f35-0cbc3f0f,6
47,7d6b4c94-63809ebd,7
47,6d65fdc1-946872bf,8
47,88ae33f9-ea40905a,9
47,3a13f98f-539228c1,10
47,6e0fa2a3-c63c1082,11
47,04f42daf-79929978,12
47,778bf1b9-6c11788e,13
47,66416770-3d64f9d0,14
47,6a286fbc-19955645,15
47,2142a211-d837a284,16
47,3789d9db-6f929af2,17
47,05d34177-1375d272,18
47,7a60d76e-54bf7fa0,19
47,005645a1-dbe34c9d,20
47,3bd0de2d-eb2d97ae,21
47,40e2ff23-9c5af41a,22
47,a5288a08-4a692f25,23
47,19f25f4b-885f614d,24
47,67d809f9-ccbeadf8,25
47,8ea55db2-401fc301,26
47,7a3cb391-c99a68dd,27
47,60f2ba76-7349f7f2,28
47,6b39f11d-f52dcfa9,29
47,859095cc-9eabf45e,30
47,4526bdb6-c0647dc0,31
47,48b670d4-117af5c5,32
47,7429f9d9-92843dfd,33
47,b0ee0090-15dbc61e,34
47,a48f662d-f81e3ebf,35
47,3c0e7240-3fa41758,36
47,8ceca92a-600d3410,37
47,95ef64ef-f33f5167,38
47,2939d86c-b246b835,39
48,20085fbb-a8666fb5,0
48,281517cc-6d0d1c8c,1
48,6e16a30a-acd722f3,2
48,a85cad42-337048b5,3
48,380623f8-90d36c0d,4
48,adb8124a-93eb12e5,5
48,99838734-bafa8602,6
48,4c1b0c9a-5396ee91,7
48,8ffcda2b-f3289af2,8
48,5fc14564-49b1edc3,9
48,09541f45-0814ce05,10
48,25e9af6c-55d50b8a,11
48,1eb4f683-14d77823,12
48,847131ac-1d4d2047,13
48,5cd3eb73-ee1c61c8,14
48,166bf91f-f9120afa,15
48,0bc0b27e-a94dd126,16
48,9069f036-bd5bdfa7,17
48,9e9b30db-425fc99e,18
48,347f5d1b-1473e105,19
48,a71e9118-deab9a74,20
48,147a3073-0233348c,21
48,a288a070-09816b70,22
48,5072810b-d44545bf,23
48,5e4c5063-1d616229,24
48,072ca47b-0cb52c7f,25
48,82ddd3dd-3ca229f7,26
48,94e3f21d-5dab3edc,27
48,0a4773b8-ff24b5af,28
48,018d962a-fd869a57,29
48,13838cf7-e6449430,30
48,470041b8-5d18f350,31
48,7641514b-653066d4,32
48,77be17ad-671c9025,33
48,5df0ac06-c63c3588,34
48,87e613f9-723f02e7,35
48,184764e8-5208ea8c,36
48,572d01f8-9eb94ead,37
48,663c372c-de2089dd,38
48,26bd4851-fb48f355,39
49,0b7ed7b9-7cf25a7b,0
49,55f2b162-faeb7e7b,1
49,1ebdeb96-f0e5a740,2
49,2fdcceaa-cb6559fe,3
49,7048fd62-7abce5a7,4
49,12b21211-b3f5a042,5
49,45ad1aaa-c9178764,6
49,73fe8b3d-e69fe0a8,7
49,265589be-dfb150b6,8
49,97ebfc80-8b024f36,9
49,581707a1-4a77a578,10
49,2860d6a8-0bd080ad,11
49,90e9b389-ab37fa46,12
49,4caf3105-e6e850ed,13
49,29053385-30e3138f,14
49,3b874ad7-49d2890b,15
49,a40d32ca-440bb5a1,16
49,42bd9103-b64a4c8f,17
49,61c7ff94-e02db0ca,18
49,87ef20d6-a4861700,19
49,6016fcef-5ba196c3,20
49,ae8cd6f9-73e10281,21
49,1d4a2cd0-387e3cbf,22
49,6f37a960-e9043940,23
49,57165857-38c90f65,24
49,87c1ae7e-0ed7e2d1,25
49,95508ad5-bf3a0513,26
49,39165768-a26dad86,27
49,7feb332a-57a34568,28
49,a4586b3f-a6d18939,29
49,3ad7cbf3-cf32af7b,30
49,743f762a-dda5c625,31
49,014f61f0-c93a2f84,32
49,527ca02f-1c239447,33
49,b112e05e-6069c67c,34
49,8e3b268a-2b112b66,35
49,8f3e48fb-346cd874,36
49,14e52a40-b5da3db2,37
49,2415a26c-b9beccd3,38
49,30f0a60b-6f21d405,39
