method,seed,budget,image_count,group_count,total_GT,empty_GT_images,coverage_total,coverage_per_image,coverage_recall,quality_total,quality_per_image,legacy_TP,legacy_FP,legacy_FN,precision,recall,F1,output_records,K_mean,K_median,K_min,K_max,AP,AP50,AP75,AR100,model_variant,solver,training_target,mask,source,source_method
FULL,530101,10,2000,50,29966,3,13974,6.987,0.466328505639725,8661.604737210308,4.330802368605154,13969,6031,15997,0.69845,0.4661616498698525,0.5591402153464357,20000,10,8,5,48,0.16003198482243755,0.2619450914829073,0.16284179294138476,0.21851180327695402,FULL,EXACT_DP,PREFIX_MARGINAL,NONE,REUSED_P1,LEARN_QUALITY
FULL,530101,15,2000,50,29966,3,16674,8.337,0.5564306213708871,9951.075655748646,4.975537827874323,16655,13345,13311,0.5551666666666667,0.5557965694453714,0.5554814394823734,30000,15,13,5,50,0.17277695224534528,0.2940131801583264,0.17027327672942555,0.2575431591304431,FULL,EXACT_DP,PREFIX_MARGINAL,NONE,REUSED_P1,LEARN_QUALITY
FULL,530101,20,2000,50,29966,3,18114,9.057,0.6044850830941734,10590.391272260485,5.295195636130242,18088,21912,11878,0.4522,0.6036174330908363,0.5170511391247177,40000,20,18,5,50,0.17725168837905708,0.3057400084575714,0.17334962513102106,0.27776026922681146,FULL,EXACT_DP,PREFIX_MARGINAL,NONE,REUSED_P1,LEARN_QUALITY
FULL,530101,30,2000,50,29966,3,19825,9.9125,0.6615831275445505,11333.552659435993,5.6667763297179965,19790,40210,10176,0.3298333333333333,0.6604151371554429,0.4399439788364493,60000,30,30,5,50,0.18142742796744332,0.3157361214737855,0.17613424241563225,0.30330395463123505,FULL,EXACT_DP,PREFIX_MARGINAL,NONE,REUSED_P1,LEARN_QUALITY
FULL,530101,40,2000,50,29966,3,20648,10.324,0.6890475872655677,11670.531570549734,5.835265785274867,20614,59386,9352,0.257675,0.6879129680304344,0.37491588309113727,80000,40,46,5,50,0.1825414059959759,0.31909825362501903,0.17672512042816757,0.31249501591140383,FULL,EXACT_DP,PREFIX_MARGINAL,NONE,REUSED_P1,LEARN_QUALITY
FULL,530102,10,2000,50,29966,3,13935,6.9675,0.46502703063471934,8671.077856292712,4.335538928146356,13928,6072,16038,0.6964,0.4647934325568978,0.5574990993875836,20000,10,8,5,48,0.16085447240740183,0.2633935581412383,0.16373233724930297,0.22181245786875733,FULL,EXACT_DP,PREFIX_MARGINAL,NONE,REUSED_P1,LEARN_QUALITY
FULL,530102,15,2000,50,29966,3,16585,8.2925,0.5534605886671561,9912.351613093528,4.956175806546764,16567,13433,13399,0.5522333333333334,0.552859907895615,0.5525464429843577,30000,15,13,5,50,0.17259460743507146,0.2930941531420336,0.17060055421136094,0.25897731439350746,FULL,EXACT_DP,PREFIX_MARGINAL,NONE,REUSED_P1,LEARN_QUALITY
FULL,530102,20,2000,50,29966,3,18074,9.037,0.6031502369351932,10606.36390073265,5.303181950366325,18048,21952,11918,0.4512,0.6022825869318561,0.5159077266100677,40000,20,18,5,50,0.17758979941826017,0.3059894607134072,0.17393203373478097,0.2806119283490177,FULL,EXACT_DP,PREFIX_MARGINAL,NONE,REUSED_P1,LEARN_QUALITY
FULL,530102,30,2000,50,29966,3,19842,9.921,0.6621504371621171,11332.209415545494,5.666104707772747,19808,40192,10158,0.33013333333333333,0.6610158179269839,0.44034413000466843,60000,30,30,5,50,0.1814542678570926,0.31631739269241077,0.17597513302861187,0.3036834671642128,FULL,EXACT_DP,PREFIX_MARGINAL,NONE,REUSED_P1,LEARN_QUALITY
FULL,530102,40,2000,50,29966,3,20640,10.32,0.6887806180337717,11662.48207829367,5.831241039146835,20607,59393,9359,0.2575875,0.6876793699526129,0.3747885710128585,80000,40,46,5,50,0.18252674294973034,0.3190849600737696,0.17671563459475456,0.3122365295240785,FULL,EXACT_DP,PREFIX_MARGINAL,NONE,REUSED_P1,LEARN_QUALITY
FULL,530103,10,2000,50,29966,3,13960,6.98,0.46586130948408194,8662.982971480345,4.331491485740172,13953,6047,16013,0.69765,0.4656277114062604,0.5584997798502982,20000,10,8,5,48,0.16095609381993028,0.2636681465956186,0.16368385755474543,0.22066675980098155,FULL,EXACT_DP,PREFIX_MARGINAL,NONE,REUSED_P1,LEARN_QUALITY
FULL,530103,15,2000,50,29966,3,16654,8.327,0.5557631982913969,9940.894609368246,4.970447304684123,16634,13366,13332,0.5544666666666667,0.5550957752119068,0.5547810425908014,30000,15,13,5,50,0.17283578589718315,0.29417351056482927,0.17100054525288522,0.2591669799351031,FULL,EXACT_DP,PREFIX_MARGINAL,NONE,REUSED_P1,LEARN_QUALITY
FULL,530103,20,2000,50,29966,3,18123,9.0615,0.6047854234799439,10600.123469605936,5.300061734802968,18094,21906,11872,0.45235,0.6038176600146833,0.5172226510019152,40000,20,18,5,50,0.1774173870240224,0.30583716411778383,0.1737508926120823,0.2791438331635624,FULL,EXACT_DP,PREFIX_MARGINAL,NONE,REUSED_P1,LEARN_QUALITY
FULL,530103,30,2000,50,29966,3,19850,9.925,0.6624174063939131,11347.279921019475,5.673639960509738,19816,40184,10150,0.33026666666666665,0.66128278715878,0.44052197496832135,60000,30,30,5,50,0.18149242431047444,0.31636607637039094,0.17600212090230802,0.3041136918484698,FULL,EXACT_DP,PREFIX_MARGINAL,NONE,REUSED_P1,LEARN_QUALITY
FULL,530103,40,2000,50,29966,3,20667,10.3335,0.6896816391910833,11673.260719238298,5.836630359619149,20633,59367,9333,0.2579125,0.68854701995595,0.37526144444646525,80000,40,47,5,50,0.18257298224645166,0.31955504040064986,0.1767219806745087,0.3123508122454258,FULL,EXACT_DP,PREFIX_MARGINAL,NONE,REUSED_P1,LEARN_QUALITY
S_ADAPT,-1,10,2000,50,29966,3,13818,6.909,0.4611226056197023,8402.066259577055,4.201033129788528,13811,6189,16155,0.69055,0.4608890075418808,0.552815914822079,20000,10,9,5,32,0.1536753879858031,0.24878108559773923,0.1568156295322357,0.2034422345381616,SCORE_ONLY,RAW_SCORE_EXACT_ALLOCATOR,NONE,NONE,REUSED_P1,S_ADAPT
S_ADAPT,-1,15,2000,50,29966,3,16452,8.226,0.549022225188547,9705.779354615213,4.852889677307607,16432,13568,13534,0.5477333333333333,0.548354802109057,0.5480438915385385,30000,15,14,5,46,0.1685191775022739,0.2849258121710403,0.16727555168259428,0.24420169058950672,SCORE_ONLY,RAW_SCORE_EXACT_ALLOCATOR,NONE,NONE,REUSED_P1,S_ADAPT
S_ADAPT,-1,20,2000,50,29966,3,17867,8.9335,0.5962424080624708,10380.293765631246,5.190146882815623,17838,22162,12128,0.44595,0.5952746445972101,0.5099048109081553,40000,20,19,5,50,0.1744860246975717,0.29901577228025406,0.17116692875010614,0.2672592834262313,SCORE_ONLY,RAW_SCORE_EXACT_ALLOCATOR,NONE,NONE,REUSED_P1,S_ADAPT
S_ADAPT,-1,30,2000,50,29966,3,19630,9.815,0.6550757525195221,11211.049687507597,5.605524843753798,19596,40404,10370,0.3266,0.653941133284389,0.43563123846786567,60000,30,30,5,50,0.1803682958358143,0.3139704567143455,0.17552992658206243,0.29675315738757413,SCORE_ONLY,RAW_SCORE_EXACT_ALLOCATOR,NONE,NONE,REUSED_P1,S_ADAPT
S_ADAPT,-1,40,2000,50,29966,3,20527,10.2635,0.6850096776346526,11605.621806984349,5.802810903492174,20494,59506,9472,0.256175,0.683908429553494,0.37273339032064456,80000,40,45,5,50,0.18221589970405566,0.31836874187893793,0.17662584047580418,0.3100090143564497,SCORE_ONLY,RAW_SCORE_EXACT_ALLOCATOR,NONE,NONE,REUSED_P1,S_ADAPT
NO_EMBED,530101,10,2000,50,29966,3,13927,6.9635,0.4647600614029233,8646.18304896792,4.32309152448396,13921,6079,16045,0.69605,0.4645598344790763,0.5572189088580234,20000,10,8,5,41,0.16047994178884284,0.2637378226563515,0.16349420915677032,0.21981577980961647,NO_EMBED,EXACT_DP,PREFIX_MARGINAL,NO_EMBED,NEW_ABLATION_P0_TRAIN,
NO_EMBED,530101,15,2000,50,29966,3,16613,8.3065,0.5543949809784422,9902.541269547786,4.951270634773893,16594,13406,13372,0.5531333333333334,0.5537609290529266,0.5534469532735217,30000,15,13,5,50,0.1724720868967895,0.29353758429981003,0.17022684551428552,0.25746765013933265,NO_EMBED,EXACT_DP,PREFIX_MARGINAL,NO_EMBED,NEW_ABLATION_P0_TRAIN,
NO_EMBED,530101,20,2000,50,29966,3,18062,9.031,0.6027497830874992,10566.200786685615,5.283100393342807,18038,21962,11928,0.45095,0.6019488753921111,0.5156218734814053,40000,20,18,5,50,0.1771056255276639,0.3046444708390841,0.17342215201456454,0.2782161753642911,NO_EMBED,EXACT_DP,PREFIX_MARGINAL,NO_EMBED,NEW_ABLATION_P0_TRAIN,
NO_EMBED,530101,30,2000,50,29966,3,19774,9.887,0.6598811986918508,11309.102382500854,5.654551191250427,19740,40260,10226,0.329,0.6587465794567177,0.43883244781361846,60000,30,29,5,50,0.18139025939575004,0.3159043981344739,0.17610989774797162,0.30331472365751094,NO_EMBED,EXACT_DP,PREFIX_MARGINAL,NO_EMBED,NEW_ABLATION_P0_TRAIN,
NO_EMBED,530101,40,2000,50,29966,3,20627,10.3135,0.688346793032103,11646.141181902345,5.823070590951173,20592,59408,9374,0.2574,0.6871788026429954,0.37451575941654697,80000,40,46,5,50,0.1824901278889711,0.3190317879052165,0.17669287723846222,0.3117693743167211,NO_EMBED,EXACT_DP,PREFIX_MARGINAL,NO_EMBED,NEW_ABLATION_P0_TRAIN,
NO_EMBED,530102,10,2000,50,29966,3,13895,6.9475,0.4636921844757392,8635.634649416817,4.317817324708408,13890,6110,16076,0.6945,0.46352532870586666,0.5559780650842573,20000,10,8,5,41,0.1603960853938824,0.2617953366978201,0.16333560943819922,0.2207896588876878,NO_EMBED,EXACT_DP,PREFIX_MARGINAL,NO_EMBED,NEW_ABLATION_P0_TRAIN,
NO_EMBED,530102,15,2000,50,29966,3,16583,8.2915,0.5533938463592071,9896.725901313275,4.948362950656637,16564,13436,13402,0.5521333333333334,0.5527597944336915,0.5524463862855619,30000,15,13,5,50,0.17233924740315776,0.29320031984635664,0.17035245082593276,0.25800940135630956,NO_EMBED,EXACT_DP,PREFIX_MARGINAL,NO_EMBED,NEW_ABLATION_P0_TRAIN,
NO_EMBED,530102,20,2000,50,29966,3,18029,9.0145,0.6016485350063405,10566.857336914258,5.2834286684571286,18005,21995,11961,0.450125,0.6008476273109524,0.5146785581568192,40000,20,18,5,50,0.17706379187317217,0.3046726252663145,0.17339028087559588,0.27902071261151323,NO_EMBED,EXACT_DP,PREFIX_MARGINAL,NO_EMBED,NEW_ABLATION_P0_TRAIN,
NO_EMBED,530102,30,2000,50,29966,3,19768,9.884,0.6596809717680038,11307.811311029851,5.653905655514926,19734,40266,10232,0.3289,0.6585463525328706,0.4386990640908788,60000,30,30,5,50,0.18139670472964078,0.315975924417104,0.1759252034803642,0.30386926796784586,NO_EMBED,EXACT_DP,PREFIX_MARGINAL,NO_EMBED,NEW_ABLATION_P0_TRAIN,
NO_EMBED,530102,40,2000,50,29966,3,20625,10.3125,0.688280050724154,11658.257264748268,5.829128632374134,20588,59412,9378,0.25735,0.6870453180270973,0.3744430096575305,80000,40,46,5,50,0.18258504404106254,0.3192237349478903,0.17683989923949062,0.3126794533126727,NO_EMBED,EXACT_DP,PREFIX_MARGINAL,NO_EMBED,NEW_ABLATION_P0_TRAIN,
NO_EMBED,530103,10,2000,50,29966,3,13931,6.9655,0.4648935460188213,8644.59494146868,4.32229747073434,13924,6076,16042,0.6962,0.4646599479409998,0.5573389905135493,20000,10,8,5,48,0.1604523776228318,0.26444824998915173,0.1626197165689451,0.22007441469077244,NO_EMBED,EXACT_DP,PREFIX_MARGINAL,NO_EMBED,NEW_ABLATION_P0_TRAIN,
NO_EMBED,530103,15,2000,50,29966,3,16607,8.3035,0.5541947540545952,9905.439044943167,4.952719522471583,16590,13410,13376,0.553,0.5536274444370286,0.5533135443417937,30000,15,13,5,50,0.17263658481519997,0.29441171978659436,0.17057395623666818,0.2573176166671861,NO_EMBED,EXACT_DP,PREFIX_MARGINAL,NO_EMBED,NEW_ABLATION_P0_TRAIN,
NO_EMBED,530103,20,2000,50,29966,3,18054,9.027,0.6024828138557031,10558.046758084487,5.279023379042243,18026,21974,11940,0.45065,0.601548421544417,0.5152788497270103,40000,20,18,5,50,0.17698232200051736,0.30477045367273586,0.17300481220364133,0.2776675721727545,NO_EMBED,EXACT_DP,PREFIX_MARGINAL,NO_EMBED,NEW_ABLATION_P0_TRAIN,
NO_EMBED,530103,30,2000,50,29966,3,19791,9.8955,0.6604485083094174,11316.977616775497,5.658488808387749,19759,40241,10207,0.32931666666666665,0.6593806313822332,0.4392548296022942,60000,30,30,5,50,0.1814212330373643,0.31594154393813434,0.17613267092631568,0.3035344413362756,NO_EMBED,EXACT_DP,PREFIX_MARGINAL,NO_EMBED,NEW_ABLATION_P0_TRAIN,
NO_EMBED,530103,40,2000,50,29966,3,20626,10.313,0.6883134218781285,11656.862939412262,5.828431469706131,20592,59408,9374,0.2574,0.6871788026429954,0.37451575941654697,80000,40,47,5,50,0.18252165664429482,0.3190660534284707,0.17671302141591222,0.312242676226274,NO_EMBED,EXACT_DP,PREFIX_MARGINAL,NO_EMBED,NEW_ABLATION_P0_TRAIN,
NO_PREFIX,530101,10,2000,50,29966,3,13983,6.9915,0.46662884602549554,8652.259958490595,4.326129979245297,13975,6025,15991,0.69875,0.4663618767936995,0.5593803786574871,20000,10,8,5,45,0.16003902222599897,0.2622620594353853,0.16299141510726597,0.21802838248245032,NO_PREFIX,EXACT_DP,PREFIX_MARGINAL,NO_PREFIX,NEW_ABLATION_P0_TRAIN,
NO_PREFIX,530101,15,2000,50,29966,3,16690,8.345,0.5569645598344791,9931.96975435228,4.9659848771761395,16671,13329,13295,0.5557,0.5563305079089635,0.5560150752092852,30000,15,14,5,49,0.17234877252024067,0.2931903743552605,0.17051745761466428,0.2567195908820529,NO_PREFIX,EXACT_DP,PREFIX_MARGINAL,NO_PREFIX,NEW_ABLATION_P0_TRAIN,
NO_PREFIX,530101,20,2000,50,29966,3,18137,9.0685,0.605252619635587,10589.70167118949,5.294850835594745,18107,21893,11859,0.452675,0.6042514850163518,0.5175942600691764,40000,20,18,5,50,0.17710126564403952,0.30546066517388104,0.17340110004539036,0.27697785766537664,NO_PREFIX,EXACT_DP,PREFIX_MARGINAL,NO_PREFIX,NEW_ABLATION_P0_TRAIN,
NO_PREFIX,530101,30,2000,50,29966,3,19871,9.9355,0.6631182006273777,11348.344753506064,5.674172376753032,19837,40163,10129,0.33061666666666667,0.6619835813922446,0.44098881799791034,60000,30,30,5,50,0.1814495447857199,0.3166388785295308,0.1760605018888938,0.3037420530461287,NO_PREFIX,EXACT_DP,PREFIX_MARGINAL,NO_PREFIX,NEW_ABLATION_P0_TRAIN,
NO_PREFIX,530101,40,2000,50,29966,3,20650,10.325,0.6891143295735167,11664.307203023644,5.832153601511822,20615,59385,9351,0.2576875,0.687946339184409,0.37493407053089134,80000,40,46,5,50,0.18252942573600134,0.3192390214238679,0.1767152968173277,0.31220948710112995,NO_PREFIX,EXACT_DP,PREFIX_MARGINAL,NO_PREFIX,NEW_ABLATION_P0_TRAIN,
NO_PREFIX,530102,10,2000,50,29966,3,13916,6.958,0.46439297870920376,8648.282435596597,4.3241412177982985,13908,6092,16058,0.6954,0.46412600947740773,0.5566985550174118,20000,10,8,5,45,0.1597253075070076,0.2612216145300983,0.16240334389928193,0.21802517592511395,NO_PREFIX,EXACT_DP,PREFIX_MARGINAL,NO_PREFIX,NEW_ABLATION_P0_TRAIN,
NO_PREFIX,530102,15,2000,50,29966,3,16626,8.313,0.5548288059801108,9936.981172434458,4.9684905862172295,16608,13392,13358,0.5536,0.5542281252085697,0.5539138845345695,30000,15,13,5,50,0.1724238506408576,0.29318449712283673,0.17044763628717244,0.2569877699153378,NO_PREFIX,EXACT_DP,PREFIX_MARGINAL,NO_PREFIX,NEW_ABLATION_P0_TRAIN,
NO_PREFIX,530102,20,2000,50,29966,3,18105,9.0525,0.6041847427084028,10585.48845430436,5.2927442271521805,18075,21925,11891,0.451875,0.6031836080891677,0.5166795300574565,40000,20,18,5,50,0.17697985859796156,0.30513135293425764,0.17334594540916617,0.27707058057840894,NO_PREFIX,EXACT_DP,PREFIX_MARGINAL,NO_PREFIX,NEW_ABLATION_P0_TRAIN,
NO_PREFIX,530102,30,2000,50,29966,3,19828,9.914,0.661683241006474,11330.575837728145,5.665287918864073,19793,40207,10173,0.3298833333333333,0.6605152506173664,0.4400106706978192,60000,30,30,5,50,0.18133230633143674,0.3159068587950948,0.17593065369420138,0.3030982606179867,NO_PREFIX,EXACT_DP,PREFIX_MARGINAL,NO_PREFIX,NEW_ABLATION_P0_TRAIN,
NO_PREFIX,530102,40,2000,50,29966,3,20640,10.32,0.6887806180337717,11664.969620728927,5.8324848103644635,20607,59393,9359,0.2575875,0.6876793699526129,0.3747885710128585,80000,40,46,5,50,0.18252844826989886,0.3190904818487861,0.17672785830212998,0.31211978883506764,NO_PREFIX,EXACT_DP,PREFIX_MARGINAL,NO_PREFIX,NEW_ABLATION_P0_TRAIN,
NO_PREFIX,530103,10,2000,50,29966,3,13899,6.9495,0.4638256690916372,8655.717957298479,4.327858978649239,13891,6109,16075,0.69455,0.46355869985984116,0.5560180923027659,20000,10,8,5,45,0.16039945180294587,0.26321682633046084,0.16316930705962474,0.22008070460503576,NO_PREFIX,EXACT_DP,PREFIX_MARGINAL,NO_PREFIX,NEW_ABLATION_P0_TRAIN,
NO_PREFIX,530103,15,2000,50,29966,3,16560,8.28,0.5526263098177935,9907.316452365605,4.953658226182802,16539,13461,13427,0.5513,0.5519255155843289,0.5516125804622619,30000,15,13,5,50,0.17234801630524071,0.29258862823018444,0.16993415983565513,0.25701673382853996,NO_PREFIX,EXACT_DP,PREFIX_MARGINAL,NO_PREFIX,NEW_ABLATION_P0_TRAIN,
NO_PREFIX,530103,20,2000,50,29966,3,18101,9.0505,0.6040512580925048,10599.975446156095,5.299987723078048,18075,21925,11891,0.451875,0.6031836080891677,0.5166795300574565,40000,20,18,5,50,0.1773660927864387,0.30573712172719,0.1735163799608528,0.27870116917779064,NO_PREFIX,EXACT_DP,PREFIX_MARGINAL,NO_PREFIX,NEW_ABLATION_P0_TRAIN,
NO_PREFIX,530103,30,2000,50,29966,3,19831,9.9155,0.6617833544683975,11342.614991366405,5.671307495683203,19796,40204,10170,0.32993333333333336,0.6606153640792899,0.44007736255918906,60000,30,30,5,50,0.18139363171631934,0.3161293274738586,0.17598264036934796,0.30386043225749254,NO_PREFIX,EXACT_DP,PREFIX_MARGINAL,NO_PREFIX,NEW_ABLATION_P0_TRAIN,
NO_PREFIX,530103,40,2000,50,29966,3,20642,10.321,0.6888473603417207,11666.92157501233,5.833460787506165,20606,59394,9360,0.257575,0.6876459987986384,0.3747703835731044,80000,40,46,5,50,0.1825536132081668,0.31924768500984946,0.1767180583521079,0.31239055834215196,NO_PREFIX,EXACT_DP,PREFIX_MARGINAL,NO_PREFIX,NEW_ABLATION_P0_TRAIN,
MATCHABILITY_TARGET,530101,10,2000,50,29966,3,13601,6.8005,0.45388106520723487,8552.27308430853,4.276136542154265,13592,6408,16374,0.6796,0.45358072482146433,0.5440499539686987,20000,10,8,5,48,0.16024453155266757,0.26132807691703325,0.1632633283484664,0.220758688589541,MATCHABILITY_TARGET,EXACT_DP,MATCHABILITY,NONE,NEW_ABLATION_P0_TRAIN,
MATCHABILITY_TARGET,530101,15,2000,50,29966,3,16222,8.111,0.541346859774411,9791.781083541104,4.895890541770552,16202,13798,13764,0.5400666666666667,0.5406794366949209,0.5403728779641797,30000,15,12,5,50,0.1722298514530591,0.2920359049012676,0.17085982369262354,0.25736332302131887,MATCHABILITY_TARGET,EXACT_DP,MATCHABILITY,NONE,NEW_ABLATION_P0_TRAIN,
MATCHABILITY_TARGET,530101,20,2000,50,29966,3,17723,8.8615,0.5914369618901422,10475.76173202047,5.237880866010235,17693,22307,12273,0.442325,0.590435827270907,0.5057599405425492,40000,20,17,5,50,0.1766440130826777,0.3025406982578427,0.1734910880336462,0.2778099498625859,MATCHABILITY_TARGET,EXACT_DP,MATCHABILITY,NONE,NEW_ABLATION_P0_TRAIN,
MATCHABILITY_TARGET,530101,30,2000,50,29966,3,19567,9.7835,0.6529733698191283,11263.327875035226,5.6316639375176125,19532,40468,10434,0.32553333333333334,0.6518053794300207,0.43420847875864216,60000,30,31,5,50,0.18108239503888485,0.315182666090856,0.17588360061829822,0.30144528994818726,MATCHABILITY_TARGET,EXACT_DP,MATCHABILITY,NONE,NEW_ABLATION_P0_TRAIN,
MATCHABILITY_TARGET,530101,40,2000,50,29966,3,20536,10.268,0.6853100180204231,11642.514789118388,5.821257394559194,20503,59497,9463,0.2562875,0.6842087699392645,0.3728970772784315,80000,40,46,5,50,0.18250038719861608,0.319308633967853,0.17686647504732184,0.31218010758505604,MATCHABILITY_TARGET,EXACT_DP,MATCHABILITY,NONE,NEW_ABLATION_P0_TRAIN,
MATCHABILITY_TARGET,530102,10,2000,50,29966,3,13656,6.828,0.4557164786758326,8573.091345612633,4.286545672806317,13646,6354,16320,0.6823,0.45538276713608755,0.5462114237681623,20000,10,8,5,45,0.1602591785561861,0.26123537734619523,0.163108166965814,0.2202413404361409,MATCHABILITY_TARGET,EXACT_DP,MATCHABILITY,NONE,NEW_ABLATION_P0_TRAIN,
MATCHABILITY_TARGET,530102,15,2000,50,29966,3,16258,8.129,0.5425482213174931,9794.918620824163,4.897459310412081,16238,13762,13728,0.5412666666666667,0.5418807982380031,0.5415735583497315,30000,15,13,5,50,0.17135084509802923,0.2892238456592752,0.17080689854516237,0.2545238958634305,MATCHABILITY_TARGET,EXACT_DP,MATCHABILITY,NONE,NEW_ABLATION_P0_TRAIN,
MATCHABILITY_TARGET,530102,20,2000,50,29966,3,17760,8.88,0.5926716945871988,10486.913190077534,5.243456595038767,17731,22269,12235,0.443275,0.5917039311219382,0.5068461824314667,40000,20,17,5,50,0.17685984397074006,0.304128450563969,0.17322228390460775,0.2781699920283827,MATCHABILITY_TARGET,EXACT_DP,MATCHABILITY,NONE,NEW_ABLATION_P0_TRAIN,
MATCHABILITY_TARGET,530102,30,2000,50,29966,3,19548,9.774,0.6523393178936128,11258.534389519336,5.629267194759668,19513,40487,10453,0.32521666666666665,0.6511713275045051,0.43378609696996645,60000,30,31,5,50,0.18115388257779244,0.3149410290705031,0.17589655920555716,0.30147904596996844,MATCHABILITY_TARGET,EXACT_DP,MATCHABILITY,NONE,NEW_ABLATION_P0_TRAIN,
MATCHABILITY_TARGET,530102,40,2000,50,29966,3,20544,10.272,0.6855769872522192,11643.973575464348,5.821986787732174,20510,59490,9456,0.256375,0.684442368017086,0.3730243893567103,80000,40,46,5,50,0.18240662547639963,0.31913713239080704,0.17672106304587332,0.311658489198533,MATCHABILITY_TARGET,EXACT_DP,MATCHABILITY,NONE,NEW_ABLATION_P0_TRAIN,
MATCHABILITY_TARGET,530103,10,2000,50,29966,3,13623,6.8115,0.45461523059467396,8559.434038485822,4.279717019242911,13612,6388,16354,0.6806,0.4542481479009544,0.5448504983388703,20000,10,7.5,5,48,0.16058481606936992,0.26205831964461157,0.16356551585677373,0.22046070186026756,MATCHABILITY_TARGET,EXACT_DP,MATCHABILITY,NONE,NEW_ABLATION_P0_TRAIN,
MATCHABILITY_TARGET,530103,15,2000,50,29966,3,16181,8.0905,0.5399786424614563,9771.385751813603,4.885692875906801,16158,13842,13808,0.5386,0.5392111059200427,0.538905379715172,30000,15,12,5,50,0.1713307005678295,0.289308845206833,0.1706587427980552,0.2545358903776627,MATCHABILITY_TARGET,EXACT_DP,MATCHABILITY,NONE,NEW_ABLATION_P0_TRAIN,
MATCHABILITY_TARGET,530103,20,2000,50,29966,3,17708,8.854,0.5909363945805246,10477.06068715773,5.238530343578865,17678,22322,12288,0.44195,0.5899352599612895,0.5053311608495554,40000,20,17,5,50,0.1768852861864724,0.30312565334471797,0.17346851761497684,0.2783753700227444,MATCHABILITY_TARGET,EXACT_DP,MATCHABILITY,NONE,NEW_ABLATION_P0_TRAIN,
MATCHABILITY_TARGET,530103,30,2000,50,29966,3,19515,9.7575,0.6512380698124541,11236.384790547312,5.618192395273656,19480,40520,10486,0.32466666666666666,0.6500700794233465,0.4330524864948981,60000,30,32,5,50,0.18096533231665218,0.3146195748846157,0.17584857538526028,0.3010209346155935,MATCHABILITY_TARGET,EXACT_DP,MATCHABILITY,NONE,NEW_ABLATION_P0_TRAIN,
MATCHABILITY_TARGET,530103,40,2000,50,29966,3,20546,10.273,0.6856437295601682,11650.02655156904,5.825013275784521,20513,59487,9453,0.2564125,0.6845424814790095,0.37307895167597255,80000,40,47,5,50,0.18249778161544344,0.3191041863952209,0.17674504061294513,0.3124584835356084,MATCHABILITY_TARGET,EXACT_DP,MATCHABILITY,NONE,NEW_ABLATION_P0_TRAIN,
NEXT_SLOT_GREEDY,530101,10,2000,50,29966,3,13680,6.84,0.4565173863712207,8278.36998409322,4.13918499204661,13673,6327,16293,0.68365,0.45628378829339916,0.5472921586678942,20000,10,9,5,34,0.15264849018026008,0.24880679411018883,0.15600585394729516,0.20368840496174467,FULL,NEXT_SLOT_GREEDY,PREFIX_MARGINAL,NONE,NEW_ABLATION_P0_SOLVER_REPLAY,LEARN_QUALITY
NEXT_SLOT_GREEDY,530101,15,2000,50,29966,3,15339,7.6695,0.5118801308149236,9124.744731460505,4.562372365730252,15323,14677,14643,0.5107666666666667,0.5113461923513315,0.5110562652169564,30000,15,13,5,50,0.16222818823716215,0.2701138434822735,0.1628449672949669,0.23287842371364126,FULL,NEXT_SLOT_GREEDY,PREFIX_MARGINAL,NONE,NEW_ABLATION_P0_SOLVER_REPLAY,LEARN_QUALITY
NEXT_SLOT_GREEDY,530101,20,2000,50,29966,3,16329,8.1645,0.5449175732496829,9566.453296162423,4.783226648081212,16307,23693,13659,0.407675,0.5441834078622438,0.4661406969099277,40000,20,16,5,50,0.16592913310830967,0.27942205025568273,0.16514764455585085,0.24459413299065966,FULL,NEXT_SLOT_GREEDY,PREFIX_MARGINAL,NONE,NEW_ABLATION_P0_SOLVER_REPLAY,LEARN_QUALITY
NEXT_SLOT_GREEDY,530101,30,2000,50,29966,3,18278,9.139,0.6099579523459921,10560.151801359923,5.280075900679962,18250,41750,11716,0.30416666666666664,0.609023560034706,0.4057088233332592,60000,30,28,5,50,0.17491064572204293,0.3007051759955914,0.17175659457222817,0.27467645663390305,FULL,NEXT_SLOT_GREEDY,PREFIX_MARGINAL,NONE,NEW_ABLATION_P0_SOLVER_REPLAY,LEARN_QUALITY
NEXT_SLOT_GREEDY,530101,40,2000,50,29966,3,19957,9.9785,0.665988119869185,11359.543005210411,5.679771502605205,19924,60076,10042,0.24905,0.6648868717880264,0.3623665496608042,80000,40,50,5,50,0.18079301698576564,0.31489271416642134,0.17534288597801975,0.3020246259966273,FULL,NEXT_SLOT_GREEDY,PREFIX_MARGINAL,NONE,NEW_ABLATION_P0_SOLVER_REPLAY,LEARN_QUALITY
NEXT_SLOT_GREEDY,530102,10,2000,50,29966,3,13646,6.823,0.45538276713608755,8268.133389792089,4.1340666948960445,13641,6359,16325,0.68205,0.45521591136621503,0.5460112876756194,20000,10,9,5,33,0.1524677339294228,0.24860294816297962,0.15567249471718897,0.2034760118159383,FULL,NEXT_SLOT_GREEDY,PREFIX_MARGINAL,NONE,NEW_ABLATION_P0_SOLVER_REPLAY,LEARN_QUALITY
NEXT_SLOT_GREEDY,530102,15,2000,50,29966,3,15348,7.674,0.5121804712006941,9118.46874561722,4.55923437280861,15331,14669,14635,0.5110333333333333,0.5116131615831275,0.5113230830804123,30000,15,13,5,50,0.16183568907017423,0.2696460453938282,0.16232568279031928,0.2318134096732769,FULL,NEXT_SLOT_GREEDY,PREFIX_MARGINAL,NONE,NEW_ABLATION_P0_SOLVER_REPLAY,LEARN_QUALITY
NEXT_SLOT_GREEDY,530102,20,2000,50,29966,3,16338,8.169,0.5452179136354535,9588.534077457114,4.794267038728557,16316,23684,13650,0.4079,0.5444837482480144,0.46639796472572387,40000,20,16,5,50,0.16623108483238444,0.280091587310591,0.16551612963549786,0.24557083908088542,FULL,NEXT_SLOT_GREEDY,PREFIX_MARGINAL,NONE,NEW_ABLATION_P0_SOLVER_REPLAY,LEARN_QUALITY
NEXT_SLOT_GREEDY,530102,30,2000,50,29966,3,18327,9.1635,0.6115931388907428,10592.505221861698,5.296252610930849,18300,41700,11666,0.305,0.6106921177334312,0.4068203543560901,60000,30,28,5,50,0.17512738658890822,0.301029645062182,0.17206826147724247,0.2761223842774371,FULL,NEXT_SLOT_GREEDY,PREFIX_MARGINAL,NONE,NEW_ABLATION_P0_SOLVER_REPLAY,LEARN_QUALITY
NEXT_SLOT_GREEDY,530102,40,2000,50,29966,3,19877,9.9385,0.6633184275512247,11317.008522582568,5.6585042612912835,19844,60156,10122,0.24805,0.6622171794700661,0.3609115544804758,80000,40,50,5,50,0.1805170354752241,0.31462063390176787,0.17520283686218904,0.3011193476495849,FULL,NEXT_SLOT_GREEDY,PREFIX_MARGINAL,NONE,NEW_ABLATION_P0_SOLVER_REPLAY,LEARN_QUALITY
NEXT_SLOT_GREEDY,530103,10,2000,50,29966,3,13634,6.817,0.4549823132883935,8261.056372549734,4.130528186274867,13627,6373,16339,0.68135,0.454748715210572,0.5454509066164993,20000,10,9,5,45,0.15217129265539409,0.2471632179334609,0.1558719450060445,0.2029078743445444,FULL,NEXT_SLOT_GREEDY,PREFIX_MARGINAL,NONE,NEW_ABLATION_P0_SOLVER_REPLAY,LEARN_QUALITY
NEXT_SLOT_GREEDY,530103,15,2000,50,29966,3,15352,7.676,0.5123139558165921,9134.273336823051,4.567136668411526,15336,14664,14630,0.5112,0.511780017353,0.5114898442450723,30000,15,13,5,50,0.16226646213141482,0.27042014240247286,0.16221532295299826,0.2337212374531643,FULL,NEXT_SLOT_GREEDY,PREFIX_MARGINAL,NONE,NEW_ABLATION_P0_SOLVER_REPLAY,LEARN_QUALITY
NEXT_SLOT_GREEDY,530103,20,2000,50,29966,3,16318,8.159,0.5445504905559634,9574.412849650314,4.787206424825158,16297,23703,13669,0.407425,0.5438496963224988,0.4658548437812652,40000,20,16,5,50,0.16548644709383656,0.2790794142248446,0.16483641084411363,0.2449794398200175,FULL,NEXT_SLOT_GREEDY,PREFIX_MARGINAL,NONE,NEW_ABLATION_P0_SOLVER_REPLAY,LEARN_QUALITY
NEXT_SLOT_GREEDY,530103,30,2000,50,29966,3,18389,9.1945,0.6136621504371621,10645.349746715245,5.322674873357622,18360,41640,11606,0.306,0.6126943869719015,0.40815419158348704,60000,30,28,5,50,0.17571156601172996,0.3020879505318506,0.17250355994198419,0.27841910745973963,FULL,NEXT_SLOT_GREEDY,PREFIX_MARGINAL,NONE,NEW_ABLATION_P0_SOLVER_REPLAY,LEARN_QUALITY
NEXT_SLOT_GREEDY,530103,40,2000,50,29966,3,20001,10.0005,0.6674564506440632,11381.904131935271,5.690952065967635,19971,60029,9995,0.2496375,0.6664553160248281,0.36322135932924726,80000,40,50,5,50,0.18090507460062338,0.3151107987881848,0.17532360305854525,0.303093004268532,FULL,NEXT_SLOT_GREEDY,PREFIX_MARGINAL,NONE,NEW_ABLATION_P0_SOLVER_REPLAY,LEARN_QUALITY
