seed,epoch,fit_natural_bce,early_stop_natural_bce,strict_improvement
830102,1,0.21304899384710524,0.10051319748163223,True
830102,2,0.09399768978754679,0.09292316436767578,True
830102,3,0.09029309541781744,0.09082946181297302,True
830102,4,0.08874565658701791,0.08986028283834457,True
830102,5,0.08771098194387224,0.08912764489650726,True
830102,6,0.08710619449747933,0.08873352408409119,True
830102,7,0.08672404687801998,0.08849915117025375,True
830102,8,0.08639252739350001,0.08813021332025528,True
830102,9,0.0860626405874888,0.08809147775173187,True
830102,10,0.08588769024213155,0.08794759213924408,True
830102,11,0.08571224012904698,0.08786261826753616,True
830102,12,0.08550074403153525,0.08831848949193954,False
830102,13,0.08536533235046599,0.08759243041276932,True
830102,14,0.08526113680071301,0.08792593330144882,False
830102,15,0.08506250997516844,0.0875411331653595,True
830102,16,0.0849895619061258,0.0874057337641716,True
830102,17,0.08494147006140815,0.0873829647898674,True
830102,18,0.08485755704773797,0.08742740005254745,False
830102,19,0.08471140436463886,0.08730483055114746,True
830102,20,0.08459339694446988,0.08730962127447128,False
830102,21,0.08452274158530765,0.08751851320266724,False
830102,22,0.08446452227830886,0.08760634064674377,False
830102,23,0.08431723960108227,0.08726413547992706,True
830102,24,0.0842015542798572,0.08735264092683792,False
830102,25,0.08416558800405927,0.08705165237188339,True
830102,26,0.08409872968726688,0.08727435767650604,False
830102,27,0.08393536021974352,0.08724630624055862,False
830102,28,0.08391970743868087,0.08732648193836212,False
830102,29,0.0838274292230606,0.08741801232099533,False
830102,30,0.08373231084346772,0.0869198888540268,True
