action_space,method,seed,budget,category_id,class_name,AP,AP50,AP75,AR100
frozen_prefix_no_nms,M11,830101,10,1,人,0.04016316670136162,0.06252590879310213,0.04060085899180153,0.13482497293395887
frozen_prefix_no_nms,M11,830101,10,2,自行车,0.015807504663509827,0.022630834512022628,0.016501650165016497,0.025819672131147543
frozen_prefix_no_nms,M11,830101,10,3,轿车,0.04777506701144313,0.0619445864906225,0.052773905271833656,0.15085317557326552
frozen_prefix_no_nms,M11,830101,10,4,摩托车,0.02468054497757468,0.03169163070153169,0.02437166793602437,0.035789473684210524
frozen_prefix_no_nms,M11,830101,10,5,公交车,0.047489206500193074,0.054791548197380045,0.04885343288026844,0.19314285714285714
frozen_prefix_no_nms,M11,830101,10,6,火车,0.0,0.0,0.0,0.0
frozen_prefix_no_nms,M11,830101,10,7,卡车,0.04036601821135018,0.04888138170165205,0.044379040813808626,0.15320584926884143
frozen_prefix_no_nms,M11,830101,10,8,交通灯,0.011515580639239211,0.022593393264493923,0.012605427209387605,0.017506785575804575
frozen_prefix_no_nms,M11,830101,15,1,人,0.040442450215253785,0.06429910039039231,0.039934300983044776,0.15748827138217247
frozen_prefix_no_nms,M11,830101,15,2,自行车,0.020682671715447402,0.029874333587204874,0.02359692202642015,0.03770491803278689
frozen_prefix_no_nms,M11,830101,15,3,轿车,0.05132181243379776,0.06916178724546283,0.055613598834537474,0.1916638145993253
frozen_prefix_no_nms,M11,830101,15,4,摩托车,0.03287889626115767,0.0507612048469459,0.03215172406736502,0.06421052631578947
frozen_prefix_no_nms,M11,830101,15,5,公交车,0.04601704570092538,0.053082894429701766,0.04781371625792151,0.21742857142857144
frozen_prefix_no_nms,M11,830101,15,6,火车,0.0,0.0,0.0,0.0
frozen_prefix_no_nms,M11,830101,15,7,卡车,0.040333803810672406,0.04869977018219559,0.04441933804269207,0.18807649043869518
frozen_prefix_no_nms,M11,830101,15,8,交通灯,0.013875908292932199,0.029327785146201626,0.014348191916401916,0.025688251260178364
frozen_prefix_no_nms,M11,830101,20,1,人,0.04037429129821792,0.0648895142403802,0.03991050387477048,0.1675568386863948
frozen_prefix_no_nms,M11,830101,20,2,自行车,0.01934185842094749,0.027748638434235293,0.022277227722772276,0.038114754098360654
frozen_prefix_no_nms,M11,830101,20,3,轿车,0.05325763391208167,0.07186179253382312,0.0588537995578168,0.22184520608223726
frozen_prefix_no_nms,M11,830101,20,4,摩托车,0.03323024149249561,0.05031061929722384,0.03301691982624592,0.07263157894736841
frozen_prefix_no_nms,M11,830101,20,5,公交车,0.04769277034928844,0.05505176342883774,0.04954952835642875,0.242
frozen_prefix_no_nms,M11,830101,20,6,火车,0.0,0.0,0.0,0.0
frozen_prefix_no_nms,M11,830101,20,7,卡车,0.03968854140865894,0.048308008451062395,0.043324953754490976,0.20944881889763783
frozen_prefix_no_nms,M11,830101,20,8,交通灯,0.01545422059780437,0.03256075564820655,0.014336020436777572,0.03231872818922062
frozen_prefix_no_nms,M11,830101,30,1,人,0.03978654861877981,0.06315640227665846,0.039635098985198076,0.17564056297365574
frozen_prefix_no_nms,M11,830101,30,2,自行车,0.01836025711284744,0.027404168407664627,0.021948007608642635,0.04139344262295082
frozen_prefix_no_nms,M11,830101,30,3,轿车,0.054835264630955505,0.07605829838676591,0.05963772983617588,0.26302742873906026
frozen_prefix_no_nms,M11,830101,30,4,摩托车,0.03237101067315359,0.04959237380320665,0.03258425403558793,0.07789473684210527
frozen_prefix_no_nms,M11,830101,30,5,公交车,0.048165566270390495,0.05529399594866367,0.04993175125520745,0.26371428571428573
frozen_prefix_no_nms,M11,830101,30,6,火车,0.0,0.0,0.0,0.0
frozen_prefix_no_nms,M11,830101,30,7,卡车,0.03834259310001094,0.04654659907708091,0.04163165271567083,0.23183352080989872
frozen_prefix_no_nms,M11,830101,30,8,交通灯,0.016592781048744763,0.03661404097126034,0.014925942772324178,0.04416440480806514
frozen_prefix_no_nms,M11,830101,40,1,人,0.03951517816300424,0.06315918313644625,0.03911381189631338,0.18018765788523994
frozen_prefix_no_nms,M11,830101,40,2,自行车,0.018403610994788343,0.02701521443165472,0.021948007608642635,0.042213114754098356
frozen_prefix_no_nms,M11,830101,40,3,轿车,0.05561462124607175,0.07876821123863316,0.059178921589918734,0.2818657409670953
frozen_prefix_no_nms,M11,830101,40,4,摩托车,0.0323590683268869,0.0495570289032548,0.03258425403558793,0.07789473684210527
frozen_prefix_no_nms,M11,830101,40,5,公交车,0.04818987550415626,0.05543812682798059,0.05020841796470718,0.2691428571428572
frozen_prefix_no_nms,M11,830101,40,6,火车,0.0,0.0,0.0,0.0
frozen_prefix_no_nms,M11,830101,40,7,卡车,0.0384980136729917,0.04661857371780328,0.042036550679624016,0.24780652418447696
frozen_prefix_no_nms,M11,830101,40,8,交通灯,0.01698077268438947,0.03877312799504766,0.01525279101812807,0.05075610701822412
frozen_prefix_no_nms,M11,830102,10,1,人,0.03966040136709712,0.061777868239564035,0.04005283060492151,0.13367015517863587
frozen_prefix_no_nms,M11,830102,10,2,自行车,0.019168166816681667,0.0279027902790279,0.020702070207020702,0.029098360655737704
frozen_prefix_no_nms,M11,830102,10,3,轿车,0.04786419094825456,0.0620556701610219,0.05287140547167194,0.1514594436024055
frozen_prefix_no_nms,M11,830102,10,4,摩托车,0.02468054497757468,0.03169163070153169,0.02437166793602437,0.035789473684210524
frozen_prefix_no_nms,M11,830102,10,5,公交车,0.045897531353677246,0.05240326026554848,0.04797949256758505,0.1877142857142857
frozen_prefix_no_nms,M11,830102,10,6,火车,0.0,0.0,0.0,0.0
frozen_prefix_no_nms,M11,830102,10,7,卡车,0.039087479655963334,0.04631415026598268,0.04342295085073106,0.150281214848144
frozen_prefix_no_nms,M11,830102,10,8,交通灯,0.011513147879645264,0.022942551283240773,0.012596547612876471,0.017448623497479644
frozen_prefix_no_nms,M11,830102,15,1,人,0.03993358274051501,0.0633613087690085,0.03947647205624392,0.15756044749188017
frozen_prefix_no_nms,M11,830102,15,2,自行车,0.020682671715447402,0.029874333587204874,0.02359692202642015,0.03770491803278689
frozen_prefix_no_nms,M11,830102,15,3,轿车,0.051467813327057375,0.06927686904505666,0.05582762119275201,0.19154647240013692
frozen_prefix_no_nms,M11,830102,15,4,摩托车,0.030567691222903797,0.04693857340916163,0.029042904290429036,0.057894736842105256
frozen_prefix_no_nms,M11,830102,15,5,公交车,0.04646080447717632,0.053098313317847014,0.047816901450009656,0.22000000000000003
frozen_prefix_no_nms,M11,830102,15,6,火车,0.0,0.0,0.0,0.0
frozen_prefix_no_nms,M11,830102,15,7,卡车,0.039602827968234756,0.04811283903996223,0.04394595024987451,0.18650168728908886
frozen_prefix_no_nms,M11,830102,15,8,交通灯,0.014135058677872103,0.029425744928058148,0.014346776592632457,0.02617293524621946
frozen_prefix_no_nms,M11,830102,20,1,人,0.040197201697190724,0.06445269589855038,0.03986239937015349,0.16845904005774087
frozen_prefix_no_nms,M11,830102,20,2,自行车,0.019574403099698035,0.030088204280705497,0.022277227722772276,0.04016393442622951
frozen_prefix_no_nms,M11,830102,20,3,轿车,0.05309872846214602,0.07157698441842784,0.05867755251989053,0.22142472986847897
frozen_prefix_no_nms,M11,830102,20,4,摩托车,0.03323024149249561,0.05031061929722384,0.03301691982624592,0.07263157894736841
frozen_prefix_no_nms,M11,830102,20,5,公交车,0.047876751472898924,0.05487371236688212,0.04940830392032,0.24685714285714289
frozen_prefix_no_nms,M11,830102,20,6,火车,0.0,0.0,0.0,0.0
frozen_prefix_no_nms,M11,830102,20,7,卡车,0.039694428776681015,0.04847101341443494,0.04344917833380987,0.21023622047244098
frozen_prefix_no_nms,M11,830102,20,8,交通灯,0.01541966410599042,0.0322500083074882,0.014352283317800557,0.03253198914307871
frozen_prefix_no_nms,M11,830102,30,1,人,0.039515604885444526,0.06254122782862433,0.03946935896293568,0.1757127390833634
frozen_prefix_no_nms,M11,830102,30,2,自行车,0.01846836878523189,0.02724042380327099,0.021948007608642635,0.04180327868852459
frozen_prefix_no_nms,M11,830102,30,3,轿车,0.05475477363522075,0.0761328463656315,0.058457029679459975,0.2624896103261135
frozen_prefix_no_nms,M11,830102,30,4,摩托车,0.032370333450848596,0.04959237380320665,0.03258425403558793,0.07789473684210527
frozen_prefix_no_nms,M11,830102,30,5,公交车,0.04839328099194794,0.056174048899327554,0.05010300713768585,0.26571428571428574
frozen_prefix_no_nms,M11,830102,30,6,火车,0.0,0.0,0.0,0.0
frozen_prefix_no_nms,M11,830102,30,7,卡车,0.0383101147755673,0.0465241113841238,0.041618976542842946,0.23025871766029243
frozen_prefix_no_nms,M11,830102,30,8,交通灯,0.016534496275064467,0.036546604369022066,0.014844634948668198,0.04457153935633966
frozen_prefix_no_nms,M11,830102,40,1,人,0.03925325498602713,0.06260768483896609,0.038889713398526475,0.18029592204980147
frozen_prefix_no_nms,M11,830102,40,2,自行车,0.018395716341148914,0.026964236793845173,0.021948007608642635,0.042213114754098356
frozen_prefix_no_nms,M11,830102,40,3,轿车,0.0556759735381983,0.0788359872057145,0.05925502997053668,0.28204664352417735
frozen_prefix_no_nms,M11,830102,40,4,摩托车,0.03236430540657489,0.04957448583554809,0.03258425403558793,0.07789473684210527
frozen_prefix_no_nms,M11,830102,40,5,公交车,0.048138380144368484,0.05537340061994555,0.05014509935146973,0.2691428571428572
frozen_prefix_no_nms,M11,830102,40,6,火车,0.0,0.0,0.0,0.0
frozen_prefix_no_nms,M11,830102,40,7,卡车,0.038465819704270716,0.046580218925704305,0.041999429565975424,0.24870641169853772
frozen_prefix_no_nms,M11,830102,40,8,交通灯,0.01674746383989834,0.03829072358263536,0.015227591628870399,0.05058162078324931
frozen_prefix_no_nms,M11,830103,10,1,人,0.03892467920884804,0.06124882967225545,0.03958072407523809,0.13255142547816673
frozen_prefix_no_nms,M11,830103,10,2,自行车,0.015787636455953286,0.022630834512022628,0.016501650165016497,0.025819672131147543
frozen_prefix_no_nms,M11,830103,10,3,轿车,0.04771920267713165,0.0619369792306769,0.0526951099734101,0.15196303720725565
frozen_prefix_no_nms,M11,830103,10,4,摩托车,0.02468054497757468,0.03169163070153169,0.02437166793602437,0.035789473684210524
frozen_prefix_no_nms,M11,830103,10,5,公交车,0.04546641425753418,0.051437261452956316,0.047030705547024605,0.18114285714285713
frozen_prefix_no_nms,M11,830103,10,6,火车,0.0,0.0,0.0,0.0
frozen_prefix_no_nms,M11,830103,10,7,卡车,0.04060743558390616,0.048985046164594474,0.04444092456568191,0.16344206974128234
frozen_prefix_no_nms,M11,830103,10,8,交通灯,0.010883246227839212,0.02171777192906143,0.012651265126512651,0.014870104691740984
frozen_prefix_no_nms,M11,830103,15,1,人,0.04029264492414313,0.06424027234644883,0.039913789210465664,0.15669433417538794
frozen_prefix_no_nms,M11,830103,15,2,自行车,0.020682671715447402,0.029874333587204874,0.02359692202642015,0.03770491803278689
frozen_prefix_no_nms,M11,830103,15,3,轿车,0.05123340607405144,0.06911015231879854,0.05571968111384709,0.19110643915318046
frozen_prefix_no_nms,M11,830103,15,4,摩托车,0.03287889626115767,0.0507612048469459,0.03215172406736502,0.06421052631578947
frozen_prefix_no_nms,M11,830103,15,5,公交车,0.04671195610821173,0.05339410534746443,0.04797911196333935,0.22114285714285717
frozen_prefix_no_nms,M11,830103,15,6,火车,0.0,0.0,0.0,0.0
frozen_prefix_no_nms,M11,830103,15,7,卡车,0.04053989875404971,0.04952748550468372,0.044064219394311065,0.19392575928008998
frozen_prefix_no_nms,M11,830103,15,8,交通灯,0.013257489403922228,0.026243627814778927,0.014007978527842033,0.02349747964327259
frozen_prefix_no_nms,M11,830103,20,1,人,0.0401703776322707,0.06444160377851955,0.03979152449251634,0.16784554312522554
frozen_prefix_no_nms,M11,830103,20,2,自行车,0.01831172192063885,0.025871214417963022,0.021948007608642635,0.03852459016393443
frozen_prefix_no_nms,M11,830103,20,3,轿车,0.053276294809325324,0.0717193490310979,0.05867459425512108,0.22280838996724195
frozen_prefix_no_nms,M11,830103,20,4,摩托车,0.03323024149249561,0.05031061929722384,0.03301691982624592,0.07263157894736841
frozen_prefix_no_nms,M11,830103,20,5,公交车,0.04604339925005764,0.05255853535376043,0.04735801059259726,0.22942857142857145
frozen_prefix_no_nms,M11,830103,20,6,火车,0.0,0.0,0.0,0.0
frozen_prefix_no_nms,M11,830103,20,7,卡车,0.03971488957739933,0.04884947441301516,0.04290947878311471,0.2140607424071991
frozen_prefix_no_nms,M11,830103,20,8,交通灯,0.015109842082651833,0.03260178677196305,0.014414309852037833,0.030341217526172935
frozen_prefix_no_nms,M11,830103,30,1,人,0.039709013782309066,0.062988076268539,0.03960888328802582,0.17589317935763263
frozen_prefix_no_nms,M11,830103,30,2,自行车,0.01847405900942672,0.02724042380327099,0.021948007608642635,0.04180327868852459
frozen_prefix_no_nms,M11,830103,30,3,轿车,0.054957141274845335,0.0762617391647741,0.059744159388452116,0.2628709724734758
frozen_prefix_no_nms,M11,830103,30,4,摩托车,0.03237101067315359,0.04959237380320665,0.03258425403558793,0.07789473684210527
frozen_prefix_no_nms,M11,830103,30,5,公交车,0.04814815583692064,0.05535870320778486,0.04999384881064556,0.2631428571428572
frozen_prefix_no_nms,M11,830103,30,6,火车,0.0,0.0,0.0,0.0
frozen_prefix_no_nms,M11,830103,30,7,卡车,0.03834291746279343,0.0464261318642077,0.04156595252009599,0.23363329583802023
frozen_prefix_no_nms,M11,830103,30,8,交通灯,0.016537360021860726,0.03686180064632105,0.014945560048323557,0.042865451725474985
frozen_prefix_no_nms,M11,830103,40,1,人,0.039398241478985505,0.06290407286684042,0.03902057182311851,0.18051245037892455
frozen_prefix_no_nms,M11,830103,40,2,自行车,0.018399078307226674,0.026997856454622795,0.021948007608642635,0.042213114754098356
frozen_prefix_no_nms,M11,830103,40,3,轿车,0.05570490013549478,0.078879140245701,0.0592871470449436,0.28211020388207103
frozen_prefix_no_nms,M11,830103,40,4,摩托车,0.031439578688944446,0.04744454741040606,0.03193159975338193,0.07789473684210527
frozen_prefix_no_nms,M11,830103,40,5,公交车,0.048148075780586524,0.05538543172528509,0.05016271134377617,0.2691428571428572
frozen_prefix_no_nms,M11,830103,40,6,火车,0.0,0.0,0.0,0.0
frozen_prefix_no_nms,M11,830103,40,7,卡车,0.03836412268205751,0.04650682158839257,0.04196515027143006,0.24735658042744654
frozen_prefix_no_nms,M11,830103,40,8,交通灯,0.016908574458934685,0.03867623945941851,0.015356246403156882,0.050348972469949585
frozen_prefix_no_nms,S_ADAPT,-1,10,1,人,0.019940003514960947,0.026337246976158447,0.020214931578212497,0.05409599422591123
frozen_prefix_no_nms,S_ADAPT,-1,10,2,自行车,0.011399889988998897,0.015951595159515948,0.01155115511551155,0.013934426229508195
frozen_prefix_no_nms,S_ADAPT,-1,10,3,轿车,0.03518131825040652,0.04242526181820542,0.03976355280770535,0.12756074903437148
frozen_prefix_no_nms,S_ADAPT,-1,10,4,摩托车,0.02376237623762376,0.028288543140028283,0.028288543140028283,0.02526315789473684
frozen_prefix_no_nms,S_ADAPT,-1,10,5,公交车,0.03820733087219776,0.04234773993366085,0.03857333142440967,0.14657142857142857
frozen_prefix_no_nms,S_ADAPT,-1,10,6,火车,0.0,0.0,0.0,0.0
frozen_prefix_no_nms,S_ADAPT,-1,10,7,卡车,0.027404676548372395,0.030859525247266574,0.03064888628858639,0.10494938132733408
frozen_prefix_no_nms,S_ADAPT,-1,10,8,交通灯,0.007688087870091817,0.01336948981522356,0.009900990099009901,0.00713454827452501
frozen_prefix_no_nms,S_ADAPT,-1,15,1,人,0.026106410497706956,0.035298991353307684,0.028366298979759237,0.09105016239624684
frozen_prefix_no_nms,S_ADAPT,-1,15,2,自行车,0.016504260246114563,0.02368964032835067,0.01911915329463981,0.02868852459016393
frozen_prefix_no_nms,S_ADAPT,-1,15,3,轿车,0.03967793446928209,0.04931078278999938,0.04513260597059751,0.16408839779005524
frozen_prefix_no_nms,S_ADAPT,-1,15,4,摩托车,0.02333033303330333,0.03096309630963096,0.0252025202520252,0.028421052631578948
frozen_prefix_no_nms,S_ADAPT,-1,15,5,公交车,0.039000913511485595,0.043011203571881006,0.03928749583523046,0.16
frozen_prefix_no_nms,S_ADAPT,-1,15,6,火车,0.0,0.0,0.0,0.0
frozen_prefix_no_nms,S_ADAPT,-1,15,7,卡车,0.02878569451761533,0.032657207946492316,0.0321928340126964,0.12238470191226096
frozen_prefix_no_nms,S_ADAPT,-1,15,8,交通灯,0.009389432150471378,0.01686809765397949,0.012654206597130301,0.01149670414889492
frozen_prefix_no_nms,S_ADAPT,-1,20,1,人,0.031521637869053536,0.04588156026714778,0.032504127262348984,0.12641645615301336
frozen_prefix_no_nms,S_ADAPT,-1,20,2,自行车,0.017218727297215276,0.02368964032835067,0.021948007608642635,0.036065573770491806
frozen_prefix_no_nms,S_ADAPT,-1,20,3,轿车,0.044351945531515315,0.05657787371526942,0.04911947734109091,0.19766293453283137
frozen_prefix_no_nms,S_ADAPT,-1,20,4,摩托车,0.025344784358990124,0.037417038407137414,0.02437166793602437,0.0431578947368421
frozen_prefix_no_nms,S_ADAPT,-1,20,5,公交车,0.04059683113257835,0.045825162653400545,0.04203782826770988,0.17714285714285713
frozen_prefix_no_nms,S_ADAPT,-1,20,6,火车,0.0,0.0,0.0,0.0
frozen_prefix_no_nms,S_ADAPT,-1,20,7,卡车,0.031050019300735785,0.03555102044475863,0.03390305562936266,0.14758155230596176
frozen_prefix_no_nms,S_ADAPT,-1,20,8,交通灯,0.01072167647493278,0.020871436375475064,0.012206182450306097,0.016983326870880187
frozen_prefix_no_nms,S_ADAPT,-1,30,1,人,0.03721191727522213,0.05742377509239034,0.037484171384966465,0.16651028509563331
frozen_prefix_no_nms,S_ADAPT,-1,30,2,自行车,0.017383743798865443,0.02368964032835067,0.021948007608642635,0.037295081967213116
frozen_prefix_no_nms,S_ADAPT,-1,30,3,轿车,0.05056997284884055,0.06781733933114541,0.0551905483288353,0.2481445264753337
frozen_prefix_no_nms,S_ADAPT,-1,30,4,摩托车,0.030847312853388847,0.0461042807577461,0.03056783864379549,0.07263157894736841
frozen_prefix_no_nms,S_ADAPT,-1,30,5,公交车,0.045073862695233655,0.05125023842632039,0.0471433930494497,0.2294285714285714
frozen_prefix_no_nms,S_ADAPT,-1,30,6,火车,0.0,0.0,0.0,0.0
frozen_prefix_no_nms,S_ADAPT,-1,30,7,卡车,0.03554438996900483,0.04207881007905516,0.03919021728127856,0.20618672665916762
frozen_prefix_no_nms,S_ADAPT,-1,30,8,交通灯,0.014091594168383528,0.028672791364681434,0.014699952350577116,0.032648313299728574
frozen_prefix_no_nms,S_ADAPT,-1,40,1,人,0.03868084627021217,0.0603659898936339,0.038518961043586555,0.17856369541681702
frozen_prefix_no_nms,S_ADAPT,-1,40,2,自行车,0.01837187515454231,0.026890767794221095,0.021948007608642635,0.04180327868852459
frozen_prefix_no_nms,S_ADAPT,-1,40,3,轿车,0.05422152916267721,0.07565639108349094,0.058346183383632205,0.27759741847161784
frozen_prefix_no_nms,S_ADAPT,-1,40,4,摩托车,0.03152131560138245,0.047359889343042874,0.03186087839553186,0.07999999999999999
frozen_prefix_no_nms,S_ADAPT,-1,40,5,公交车,0.047474549793103185,0.05430229091551231,0.0492374465878265,0.26542857142857146
frozen_prefix_no_nms,S_ADAPT,-1,40,6,火车,0.0,0.0,0.0,0.0
frozen_prefix_no_nms,S_ADAPT,-1,40,7,卡车,0.037133086401115734,0.04443736880446089,0.04076682118878456,0.23509561304836896
frozen_prefix_no_nms,S_ADAPT,-1,40,8,交通灯,0.01611885188189487,0.03588985577265037,0.014560071392524274,0.04683986041101202
frozen_prefix_no_nms,S_FIXED,-1,10,1,人,0.020064117264309764,0.02572308517282093,0.0214836800153264,0.04918801876578853
frozen_prefix_no_nms,S_FIXED,-1,10,2,自行车,0.009631624927198601,0.012376237623762373,0.011648223645893999,0.011885245901639346
frozen_prefix_no_nms,S_FIXED,-1,10,3,轿车,0.036869429338104755,0.045332104924023155,0.04062518244141028,0.12628465261819782
frozen_prefix_no_nms,S_FIXED,-1,10,4,摩托车,0.023762376237623756,0.029042904290429036,0.026402640264026396,0.030526315789473686
frozen_prefix_no_nms,S_FIXED,-1,10,5,公交车,0.03705271287891562,0.041445027461601294,0.03779869416254698,0.13514285714285718
frozen_prefix_no_nms,S_FIXED,-1,10,6,火车,0.0,0.0,0.0,0.0
frozen_prefix_no_nms,S_FIXED,-1,10,7,卡车,0.028205014409521875,0.03328342592458067,0.030083098464059318,0.10382452193475815
frozen_prefix_no_nms,S_FIXED,-1,10,8,交通灯,0.00810306748649754,0.013284872791076577,0.009900990099009901,0.010120201628538193
frozen_prefix_no_nms,S_FIXED,-1,15,1,人,0.025031700281078723,0.03424053055284778,0.026853502094713676,0.07567665102850955
frozen_prefix_no_nms,S_FIXED,-1,15,2,自行车,0.011811579509599312,0.015647718618015647,0.015301530153015299,0.018032786885245903
frozen_prefix_no_nms,S_FIXED,-1,15,3,轿车,0.04114621969962428,0.05221599141074728,0.04561789930106672,0.1596049479293991
frozen_prefix_no_nms,S_FIXED,-1,15,4,摩托车,0.02611978589163264,0.03515351535153515,0.026474386569091686,0.039999999999999994
frozen_prefix_no_nms,S_FIXED,-1,15,5,公交车,0.039155246326452016,0.04342619486756514,0.039615384833869595,0.1577142857142857
frozen_prefix_no_nms,S_FIXED,-1,15,6,火车,0.0,0.0,0.0,0.0
frozen_prefix_no_nms,S_FIXED,-1,15,7,卡车,0.028913365129115288,0.03397550880511286,0.031218363746256732,0.12125984251968505
frozen_prefix_no_nms,S_FIXED,-1,15,8,交通灯,0.009936496749669076,0.019031868381538405,0.011851185118511852,0.01547111283443195
frozen_prefix_no_nms,S_FIXED,-1,20,1,人,0.027832994189907038,0.03943809065020548,0.029478549344641853,0.09501984843016961
frozen_prefix_no_nms,S_FIXED,-1,20,2,自行车,0.012304645611826258,0.016089108910891086,0.015927679724494187,0.021311475409836068
frozen_prefix_no_nms,S_FIXED,-1,20,3,轿车,0.04430030250033407,0.05727038158982137,0.04905068601155976,0.18767417982692022
frozen_prefix_no_nms,S_FIXED,-1,20,4,摩托车,0.027807566470932805,0.04087432552779087,0.027148429128627145,0.049473684210526316
frozen_prefix_no_nms,S_FIXED,-1,20,5,公交车,0.04043874638795379,0.04507644977930022,0.04119849557943361,0.17485714285714288
frozen_prefix_no_nms,S_FIXED,-1,20,6,火车,0.0,0.0,0.0,0.0
frozen_prefix_no_nms,S_FIXED,-1,20,7,卡车,0.03155688900700839,0.03698175031642603,0.03414588536719645,0.1479190101237345
frozen_prefix_no_nms,S_FIXED,-1,20,8,交通灯,0.010914248023338935,0.02208321750497293,0.01218921892189219,0.0203761147731679
frozen_prefix_no_nms,S_FIXED,-1,30,1,人,0.03272799065988509,0.04902325596177942,0.033099038560500275,0.12923132443161311
frozen_prefix_no_nms,S_FIXED,-1,30,2,自行车,0.016784662633919013,0.02346937358532487,0.01904036557501904,0.029918032786885245
frozen_prefix_no_nms,S_FIXED,-1,30,3,轿车,0.049011529327250475,0.06586672710787342,0.05310816959611947,0.22950178457927933
frozen_prefix_no_nms,S_FIXED,-1,30,4,摩托车,0.029860583468519178,0.04274668298868787,0.03024405538190576,0.06526315789473683
frozen_prefix_no_nms,S_FIXED,-1,30,5,公交车,0.04308115184085324,0.048978034141801616,0.0442355732608552,0.20914285714285713
frozen_prefix_no_nms,S_FIXED,-1,30,6,火车,0.0,0.0,0.0,0.0
frozen_prefix_no_nms,S_FIXED,-1,30,7,卡车,0.03378818791931655,0.03978736075112761,0.0370513976704349,0.18256467941507312
frozen_prefix_no_nms,S_FIXED,-1,30,8,交通灯,0.012886281960900511,0.026791862606144294,0.01323472137373534,0.030593253198914306
frozen_prefix_no_nms,S_FIXED,-1,40,1,人,0.03641210082394493,0.056053693219691406,0.036528188388561506,0.15976181883796461
frozen_prefix_no_nms,S_FIXED,-1,40,2,自行车,0.01759938589572024,0.02547731909622746,0.021985229375932145,0.03811475409836066
frozen_prefix_no_nms,S_FIXED,-1,40,3,轿车,0.052653818242139265,0.07339889738737435,0.056360926856306615,0.26355057937710846
frozen_prefix_no_nms,S_FIXED,-1,40,4,摩托车,0.032702847070047586,0.05018909872790422,0.032917577472032916,0.07789473684210527
frozen_prefix_no_nms,S_FIXED,-1,40,5,公交车,0.04487396768865017,0.050842387191519046,0.04601416539965497,0.23285714285714287
frozen_prefix_no_nms,S_FIXED,-1,40,6,火车,0.0,0.0,0.0,0.0
frozen_prefix_no_nms,S_FIXED,-1,40,7,卡车,0.0361989289235625,0.04310647830621657,0.03960378745747722,0.22069741282339708
frozen_prefix_no_nms,S_FIXED,-1,40,8,交通灯,0.015187791453622843,0.033300056502569696,0.014392662155637703,0.04288483908491664
