action_space,method,seed,budget,mean_K,AP,AP50,AP75,AR100,detections
frozen_prefix_no_nms,M11,830101,10,10.0,0.02847463608808396,0.03813241045760063,0.03001074790851759,0.08889284828876069,20000
frozen_prefix_no_nms,M11,830101,15,15.0,0.030694073553773328,0.04315085947851312,0.032234724016047864,0.11028260543218989,30000
frozen_prefix_no_nms,M11,830101,20,20.0,0.0311299446849368,0.04384138650422115,0.03265861919116284,0.12298949061265244,40000
frozen_prefix_no_nms,M11,830101,30,30.0,0.03105675268186032,0.04433323485891258,0.03253680465110087,0.13720854781375272,60000
frozen_prefix_no_nms,M11,830101,40,40.0,0.031195142574036085,0.04491618328135256,0.03254034434911524,0.14373334234926213,80000
frozen_prefix_no_nms,M11,830102,10,10.0,0.028483932874861735,0.038135990149489686,0.03024962065635389,0.08818269464761237,20000
frozen_prefix_no_nms,M11,830102,15,15.0,0.030356306266150847,0.04251099776203739,0.03175669348229521,0.1096726496627772,30000
frozen_prefix_no_nms,M11,830102,20,20.0,0.03113642738838759,0.0440029047479641,0.03263048312637408,0.12403807947156002,40000
frozen_prefix_no_nms,M11,830102,30,30.0,0.031043371599915683,0.04434395455665087,0.0323781586144779,0.1373056134588781,60000
frozen_prefix_no_nms,M11,830102,40,40.0,0.031130114245060847,0.04477834222529488,0.032506140694951155,0.1438601633493533,80000
frozen_prefix_no_nms,M11,830103,10,10.0,0.028008644923598405,0.03745604420788736,0.02965900592361353,0.08819733000958262,20000
frozen_prefix_no_nms,M11,830103,15,15.0,0.030699620405122915,0.04289389772079065,0.0321791782879488,0.11103528921792054,30000
frozen_prefix_no_nms,M11,830103,20,20.0,0.03073209584560491,0.043294072882942874,0.032264105676284474,0.12195507919571424,40000
frozen_prefix_no_nms,M11,830103,30,30.0,0.031067457257663692,0.044341156094763044,0.0325488332124717,0.13726297150851133,60000
frozen_prefix_no_nms,M11,830103,40,40.0,0.031045321441528766,0.044599263718833305,0.032458929281056224,0.14369736448718157,80000
frozen_prefix_no_nms,S_ADAPT,-1,10,10.0,0.020447960410331516,0.024947425261257386,0.022367673806682954,0.05993871069472693,20000
frozen_prefix_no_nms,S_ADAPT,-1,15,15.0,0.022849372303247403,0.028974877494205187,0.025244389367759863,0.07576619293365011,30000
frozen_prefix_no_nms,S_ADAPT,-1,20,20.0,0.025100702745627645,0.033226716523942434,0.027011293311935688,0.09312632443910972,40000
frozen_prefix_no_nms,S_ADAPT,-1,30,30.0,0.028840349201117374,0.03962960942246119,0.030778016080943153,0.12410563548412701,60000
frozen_prefix_no_nms,S_ADAPT,-1,40,40.0,0.030440256783115988,0.043112819200876555,0.03190479620006606,0.140666054683114,80000
frozen_prefix_no_nms,S_FIXED,-1,10,10.0,0.020461042817771495,0.025060957273536754,0.022242813636534155,0.058371476722656614,20000
frozen_prefix_no_nms,S_FIXED,-1,15,15.0,0.02276429919839642,0.029211415998420285,0.024616531477065696,0.07346995336394466,30000
frozen_prefix_no_nms,S_FIXED,-1,20,20.0,0.02439442402391266,0.032226665534925994,0.026142368009730653,0.08707893195393719,40000
frozen_prefix_no_nms,S_FIXED,-1,30,30.0,0.02726754847633051,0.037082912142842386,0.028751665177321254,0.10952688618116987,60000
frozen_prefix_no_nms,S_FIXED,-1,40,40.0,0.029453605012210945,0.04154599130393784,0.03097531713820038,0.12947016049012444,80000
