comparison,budget,seed_summary,metric,point_estimate,ci95_low,ci95_high,resamples,bootstrap_seed,resample_unit,paired,ci_note
M11 - S_ADAPT,10,mean_of_3_seeds,Coverage,0.6564999999999999,0.6256625000000001,0.6880041666666665,5000,530002,group_40_images,True,"3-seed summary: per-group 3-seed mean difference, then bootstrap"
M11 - S_ADAPT,10,seed_830101,Coverage,0.6585000000000001,0.6269875,0.6905,5000,530002,group_40_images,True,per-seed interval; endpoints are NOT averaged across seeds
M11 - S_ADAPT,10,seed_830102,Coverage,0.6575,0.6255000000000001,0.69,5000,530002,group_40_images,True,per-seed interval; endpoints are NOT averaged across seeds
M11 - S_ADAPT,10,seed_830103,Coverage,0.6535,0.6214999999999999,0.685,5000,530002,group_40_images,True,per-seed interval; endpoints are NOT averaged across seeds
M11 - S_ADAPT,15,mean_of_3_seeds,Coverage,0.8029999999999999,0.7669958333333333,0.8388333333333334,5000,530002,group_40_images,True,"3-seed summary: per-group 3-seed mean difference, then bootstrap"
M11 - S_ADAPT,15,seed_830101,Coverage,0.8110000000000003,0.7760000000000001,0.846,5000,530002,group_40_images,True,per-seed interval; endpoints are NOT averaged across seeds
M11 - S_ADAPT,15,seed_830102,Coverage,0.8065000000000002,0.7695000000000001,0.843,5000,530002,group_40_images,True,per-seed interval; endpoints are NOT averaged across seeds
M11 - S_ADAPT,15,seed_830103,Coverage,0.7915000000000001,0.7535,0.8295,5000,530002,group_40_images,True,per-seed interval; endpoints are NOT averaged across seeds
M11 - S_ADAPT,20,mean_of_3_seeds,Coverage,0.7515000000000001,0.7066625,0.7975,5000,530002,group_40_images,True,"3-seed summary: per-group 3-seed mean difference, then bootstrap"
M11 - S_ADAPT,20,seed_830101,Coverage,0.7559999999999999,0.7105000000000001,0.8035,5000,530002,group_40_images,True,per-seed interval; endpoints are NOT averaged across seeds
M11 - S_ADAPT,20,seed_830102,Coverage,0.748,0.7025000000000001,0.7929999999999999,5000,530002,group_40_images,True,per-seed interval; endpoints are NOT averaged across seeds
M11 - S_ADAPT,20,seed_830103,Coverage,0.7505000000000002,0.7044875,0.7975000000000001,5000,530002,group_40_images,True,per-seed interval; endpoints are NOT averaged across seeds
M11 - S_ADAPT,30,mean_of_3_seeds,Coverage,0.49050000000000005,0.4526666666666667,0.5285,5000,530002,group_40_images,True,"3-seed summary: per-group 3-seed mean difference, then bootstrap"
M11 - S_ADAPT,30,seed_830101,Coverage,0.4974999999999999,0.4584999999999999,0.5369999999999999,5000,530002,group_40_images,True,per-seed interval; endpoints are NOT averaged across seeds
M11 - S_ADAPT,30,seed_830102,Coverage,0.4895,0.452,0.527,5000,530002,group_40_images,True,per-seed interval; endpoints are NOT averaged across seeds
M11 - S_ADAPT,30,seed_830103,Coverage,0.4845,0.4475,0.523,5000,530002,group_40_images,True,per-seed interval; endpoints are NOT averaged across seeds
M11 - S_ADAPT,40,mean_of_3_seeds,Coverage,0.19133333333333333,0.1693333333333333,0.21383333333333338,5000,530002,group_40_images,True,"3-seed summary: per-group 3-seed mean difference, then bootstrap"
M11 - S_ADAPT,40,seed_830101,Coverage,0.1904999999999999,0.168,0.2139999999999999,5000,530002,group_40_images,True,per-seed interval; endpoints are NOT averaged across seeds
M11 - S_ADAPT,40,seed_830102,Coverage,0.193,0.17,0.2169999999999999,5000,530002,group_40_images,True,per-seed interval; endpoints are NOT averaged across seeds
M11 - S_ADAPT,40,seed_830103,Coverage,0.1905,0.1685,0.2129999999999999,5000,530002,group_40_images,True,per-seed interval; endpoints are NOT averaged across seeds
M11 - S_ADAPT,10,mean_of_3_seeds,QUALITY,0.49131454587017453,0.4636456135805601,0.5187404832118598,5000,530002,group_40_images,True,"3-seed summary: per-group 3-seed mean difference, then bootstrap"
M11 - S_ADAPT,10,seed_830101,QUALITY,0.4928544918721181,0.4643584621475565,0.5214675796321646,5000,530002,group_40_images,True,per-seed interval; endpoints are NOT averaged across seeds
M11 - S_ADAPT,10,seed_830102,QUALITY,0.4888325677168083,0.4606995394368125,0.5167062342413858,5000,530002,group_40_images,True,per-seed interval; endpoints are NOT averaged across seeds
M11 - S_ADAPT,10,seed_830103,QUALITY,0.4922565780215971,0.4643452964689975,0.5196078163023644,5000,530002,group_40_images,True,per-seed interval; endpoints are NOT averaged across seeds
M11 - S_ADAPT,15,mean_of_3_seeds,QUALITY,0.5251181262455118,0.49231568256331204,0.5581715288999929,5000,530002,group_40_images,True,"3-seed summary: per-group 3-seed mean difference, then bootstrap"
M11 - S_ADAPT,15,seed_830101,QUALITY,0.5268067439658438,0.4935423101898921,0.5600357727358543,5000,530002,group_40_images,True,per-seed interval; endpoints are NOT averaged across seeds
M11 - S_ADAPT,15,seed_830102,QUALITY,0.5263461319498487,0.4940024577318986,0.5586656192892071,5000,530002,group_40_images,True,per-seed interval; endpoints are NOT averaged across seeds
M11 - S_ADAPT,15,seed_830103,QUALITY,0.5222015028208429,0.4884795700786107,0.556461052434547,5000,530002,group_40_images,True,per-seed interval; endpoints are NOT averaged across seeds
M11 - S_ADAPT,20,mean_of_3_seeds,QUALITY,0.43851178117871625,0.4026161840069744,0.4757347468902887,5000,530002,group_40_images,True,"3-seed summary: per-group 3-seed mean difference, then bootstrap"
M11 - S_ADAPT,20,seed_830101,QUALITY,0.4369895595327662,0.400905144197181,0.4745812722592181,5000,530002,group_40_images,True,per-seed interval; endpoints are NOT averaged across seeds
M11 - S_ADAPT,20,seed_830102,QUALITY,0.441153977148307,0.4050860913106509,0.4781610585618279,5000,530002,group_40_images,True,per-seed interval; endpoints are NOT averaged across seeds
M11 - S_ADAPT,20,seed_830103,QUALITY,0.4373918068550757,0.4009894488433325,0.4747702726120929,5000,530002,group_40_images,True,per-seed interval; endpoints are NOT averaged across seeds
M11 - S_ADAPT,30,mean_of_3_seeds,QUALITY,0.21346433214982305,0.1882303942734811,0.2389310843040455,5000,530002,group_40_images,True,"3-seed summary: per-group 3-seed mean difference, then bootstrap"
M11 - S_ADAPT,30,seed_830101,QUALITY,0.2153950018985044,0.1895496770895243,0.2415156845749724,5000,530002,group_40_images,True,per-seed interval; endpoints are NOT averaged across seeds
M11 - S_ADAPT,30,seed_830102,QUALITY,0.2124328691127573,0.1878853337759906,0.2369596202148084,5000,530002,group_40_images,True,per-seed interval; endpoints are NOT averaged across seeds
M11 - S_ADAPT,30,seed_830103,QUALITY,0.2125651254382072,0.1866995536699867,0.2387939607374502,5000,530002,group_40_images,True,per-seed interval; endpoints are NOT averaged across seeds
M11 - S_ADAPT,40,mean_of_3_seeds,QUALITY,0.06500498890461594,0.053876709411876174,0.07727164389917515,5000,530002,group_40_images,True,"3-seed summary: per-group 3-seed mean difference, then bootstrap"
M11 - S_ADAPT,40,seed_830101,QUALITY,0.0641388153789935,0.0526483108561491,0.0764892099896303,5000,530002,group_40_images,True,per-seed interval; endpoints are NOT averaged across seeds
M11 - S_ADAPT,40,seed_830102,QUALITY,0.06612935071924,0.0548207334265235,0.0785670524058709,5000,530002,group_40_images,True,per-seed interval; endpoints are NOT averaged across seeds
M11 - S_ADAPT,40,seed_830103,QUALITY,0.0647468006156139,0.0530917095929957,0.0773841038092238,5000,530002,group_40_images,True,per-seed interval; endpoints are NOT averaged across seeds
