dataset_id,detector_id,candidate_asset_id,protocol_id,method,seed,budget,class_id,class_name,class_name_cn,gt_support,gt_support_all_dev,images_with_class,matched_count,coverage_recall,class_gt_share_of_condition,class_AP,class_AP50,class_AP75,class_AR100
bdd100k_road8_dev2k,yolov8n_ultralytics_8.4.77_f59b3d83,yolov8n_bdd100k_road8_top100_v1,PFX_EXACT,M11,830101,10,1,person,人,2771,2771,631,568,0.20498015156983038,0.09247146766335179,0.0401631667013616,0.0625259087931021,0.0406008589918015,0.1348249729339588
bdd100k_road8_dev2k,yolov8n_ultralytics_8.4.77_f59b3d83,yolov8n_bdd100k_road8_top100_v1,PFX_EXACT,M11,830101,10,2,bicycle,自行车,244,244,125,9,0.036885245901639344,0.008142561569779083,0.0158075046635098,0.0226308345120226,0.0165016501650164,0.0258196721311475
bdd100k_road8_dev2k,yolov8n_ultralytics_8.4.77_f59b3d83,yolov8n_bdd100k_road8_top100_v1,PFX_EXACT,M11,830101,10,3,car,轿车,20453,20453,1988,3910,0.19116999951107416,0.6825402122405393,0.0477750670114431,0.0619445864906225,0.0527739052718336,0.1508531755732655
bdd100k_road8_dev2k,yolov8n_ultralytics_8.4.77_f59b3d83,yolov8n_bdd100k_road8_top100_v1,PFX_EXACT,M11,830101,10,4,motorcycle,摩托车,95,95,66,5,0.05263157894736842,0.003170259627577922,0.0246805449775746,0.0316916307015316,0.0243716679360243,0.0357894736842105
bdd100k_road8_dev2k,yolov8n_ultralytics_8.4.77_f59b3d83,yolov8n_bdd100k_road8_top100_v1,PFX_EXACT,M11,830101,10,5,bus,公交车,350,350,258,77,0.22,0.011679903891076553,0.047489206500193,0.05479154819738,0.0488534328802684,0.1931428571428571
bdd100k_road8_dev2k,yolov8n_ultralytics_8.4.77_f59b3d83,yolov8n_bdd100k_road8_top100_v1,PFX_EXACT,M11,830101,10,6,train,火车,6,6,5,0,0.0,0.00020022692384702662,0.0,0.0,0.0,0.0
bdd100k_road8_dev2k,yolov8n_ultralytics_8.4.77_f59b3d83,yolov8n_bdd100k_road8_top100_v1,PFX_EXACT,M11,830101,10,7,truck,卡车,889,889,540,161,0.18110236220472442,0.029666955883334446,0.0403660182113501,0.048881381701652,0.0443790408138086,0.1532058492688414
bdd100k_road8_dev2k,yolov8n_ultralytics_8.4.77_f59b3d83,yolov8n_bdd100k_road8_top100_v1,PFX_EXACT,M11,830101,10,8,traffic light,交通灯,5158,5158,1123,186,0.03606048856145793,0.17212841220049388,0.0115155806392392,0.0225933932644939,0.0126054272093876,0.0175067855758045
bdd100k_road8_dev2k,yolov8n_ultralytics_8.4.77_f59b3d83,yolov8n_bdd100k_road8_top100_v1,PFX_EXACT,M11,830101,15,1,person,人,2771,2771,631,676,0.24395525081198124,0.09247146766335179,0.0404424502152537,0.0642991003903923,0.0399343009830447,0.1574882713821724
bdd100k_road8_dev2k,yolov8n_ultralytics_8.4.77_f59b3d83,yolov8n_bdd100k_road8_top100_v1,PFX_EXACT,M11,830101,15,2,bicycle,自行车,244,244,125,13,0.05327868852459016,0.008142561569779083,0.0206826717154474,0.0298743335872048,0.0235969220264201,0.0377049180327868
bdd100k_road8_dev2k,yolov8n_ultralytics_8.4.77_f59b3d83,yolov8n_bdd100k_road8_top100_v1,PFX_EXACT,M11,830101,15,3,car,轿车,20453,20453,1988,5144,0.25150344692710114,0.6825402122405393,0.0513218124337977,0.0691617872454628,0.0556135988345374,0.1916638145993253
bdd100k_road8_dev2k,yolov8n_ultralytics_8.4.77_f59b3d83,yolov8n_bdd100k_road8_top100_v1,PFX_EXACT,M11,830101,15,4,motorcycle,摩托车,95,95,66,10,0.10526315789473684,0.003170259627577922,0.0328788962611576,0.0507612048469459,0.032151724067365,0.0642105263157894
bdd100k_road8_dev2k,yolov8n_ultralytics_8.4.77_f59b3d83,yolov8n_bdd100k_road8_top100_v1,PFX_EXACT,M11,830101,15,5,bus,公交车,350,350,258,88,0.25142857142857145,0.011679903891076553,0.0460170457009253,0.0530828944297017,0.0478137162579215,0.2174285714285714
bdd100k_road8_dev2k,yolov8n_ultralytics_8.4.77_f59b3d83,yolov8n_bdd100k_road8_top100_v1,PFX_EXACT,M11,830101,15,6,train,火车,6,6,5,0,0.0,0.00020022692384702662,0.0,0.0,0.0,0.0
bdd100k_road8_dev2k,yolov8n_ultralytics_8.4.77_f59b3d83,yolov8n_bdd100k_road8_top100_v1,PFX_EXACT,M11,830101,15,7,truck,卡车,889,889,540,202,0.22722159730033745,0.029666955883334446,0.0403338038106724,0.0486997701821955,0.044419338042692,0.1880764904386951
bdd100k_road8_dev2k,yolov8n_ultralytics_8.4.77_f59b3d83,yolov8n_bdd100k_road8_top100_v1,PFX_EXACT,M11,830101,15,8,traffic light,交通灯,5158,5158,1123,273,0.05292749127568825,0.17212841220049388,0.0138759082929321,0.0293277851462016,0.0143481919164019,0.0256882512601783
bdd100k_road8_dev2k,yolov8n_ultralytics_8.4.77_f59b3d83,yolov8n_bdd100k_road8_top100_v1,PFX_EXACT,M11,830101,20,1,person,人,2771,2771,631,725,0.2616383976903645,0.09247146766335179,0.0403742912982179,0.0648895142403802,0.0399105038747704,0.1675568386863948
bdd100k_road8_dev2k,yolov8n_ultralytics_8.4.77_f59b3d83,yolov8n_bdd100k_road8_top100_v1,PFX_EXACT,M11,830101,20,2,bicycle,自行车,244,244,125,14,0.05737704918032787,0.008142561569779083,0.0193418584209474,0.0277486384342352,0.0222772277227722,0.0381147540983606
bdd100k_road8_dev2k,yolov8n_ultralytics_8.4.77_f59b3d83,yolov8n_bdd100k_road8_top100_v1,PFX_EXACT,M11,830101,20,3,car,轿车,20453,20453,1988,6117,0.2990759301813915,0.6825402122405393,0.0532576339120816,0.0718617925338231,0.0588537995578168,0.2218452060822372
bdd100k_road8_dev2k,yolov8n_ultralytics_8.4.77_f59b3d83,yolov8n_bdd100k_road8_top100_v1,PFX_EXACT,M11,830101,20,4,motorcycle,摩托车,95,95,66,11,0.11578947368421053,0.003170259627577922,0.0332302414924956,0.0503106192972238,0.0330169198262459,0.0726315789473684
bdd100k_road8_dev2k,yolov8n_ultralytics_8.4.77_f59b3d83,yolov8n_bdd100k_road8_top100_v1,PFX_EXACT,M11,830101,20,5,bus,公交车,350,350,258,99,0.28285714285714286,0.011679903891076553,0.0476927703492884,0.0550517634288377,0.0495495283564287,0.242
bdd100k_road8_dev2k,yolov8n_ultralytics_8.4.77_f59b3d83,yolov8n_bdd100k_road8_top100_v1,PFX_EXACT,M11,830101,20,6,train,火车,6,6,5,0,0.0,0.00020022692384702662,0.0,0.0,0.0,0.0
bdd100k_road8_dev2k,yolov8n_ultralytics_8.4.77_f59b3d83,yolov8n_bdd100k_road8_top100_v1,PFX_EXACT,M11,830101,20,7,truck,卡车,889,889,540,226,0.2542182227221597,0.029666955883334446,0.0396885414086589,0.0483080084510623,0.0433249537544909,0.2094488188976378
bdd100k_road8_dev2k,yolov8n_ultralytics_8.4.77_f59b3d83,yolov8n_bdd100k_road8_top100_v1,PFX_EXACT,M11,830101,20,8,traffic light,交通灯,5158,5158,1123,360,0.06979449398991858,0.17212841220049388,0.0154542205978043,0.0325607556482065,0.0143360204367775,0.0323187281892206
bdd100k_road8_dev2k,yolov8n_ultralytics_8.4.77_f59b3d83,yolov8n_bdd100k_road8_top100_v1,PFX_EXACT,M11,830101,30,1,person,人,2771,2771,631,765,0.27607361963190186,0.09247146766335179,0.0397865486187798,0.0631564022766584,0.039635098985198,0.1756405629736557
bdd100k_road8_dev2k,yolov8n_ultralytics_8.4.77_f59b3d83,yolov8n_bdd100k_road8_top100_v1,PFX_EXACT,M11,830101,30,2,bicycle,自行车,244,244,125,15,0.06147540983606557,0.008142561569779083,0.0183602571128474,0.0274041684076646,0.0219480076086426,0.0413934426229508
bdd100k_road8_dev2k,yolov8n_ultralytics_8.4.77_f59b3d83,yolov8n_bdd100k_road8_top100_v1,PFX_EXACT,M11,830101,30,3,car,轿车,20453,20453,1988,7562,0.36972571260939713,0.6825402122405393,0.0548352646309555,0.0760582983867659,0.0596377298361758,0.2630274287390602
bdd100k_road8_dev2k,yolov8n_ultralytics_8.4.77_f59b3d83,yolov8n_bdd100k_road8_top100_v1,PFX_EXACT,M11,830101,30,4,motorcycle,摩托车,95,95,66,12,0.12631578947368421,0.003170259627577922,0.0323710106731535,0.0495923738032066,0.0325842540355879,0.0778947368421052
bdd100k_road8_dev2k,yolov8n_ultralytics_8.4.77_f59b3d83,yolov8n_bdd100k_road8_top100_v1,PFX_EXACT,M11,830101,30,5,bus,公交车,350,350,258,108,0.30857142857142855,0.011679903891076553,0.0481655662703904,0.0552939959486636,0.0499317512552074,0.2637142857142857
bdd100k_road8_dev2k,yolov8n_ultralytics_8.4.77_f59b3d83,yolov8n_bdd100k_road8_top100_v1,PFX_EXACT,M11,830101,30,6,train,火车,6,6,5,0,0.0,0.00020022692384702662,0.0,0.0,0.0,0.0
bdd100k_road8_dev2k,yolov8n_ultralytics_8.4.77_f59b3d83,yolov8n_bdd100k_road8_top100_v1,PFX_EXACT,M11,830101,30,7,truck,卡车,889,889,540,252,0.28346456692913385,0.029666955883334446,0.0383425931000109,0.0465465990770809,0.0416316527156708,0.2318335208098987
bdd100k_road8_dev2k,yolov8n_ultralytics_8.4.77_f59b3d83,yolov8n_bdd100k_road8_top100_v1,PFX_EXACT,M11,830101,30,8,traffic light,交通灯,5158,5158,1123,494,0.0957735556417216,0.17212841220049388,0.0165927810487447,0.0366140409712603,0.0149259427723241,0.0441644048080651
bdd100k_road8_dev2k,yolov8n_ultralytics_8.4.77_f59b3d83,yolov8n_bdd100k_road8_top100_v1,PFX_EXACT,M11,830101,40,1,person,人,2771,2771,631,787,0.28401299169974736,0.09247146766335179,0.0395151781630042,0.0631591831364462,0.0391138118963133,0.1801876578852399
bdd100k_road8_dev2k,yolov8n_ultralytics_8.4.77_f59b3d83,yolov8n_bdd100k_road8_top100_v1,PFX_EXACT,M11,830101,40,2,bicycle,自行车,244,244,125,15,0.06147540983606557,0.008142561569779083,0.0184036109947883,0.0270152144316547,0.0219480076086426,0.0422131147540983
bdd100k_road8_dev2k,yolov8n_ultralytics_8.4.77_f59b3d83,yolov8n_bdd100k_road8_top100_v1,PFX_EXACT,M11,830101,40,3,car,轿车,20453,20453,1988,8292,0.4054172981958637,0.6825402122405393,0.0556146212460717,0.0787682112386331,0.0591789215899187,0.2818657409670953
bdd100k_road8_dev2k,yolov8n_ultralytics_8.4.77_f59b3d83,yolov8n_bdd100k_road8_top100_v1,PFX_EXACT,M11,830101,40,4,motorcycle,摩托车,95,95,66,12,0.12631578947368421,0.003170259627577922,0.0323590683268869,0.0495570289032548,0.0325842540355879,0.0778947368421052
bdd100k_road8_dev2k,yolov8n_ultralytics_8.4.77_f59b3d83,yolov8n_bdd100k_road8_top100_v1,PFX_EXACT,M11,830101,40,5,bus,公交车,350,350,258,110,0.3142857142857143,0.011679903891076553,0.0481898755041562,0.0554381268279805,0.0502084179647071,0.2691428571428572
bdd100k_road8_dev2k,yolov8n_ultralytics_8.4.77_f59b3d83,yolov8n_bdd100k_road8_top100_v1,PFX_EXACT,M11,830101,40,6,train,火车,6,6,5,0,0.0,0.00020022692384702662,0.0,0.0,0.0,0.0
bdd100k_road8_dev2k,yolov8n_ultralytics_8.4.77_f59b3d83,yolov8n_bdd100k_road8_top100_v1,PFX_EXACT,M11,830101,40,7,truck,卡车,889,889,540,270,0.30371203599550056,0.029666955883334446,0.0384980136729917,0.0466185737178032,0.042036550679624,0.2478065241844769
bdd100k_road8_dev2k,yolov8n_ultralytics_8.4.77_f59b3d83,yolov8n_bdd100k_road8_top100_v1,PFX_EXACT,M11,830101,40,8,traffic light,交通灯,5158,5158,1123,585,0.11341605273361768,0.17212841220049388,0.0169807726843894,0.0387731279950476,0.015252791018128,0.0507561070182241
bdd100k_road8_dev2k,yolov8n_ultralytics_8.4.77_f59b3d83,yolov8n_bdd100k_road8_top100_v1,PFX_EXACT,M11,830102,10,1,person,人,2771,2771,631,562,0.2028148682785998,0.09247146766335179,0.0396604013670971,0.061777868239564,0.0400528306049215,0.1336701551786358
bdd100k_road8_dev2k,yolov8n_ultralytics_8.4.77_f59b3d83,yolov8n_bdd100k_road8_top100_v1,PFX_EXACT,M11,830102,10,2,bicycle,自行车,244,244,125,10,0.040983606557377046,0.008142561569779083,0.0191681668166816,0.0279027902790279,0.0207020702070207,0.0290983606557377
bdd100k_road8_dev2k,yolov8n_ultralytics_8.4.77_f59b3d83,yolov8n_bdd100k_road8_top100_v1,PFX_EXACT,M11,830102,10,3,car,轿车,20453,20453,1988,3919,0.1916100327580306,0.6825402122405393,0.0478641909482545,0.0620556701610219,0.0528714054716719,0.1514594436024055
bdd100k_road8_dev2k,yolov8n_ultralytics_8.4.77_f59b3d83,yolov8n_bdd100k_road8_top100_v1,PFX_EXACT,M11,830102,10,4,motorcycle,摩托车,95,95,66,5,0.05263157894736842,0.003170259627577922,0.0246805449775746,0.0316916307015316,0.0243716679360243,0.0357894736842105
bdd100k_road8_dev2k,yolov8n_ultralytics_8.4.77_f59b3d83,yolov8n_bdd100k_road8_top100_v1,PFX_EXACT,M11,830102,10,5,bus,公交车,350,350,258,75,0.21428571428571427,0.011679903891076553,0.0458975313536772,0.0524032602655484,0.047979492567585,0.1877142857142857
bdd100k_road8_dev2k,yolov8n_ultralytics_8.4.77_f59b3d83,yolov8n_bdd100k_road8_top100_v1,PFX_EXACT,M11,830102,10,6,train,火车,6,6,5,0,0.0,0.00020022692384702662,0.0,0.0,0.0,0.0
bdd100k_road8_dev2k,yolov8n_ultralytics_8.4.77_f59b3d83,yolov8n_bdd100k_road8_top100_v1,PFX_EXACT,M11,830102,10,7,truck,卡车,889,889,540,158,0.17772778402699663,0.029666955883334446,0.0390874796559633,0.0463141502659826,0.043422950850731,0.150281214848144
bdd100k_road8_dev2k,yolov8n_ultralytics_8.4.77_f59b3d83,yolov8n_bdd100k_road8_top100_v1,PFX_EXACT,M11,830102,10,8,traffic light,交通灯,5158,5158,1123,185,0.03586661496704149,0.17212841220049388,0.0115131478796452,0.0229425512832407,0.0125965476128764,0.0174486234974796
bdd100k_road8_dev2k,yolov8n_ultralytics_8.4.77_f59b3d83,yolov8n_bdd100k_road8_top100_v1,PFX_EXACT,M11,830102,15,1,person,人,2771,2771,631,675,0.2435943702634428,0.09247146766335179,0.039933582740515,0.0633613087690085,0.0394764720562439,0.1575604474918801
bdd100k_road8_dev2k,yolov8n_ultralytics_8.4.77_f59b3d83,yolov8n_bdd100k_road8_top100_v1,PFX_EXACT,M11,830102,15,2,bicycle,自行车,244,244,125,13,0.05327868852459016,0.008142561569779083,0.0206826717154474,0.0298743335872048,0.0235969220264201,0.0377049180327868
bdd100k_road8_dev2k,yolov8n_ultralytics_8.4.77_f59b3d83,yolov8n_bdd100k_road8_top100_v1,PFX_EXACT,M11,830102,15,3,car,轿车,20453,20453,1988,5131,0.2508678433481641,0.6825402122405393,0.0514678133270573,0.0692768690450566,0.055827621192752,0.1915464724001369
bdd100k_road8_dev2k,yolov8n_ultralytics_8.4.77_f59b3d83,yolov8n_bdd100k_road8_top100_v1,PFX_EXACT,M11,830102,15,4,motorcycle,摩托车,95,95,66,9,0.09473684210526316,0.003170259627577922,0.0305676912229037,0.0469385734091616,0.029042904290429,0.0578947368421052
bdd100k_road8_dev2k,yolov8n_ultralytics_8.4.77_f59b3d83,yolov8n_bdd100k_road8_top100_v1,PFX_EXACT,M11,830102,15,5,bus,公交车,350,350,258,89,0.2542857142857143,0.011679903891076553,0.0464608044771763,0.053098313317847,0.0478169014500096,0.22
bdd100k_road8_dev2k,yolov8n_ultralytics_8.4.77_f59b3d83,yolov8n_bdd100k_road8_top100_v1,PFX_EXACT,M11,830102,15,6,train,火车,6,6,5,0,0.0,0.00020022692384702662,0.0,0.0,0.0,0.0
bdd100k_road8_dev2k,yolov8n_ultralytics_8.4.77_f59b3d83,yolov8n_bdd100k_road8_top100_v1,PFX_EXACT,M11,830102,15,7,truck,卡车,889,889,540,201,0.22609673790776152,0.029666955883334446,0.0396028279682347,0.0481128390399622,0.0439459502498745,0.1865016872890888
bdd100k_road8_dev2k,yolov8n_ultralytics_8.4.77_f59b3d83,yolov8n_bdd100k_road8_top100_v1,PFX_EXACT,M11,830102,15,8,traffic light,交通灯,5158,5158,1123,279,0.05409073284218689,0.17212841220049388,0.0141350586778721,0.0294257449280581,0.0143467765926324,0.0261729352462194
bdd100k_road8_dev2k,yolov8n_ultralytics_8.4.77_f59b3d83,yolov8n_bdd100k_road8_top100_v1,PFX_EXACT,M11,830102,20,1,person,人,2771,2771,631,730,0.2634428004330567,0.09247146766335179,0.0401972016971907,0.0644526958985503,0.0398623993701534,0.1684590400577408
bdd100k_road8_dev2k,yolov8n_ultralytics_8.4.77_f59b3d83,yolov8n_bdd100k_road8_top100_v1,PFX_EXACT,M11,830102,20,2,bicycle,自行车,244,244,125,15,0.06147540983606557,0.008142561569779083,0.019574403099698,0.0300882042807054,0.0222772277227722,0.0401639344262295
bdd100k_road8_dev2k,yolov8n_ultralytics_8.4.77_f59b3d83,yolov8n_bdd100k_road8_top100_v1,PFX_EXACT,M11,830102,20,3,car,轿车,20453,20453,1988,6092,0.29785361560651247,0.6825402122405393,0.053098728462146,0.0715769844184278,0.0586775525198905,0.2214247298684789
bdd100k_road8_dev2k,yolov8n_ultralytics_8.4.77_f59b3d83,yolov8n_bdd100k_road8_top100_v1,PFX_EXACT,M11,830102,20,4,motorcycle,摩托车,95,95,66,11,0.11578947368421053,0.003170259627577922,0.0332302414924956,0.0503106192972238,0.0330169198262459,0.0726315789473684
bdd100k_road8_dev2k,yolov8n_ultralytics_8.4.77_f59b3d83,yolov8n_bdd100k_road8_top100_v1,PFX_EXACT,M11,830102,20,5,bus,公交车,350,350,258,101,0.2885714285714286,0.011679903891076553,0.0478767514728989,0.0548737123668821,0.04940830392032,0.2468571428571428
bdd100k_road8_dev2k,yolov8n_ultralytics_8.4.77_f59b3d83,yolov8n_bdd100k_road8_top100_v1,PFX_EXACT,M11,830102,20,6,train,火车,6,6,5,0,0.0,0.00020022692384702662,0.0,0.0,0.0,0.0
bdd100k_road8_dev2k,yolov8n_ultralytics_8.4.77_f59b3d83,yolov8n_bdd100k_road8_top100_v1,PFX_EXACT,M11,830102,20,7,truck,卡车,889,889,540,228,0.25646794150731156,0.029666955883334446,0.039694428776681,0.0484710134144349,0.0434491783338098,0.2102362204724409
bdd100k_road8_dev2k,yolov8n_ultralytics_8.4.77_f59b3d83,yolov8n_bdd100k_road8_top100_v1,PFX_EXACT,M11,830102,20,8,traffic light,交通灯,5158,5158,1123,359,0.06960062039550213,0.17212841220049388,0.0154196641059904,0.0322500083074882,0.0143522833178005,0.0325319891430787
bdd100k_road8_dev2k,yolov8n_ultralytics_8.4.77_f59b3d83,yolov8n_bdd100k_road8_top100_v1,PFX_EXACT,M11,830102,30,1,person,人,2771,2771,631,764,0.2757127390833634,0.09247146766335179,0.0395156048854445,0.0625412278286243,0.0394693589629356,0.1757127390833634
bdd100k_road8_dev2k,yolov8n_ultralytics_8.4.77_f59b3d83,yolov8n_bdd100k_road8_top100_v1,PFX_EXACT,M11,830102,30,2,bicycle,自行车,244,244,125,15,0.06147540983606557,0.008142561569779083,0.0184683687852318,0.0272404238032709,0.0219480076086426,0.0418032786885245
bdd100k_road8_dev2k,yolov8n_ultralytics_8.4.77_f59b3d83,yolov8n_bdd100k_road8_top100_v1,PFX_EXACT,M11,830102,30,3,car,轿车,20453,20453,1988,7541,0.3686989683664988,0.6825402122405393,0.0547547736352207,0.0761328463656315,0.0584570296794599,0.2624896103261135
bdd100k_road8_dev2k,yolov8n_ultralytics_8.4.77_f59b3d83,yolov8n_bdd100k_road8_top100_v1,PFX_EXACT,M11,830102,30,4,motorcycle,摩托车,95,95,66,12,0.12631578947368421,0.003170259627577922,0.0323703334508485,0.0495923738032066,0.0325842540355879,0.0778947368421052
bdd100k_road8_dev2k,yolov8n_ultralytics_8.4.77_f59b3d83,yolov8n_bdd100k_road8_top100_v1,PFX_EXACT,M11,830102,30,5,bus,公交车,350,350,258,109,0.31142857142857144,0.011679903891076553,0.0483932809919479,0.0561740488993275,0.0501030071376858,0.2657142857142857
bdd100k_road8_dev2k,yolov8n_ultralytics_8.4.77_f59b3d83,yolov8n_bdd100k_road8_top100_v1,PFX_EXACT,M11,830102,30,6,train,火车,6,6,5,0,0.0,0.00020022692384702662,0.0,0.0,0.0,0.0
bdd100k_road8_dev2k,yolov8n_ultralytics_8.4.77_f59b3d83,yolov8n_bdd100k_road8_top100_v1,PFX_EXACT,M11,830102,30,7,truck,卡车,889,889,540,250,0.281214848143982,0.029666955883334446,0.0383101147755673,0.0465241113841238,0.0416189765428429,0.2302587176602924
bdd100k_road8_dev2k,yolov8n_ultralytics_8.4.77_f59b3d83,yolov8n_bdd100k_road8_top100_v1,PFX_EXACT,M11,830102,30,8,traffic light,交通灯,5158,5158,1123,501,0.09713067080263668,0.17212841220049388,0.0165344962750644,0.036546604369022,0.0148446349486681,0.0445715393563396
bdd100k_road8_dev2k,yolov8n_ultralytics_8.4.77_f59b3d83,yolov8n_bdd100k_road8_top100_v1,PFX_EXACT,M11,830102,40,1,person,人,2771,2771,631,787,0.28401299169974736,0.09247146766335179,0.0392532549860271,0.062607684838966,0.0388897133985264,0.1802959220498014
bdd100k_road8_dev2k,yolov8n_ultralytics_8.4.77_f59b3d83,yolov8n_bdd100k_road8_top100_v1,PFX_EXACT,M11,830102,40,2,bicycle,自行车,244,244,125,15,0.06147540983606557,0.008142561569779083,0.0183957163411489,0.0269642367938451,0.0219480076086426,0.0422131147540983
bdd100k_road8_dev2k,yolov8n_ultralytics_8.4.77_f59b3d83,yolov8n_bdd100k_road8_top100_v1,PFX_EXACT,M11,830102,40,3,car,轿车,20453,20453,1988,8296,0.40561286852784434,0.6825402122405393,0.0556759735381983,0.0788359872057145,0.0592550299705366,0.2820466435241773
bdd100k_road8_dev2k,yolov8n_ultralytics_8.4.77_f59b3d83,yolov8n_bdd100k_road8_top100_v1,PFX_EXACT,M11,830102,40,4,motorcycle,摩托车,95,95,66,12,0.12631578947368421,0.003170259627577922,0.0323643054065748,0.049574485835548,0.0325842540355879,0.0778947368421052
bdd100k_road8_dev2k,yolov8n_ultralytics_8.4.77_f59b3d83,yolov8n_bdd100k_road8_top100_v1,PFX_EXACT,M11,830102,40,5,bus,公交车,350,350,258,110,0.3142857142857143,0.011679903891076553,0.0481383801443684,0.0553734006199455,0.0501450993514697,0.2691428571428572
bdd100k_road8_dev2k,yolov8n_ultralytics_8.4.77_f59b3d83,yolov8n_bdd100k_road8_top100_v1,PFX_EXACT,M11,830102,40,6,train,火车,6,6,5,0,0.0,0.00020022692384702662,0.0,0.0,0.0,0.0
bdd100k_road8_dev2k,yolov8n_ultralytics_8.4.77_f59b3d83,yolov8n_bdd100k_road8_top100_v1,PFX_EXACT,M11,830102,40,7,truck,卡车,889,889,540,271,0.3048368953880765,0.029666955883334446,0.0384658197042707,0.0465802189257043,0.0419994295659754,0.2487064116985377
bdd100k_road8_dev2k,yolov8n_ultralytics_8.4.77_f59b3d83,yolov8n_bdd100k_road8_top100_v1,PFX_EXACT,M11,830102,40,8,traffic light,交通灯,5158,5158,1123,585,0.11341605273361768,0.17212841220049388,0.0167474638398983,0.0382907235826353,0.0152275916288703,0.0505816207832493
bdd100k_road8_dev2k,yolov8n_ultralytics_8.4.77_f59b3d83,yolov8n_bdd100k_road8_top100_v1,PFX_EXACT,M11,830103,10,1,person,人,2771,2771,631,556,0.20064958498736918,0.09247146766335179,0.038924679208848,0.0612488296722554,0.039580724075238,0.1325514254781667
bdd100k_road8_dev2k,yolov8n_ultralytics_8.4.77_f59b3d83,yolov8n_bdd100k_road8_top100_v1,PFX_EXACT,M11,830103,10,2,bicycle,自行车,244,244,125,9,0.036885245901639344,0.008142561569779083,0.0157876364559532,0.0226308345120226,0.0165016501650164,0.0258196721311475
bdd100k_road8_dev2k,yolov8n_ultralytics_8.4.77_f59b3d83,yolov8n_bdd100k_road8_top100_v1,PFX_EXACT,M11,830103,10,3,car,轿车,20453,20453,1988,3936,0.19244120666894832,0.6825402122405393,0.0477192026771316,0.0619369792306769,0.0526951099734101,0.1519630372072556
bdd100k_road8_dev2k,yolov8n_ultralytics_8.4.77_f59b3d83,yolov8n_bdd100k_road8_top100_v1,PFX_EXACT,M11,830103,10,4,motorcycle,摩托车,95,95,66,5,0.05263157894736842,0.003170259627577922,0.0246805449775746,0.0316916307015316,0.0243716679360243,0.0357894736842105
bdd100k_road8_dev2k,yolov8n_ultralytics_8.4.77_f59b3d83,yolov8n_bdd100k_road8_top100_v1,PFX_EXACT,M11,830103,10,5,bus,公交车,350,350,258,72,0.2057142857142857,0.011679903891076553,0.0454664142575341,0.0514372614529563,0.0470307055470246,0.1811428571428571
bdd100k_road8_dev2k,yolov8n_ultralytics_8.4.77_f59b3d83,yolov8n_bdd100k_road8_top100_v1,PFX_EXACT,M11,830103,10,6,train,火车,6,6,5,0,0.0,0.00020022692384702662,0.0,0.0,0.0,0.0
bdd100k_road8_dev2k,yolov8n_ultralytics_8.4.77_f59b3d83,yolov8n_bdd100k_road8_top100_v1,PFX_EXACT,M11,830103,10,7,truck,卡车,889,889,540,173,0.19460067491563554,0.029666955883334446,0.0406074355839061,0.0489850461645944,0.0444409245656819,0.1634420697412823
bdd100k_road8_dev2k,yolov8n_ultralytics_8.4.77_f59b3d83,yolov8n_bdd100k_road8_top100_v1,PFX_EXACT,M11,830103,10,8,traffic light,交通灯,5158,5158,1123,155,0.030050407134548273,0.17212841220049388,0.0108832462278392,0.0217177719290614,0.0126512651265126,0.0148701046917409
bdd100k_road8_dev2k,yolov8n_ultralytics_8.4.77_f59b3d83,yolov8n_bdd100k_road8_top100_v1,PFX_EXACT,M11,830103,15,1,person,人,2771,2771,631,673,0.24287260916636594,0.09247146766335179,0.0402926449241431,0.0642402723464488,0.0399137892104656,0.1566943341753879
bdd100k_road8_dev2k,yolov8n_ultralytics_8.4.77_f59b3d83,yolov8n_bdd100k_road8_top100_v1,PFX_EXACT,M11,830103,15,2,bicycle,自行车,244,244,125,13,0.05327868852459016,0.008142561569779083,0.0206826717154474,0.0298743335872048,0.0235969220264201,0.0377049180327868
bdd100k_road8_dev2k,yolov8n_ultralytics_8.4.77_f59b3d83,yolov8n_bdd100k_road8_top100_v1,PFX_EXACT,M11,830103,15,3,car,轿车,20453,20453,1988,5119,0.25028113235222216,0.6825402122405393,0.0512334060740514,0.0691101523187985,0.055719681113847,0.1911064391531804
bdd100k_road8_dev2k,yolov8n_ultralytics_8.4.77_f59b3d83,yolov8n_bdd100k_road8_top100_v1,PFX_EXACT,M11,830103,15,4,motorcycle,摩托车,95,95,66,10,0.10526315789473684,0.003170259627577922,0.0328788962611576,0.0507612048469459,0.032151724067365,0.0642105263157894
bdd100k_road8_dev2k,yolov8n_ultralytics_8.4.77_f59b3d83,yolov8n_bdd100k_road8_top100_v1,PFX_EXACT,M11,830103,15,5,bus,公交车,350,350,258,90,0.2571428571428571,0.011679903891076553,0.0467119561082117,0.0533941053474644,0.0479791119633393,0.2211428571428571
bdd100k_road8_dev2k,yolov8n_ultralytics_8.4.77_f59b3d83,yolov8n_bdd100k_road8_top100_v1,PFX_EXACT,M11,830103,15,6,train,火车,6,6,5,0,0.0,0.00020022692384702662,0.0,0.0,0.0,0.0
bdd100k_road8_dev2k,yolov8n_ultralytics_8.4.77_f59b3d83,yolov8n_bdd100k_road8_top100_v1,PFX_EXACT,M11,830103,15,7,truck,卡车,889,889,540,209,0.23509561304836896,0.029666955883334446,0.0405398987540497,0.0495274855046837,0.044064219394311,0.1939257592800899
bdd100k_road8_dev2k,yolov8n_ultralytics_8.4.77_f59b3d83,yolov8n_bdd100k_road8_top100_v1,PFX_EXACT,M11,830103,15,8,traffic light,交通灯,5158,5158,1123,253,0.04905001938735944,0.17212841220049388,0.0132574894039222,0.0262436278147789,0.014007978527842,0.0234974796432725
bdd100k_road8_dev2k,yolov8n_ultralytics_8.4.77_f59b3d83,yolov8n_bdd100k_road8_top100_v1,PFX_EXACT,M11,830103,20,1,person,人,2771,2771,631,727,0.26236015878744134,0.09247146766335179,0.0401703776322707,0.0644416037785195,0.0397915244925163,0.1678455431252255
bdd100k_road8_dev2k,yolov8n_ultralytics_8.4.77_f59b3d83,yolov8n_bdd100k_road8_top100_v1,PFX_EXACT,M11,830103,20,2,bicycle,自行车,244,244,125,13,0.05327868852459016,0.008142561569779083,0.0183117219206388,0.025871214417963,0.0219480076086426,0.0385245901639344
bdd100k_road8_dev2k,yolov8n_ultralytics_8.4.77_f59b3d83,yolov8n_bdd100k_road8_top100_v1,PFX_EXACT,M11,830103,20,3,car,轿车,20453,20453,1988,6134,0.2999071040923092,0.6825402122405393,0.0532762948093253,0.0717193490310979,0.058674594255121,0.2228083899672419
bdd100k_road8_dev2k,yolov8n_ultralytics_8.4.77_f59b3d83,yolov8n_bdd100k_road8_top100_v1,PFX_EXACT,M11,830103,20,4,motorcycle,摩托车,95,95,66,11,0.11578947368421053,0.003170259627577922,0.0332302414924956,0.0503106192972238,0.0330169198262459,0.0726315789473684
bdd100k_road8_dev2k,yolov8n_ultralytics_8.4.77_f59b3d83,yolov8n_bdd100k_road8_top100_v1,PFX_EXACT,M11,830103,20,5,bus,公交车,350,350,258,94,0.26857142857142857,0.011679903891076553,0.0460433992500576,0.0525585353537604,0.0473580105925972,0.2294285714285714
bdd100k_road8_dev2k,yolov8n_ultralytics_8.4.77_f59b3d83,yolov8n_bdd100k_road8_top100_v1,PFX_EXACT,M11,830103,20,6,train,火车,6,6,5,0,0.0,0.00020022692384702662,0.0,0.0,0.0,0.0
bdd100k_road8_dev2k,yolov8n_ultralytics_8.4.77_f59b3d83,yolov8n_bdd100k_road8_top100_v1,PFX_EXACT,M11,830103,20,7,truck,卡车,889,889,540,232,0.2609673790776153,0.029666955883334446,0.0397148895773993,0.0488494744130151,0.0429094787831147,0.2140607424071991
bdd100k_road8_dev2k,yolov8n_ultralytics_8.4.77_f59b3d83,yolov8n_bdd100k_road8_top100_v1,PFX_EXACT,M11,830103,20,8,traffic light,交通灯,5158,5158,1123,330,0.06397828615742536,0.17212841220049388,0.0151098420826518,0.032601786771963,0.0144143098520378,0.0303412175261729
bdd100k_road8_dev2k,yolov8n_ultralytics_8.4.77_f59b3d83,yolov8n_bdd100k_road8_top100_v1,PFX_EXACT,M11,830103,30,1,person,人,2771,2771,631,767,0.2767953807289787,0.09247146766335179,0.039709013782309,0.062988076268539,0.0396088832880258,0.1758931793576326
bdd100k_road8_dev2k,yolov8n_ultralytics_8.4.77_f59b3d83,yolov8n_bdd100k_road8_top100_v1,PFX_EXACT,M11,830103,30,2,bicycle,自行车,244,244,125,15,0.06147540983606557,0.008142561569779083,0.0184740590094267,0.0272404238032709,0.0219480076086426,0.0418032786885245
bdd100k_road8_dev2k,yolov8n_ultralytics_8.4.77_f59b3d83,yolov8n_bdd100k_road8_top100_v1,PFX_EXACT,M11,830103,30,3,car,轿车,20453,20453,1988,7546,0.3689434312814746,0.6825402122405393,0.0549571412748453,0.0762617391647741,0.0597441593884521,0.2628709724734758
bdd100k_road8_dev2k,yolov8n_ultralytics_8.4.77_f59b3d83,yolov8n_bdd100k_road8_top100_v1,PFX_EXACT,M11,830103,30,4,motorcycle,摩托车,95,95,66,12,0.12631578947368421,0.003170259627577922,0.0323710106731535,0.0495923738032066,0.0325842540355879,0.0778947368421052
bdd100k_road8_dev2k,yolov8n_ultralytics_8.4.77_f59b3d83,yolov8n_bdd100k_road8_top100_v1,PFX_EXACT,M11,830103,30,5,bus,公交车,350,350,258,108,0.30857142857142855,0.011679903891076553,0.0481481558369206,0.0553587032077848,0.0499938488106455,0.2631428571428572
bdd100k_road8_dev2k,yolov8n_ultralytics_8.4.77_f59b3d83,yolov8n_bdd100k_road8_top100_v1,PFX_EXACT,M11,830103,30,6,train,火车,6,6,5,0,0.0,0.00020022692384702662,0.0,0.0,0.0,0.0
bdd100k_road8_dev2k,yolov8n_ultralytics_8.4.77_f59b3d83,yolov8n_bdd100k_road8_top100_v1,PFX_EXACT,M11,830103,30,7,truck,卡车,889,889,540,253,0.2845894263217098,0.029666955883334446,0.0383429174627934,0.0464261318642077,0.0415659525200959,0.2336332958380202
bdd100k_road8_dev2k,yolov8n_ultralytics_8.4.77_f59b3d83,yolov8n_bdd100k_road8_top100_v1,PFX_EXACT,M11,830103,30,8,traffic light,交通灯,5158,5158,1123,481,0.09325319891430787,0.17212841220049388,0.0165373600218607,0.036861800646321,0.0149455600483235,0.0428654517254749
bdd100k_road8_dev2k,yolov8n_ultralytics_8.4.77_f59b3d83,yolov8n_bdd100k_road8_top100_v1,PFX_EXACT,M11,830103,40,1,person,人,2771,2771,631,788,0.2843738722482858,0.09247146766335179,0.0393982414789855,0.0629040728668404,0.0390205718231185,0.1805124503789245
bdd100k_road8_dev2k,yolov8n_ultralytics_8.4.77_f59b3d83,yolov8n_bdd100k_road8_top100_v1,PFX_EXACT,M11,830103,40,2,bicycle,自行车,244,244,125,15,0.06147540983606557,0.008142561569779083,0.0183990783072266,0.0269978564546227,0.0219480076086426,0.0422131147540983
bdd100k_road8_dev2k,yolov8n_ultralytics_8.4.77_f59b3d83,yolov8n_bdd100k_road8_top100_v1,PFX_EXACT,M11,830103,40,3,car,轿车,20453,20453,1988,8298,0.40571065369383463,0.6825402122405393,0.0557049001354947,0.078879140245701,0.0592871470449436,0.282110203882071
bdd100k_road8_dev2k,yolov8n_ultralytics_8.4.77_f59b3d83,yolov8n_bdd100k_road8_top100_v1,PFX_EXACT,M11,830103,40,4,motorcycle,摩托车,95,95,66,12,0.12631578947368421,0.003170259627577922,0.0314395786889444,0.047444547410406,0.0319315997533819,0.0778947368421052
bdd100k_road8_dev2k,yolov8n_ultralytics_8.4.77_f59b3d83,yolov8n_bdd100k_road8_top100_v1,PFX_EXACT,M11,830103,40,5,bus,公交车,350,350,258,110,0.3142857142857143,0.011679903891076553,0.0481480757805865,0.055385431725285,0.0501627113437761,0.2691428571428572
bdd100k_road8_dev2k,yolov8n_ultralytics_8.4.77_f59b3d83,yolov8n_bdd100k_road8_top100_v1,PFX_EXACT,M11,830103,40,6,train,火车,6,6,5,0,0.0,0.00020022692384702662,0.0,0.0,0.0,0.0
bdd100k_road8_dev2k,yolov8n_ultralytics_8.4.77_f59b3d83,yolov8n_bdd100k_road8_top100_v1,PFX_EXACT,M11,830103,40,7,truck,卡车,889,889,540,269,0.3025871766029246,0.029666955883334446,0.0383641226820575,0.0465068215883925,0.04196515027143,0.2473565804274465
bdd100k_road8_dev2k,yolov8n_ultralytics_8.4.77_f59b3d83,yolov8n_bdd100k_road8_top100_v1,PFX_EXACT,M11,830103,40,8,traffic light,交通灯,5158,5158,1123,579,0.11225281116711903,0.17212841220049388,0.0169085744589346,0.0386762394594185,0.0153562464031568,0.0503489724699495
bdd100k_road8_dev2k,yolov8n_ultralytics_8.4.77_f59b3d83,yolov8n_bdd100k_road8_top100_v1,PFX_EXACT,S_ADAPT,-1,10,1,person,人,2771,2771,631,202,0.07289787080476362,0.09247146766335179,0.0199400035149609,0.0263372469761584,0.0202149315782124,0.0540959942259112
bdd100k_road8_dev2k,yolov8n_ultralytics_8.4.77_f59b3d83,yolov8n_bdd100k_road8_top100_v1,PFX_EXACT,S_ADAPT,-1,10,2,bicycle,自行车,244,244,125,5,0.020491803278688523,0.008142561569779083,0.0113998899889988,0.0159515951595159,0.0115511551155115,0.0139344262295081
bdd100k_road8_dev2k,yolov8n_ultralytics_8.4.77_f59b3d83,yolov8n_bdd100k_road8_top100_v1,PFX_EXACT,S_ADAPT,-1,10,3,car,轿车,20453,20453,1988,3154,0.1542072067667335,0.6825402122405393,0.0351813182504065,0.0424252618182054,0.0397635528077053,0.1275607490343714
bdd100k_road8_dev2k,yolov8n_ultralytics_8.4.77_f59b3d83,yolov8n_bdd100k_road8_top100_v1,PFX_EXACT,S_ADAPT,-1,10,4,motorcycle,摩托车,95,95,66,3,0.031578947368421054,0.003170259627577922,0.0237623762376237,0.0282885431400282,0.0282885431400282,0.0252631578947368
bdd100k_road8_dev2k,yolov8n_ultralytics_8.4.77_f59b3d83,yolov8n_bdd100k_road8_top100_v1,PFX_EXACT,S_ADAPT,-1,10,5,bus,公交车,350,350,258,56,0.16,0.011679903891076553,0.0382073308721977,0.0423477399336608,0.0385733314244096,0.1465714285714285
bdd100k_road8_dev2k,yolov8n_ultralytics_8.4.77_f59b3d83,yolov8n_bdd100k_road8_top100_v1,PFX_EXACT,S_ADAPT,-1,10,6,train,火车,6,6,5,0,0.0,0.00020022692384702662,0.0,0.0,0.0,0.0
bdd100k_road8_dev2k,yolov8n_ultralytics_8.4.77_f59b3d83,yolov8n_bdd100k_road8_top100_v1,PFX_EXACT,S_ADAPT,-1,10,7,truck,卡车,889,889,540,106,0.11923509561304838,0.029666955883334446,0.0274046765483723,0.0308595252472665,0.0306488862885863,0.104949381327334
bdd100k_road8_dev2k,yolov8n_ultralytics_8.4.77_f59b3d83,yolov8n_bdd100k_road8_top100_v1,PFX_EXACT,S_ADAPT,-1,10,8,traffic light,交通灯,5158,5158,1123,73,0.014152772392400155,0.17212841220049388,0.0076880878700918,0.0133694898152235,0.0099009900990099,0.007134548274525
bdd100k_road8_dev2k,yolov8n_ultralytics_8.4.77_f59b3d83,yolov8n_bdd100k_road8_top100_v1,PFX_EXACT,S_ADAPT,-1,15,1,person,人,2771,2771,631,350,0.12630819198845183,0.09247146766335179,0.0261064104977069,0.0352989913533076,0.0283662989797592,0.0910501623962468
bdd100k_road8_dev2k,yolov8n_ultralytics_8.4.77_f59b3d83,yolov8n_bdd100k_road8_top100_v1,PFX_EXACT,S_ADAPT,-1,15,2,bicycle,自行车,244,244,125,10,0.040983606557377046,0.008142561569779083,0.0165042602461145,0.0236896403283506,0.0191191532946398,0.0286885245901639
bdd100k_road8_dev2k,yolov8n_ultralytics_8.4.77_f59b3d83,yolov8n_bdd100k_road8_top100_v1,PFX_EXACT,S_ADAPT,-1,15,3,car,轿车,20453,20453,1988,4122,0.20153522710604801,0.6825402122405393,0.039677934469282,0.0493107827899993,0.0451326059705975,0.1640883977900552
bdd100k_road8_dev2k,yolov8n_ultralytics_8.4.77_f59b3d83,yolov8n_bdd100k_road8_top100_v1,PFX_EXACT,S_ADAPT,-1,15,4,motorcycle,摩托车,95,95,66,4,0.042105263157894736,0.003170259627577922,0.0233303330333033,0.0309630963096309,0.0252025202520252,0.0284210526315789
bdd100k_road8_dev2k,yolov8n_ultralytics_8.4.77_f59b3d83,yolov8n_bdd100k_road8_top100_v1,PFX_EXACT,S_ADAPT,-1,15,5,bus,公交车,350,350,258,61,0.1742857142857143,0.011679903891076553,0.0390009135114855,0.043011203571881,0.0392874958352304,0.16
bdd100k_road8_dev2k,yolov8n_ultralytics_8.4.77_f59b3d83,yolov8n_bdd100k_road8_top100_v1,PFX_EXACT,S_ADAPT,-1,15,6,train,火车,6,6,5,0,0.0,0.00020022692384702662,0.0,0.0,0.0,0.0
bdd100k_road8_dev2k,yolov8n_ultralytics_8.4.77_f59b3d83,yolov8n_bdd100k_road8_top100_v1,PFX_EXACT,S_ADAPT,-1,15,7,truck,卡车,889,889,540,124,0.13948256467941508,0.029666955883334446,0.0287856945176153,0.0326572079464923,0.0321928340126964,0.1223847019122609
bdd100k_road8_dev2k,yolov8n_ultralytics_8.4.77_f59b3d83,yolov8n_bdd100k_road8_top100_v1,PFX_EXACT,S_ADAPT,-1,15,8,traffic light,交通灯,5158,5158,1123,113,0.021907716169057775,0.17212841220049388,0.0093894321504713,0.0168680976539794,0.0126542065971303,0.0114967041488949
bdd100k_road8_dev2k,yolov8n_ultralytics_8.4.77_f59b3d83,yolov8n_bdd100k_road8_top100_v1,PFX_EXACT,S_ADAPT,-1,20,1,person,人,2771,2771,631,508,0.18332731865752436,0.09247146766335179,0.0315216378690535,0.0458815602671477,0.0325041272623489,0.1264164561530133
bdd100k_road8_dev2k,yolov8n_ultralytics_8.4.77_f59b3d83,yolov8n_bdd100k_road8_top100_v1,PFX_EXACT,S_ADAPT,-1,20,2,bicycle,自行车,244,244,125,12,0.04918032786885246,0.008142561569779083,0.0172187272972152,0.0236896403283506,0.0219480076086426,0.0360655737704918
bdd100k_road8_dev2k,yolov8n_ultralytics_8.4.77_f59b3d83,yolov8n_bdd100k_road8_top100_v1,PFX_EXACT,S_ADAPT,-1,20,3,car,轿车,20453,20453,1988,5120,0.25033002493521733,0.6825402122405393,0.0443519455315153,0.0565778737152694,0.0491194773410909,0.1976629345328313
bdd100k_road8_dev2k,yolov8n_ultralytics_8.4.77_f59b3d83,yolov8n_bdd100k_road8_top100_v1,PFX_EXACT,S_ADAPT,-1,20,4,motorcycle,摩托车,95,95,66,7,0.07368421052631578,0.003170259627577922,0.0253447843589901,0.0374170384071374,0.0243716679360243,0.0431578947368421
bdd100k_road8_dev2k,yolov8n_ultralytics_8.4.77_f59b3d83,yolov8n_bdd100k_road8_top100_v1,PFX_EXACT,S_ADAPT,-1,20,5,bus,公交车,350,350,258,70,0.2,0.011679903891076553,0.0405968311325783,0.0458251626534005,0.0420378282677098,0.1771428571428571
bdd100k_road8_dev2k,yolov8n_ultralytics_8.4.77_f59b3d83,yolov8n_bdd100k_road8_top100_v1,PFX_EXACT,S_ADAPT,-1,20,6,train,火车,6,6,5,0,0.0,0.00020022692384702662,0.0,0.0,0.0,0.0
bdd100k_road8_dev2k,yolov8n_ultralytics_8.4.77_f59b3d83,yolov8n_bdd100k_road8_top100_v1,PFX_EXACT,S_ADAPT,-1,20,7,truck,卡车,889,889,540,151,0.16985376827896512,0.029666955883334446,0.0310500193007357,0.0355510204447586,0.0339030556293626,0.1475815523059617
bdd100k_road8_dev2k,yolov8n_ultralytics_8.4.77_f59b3d83,yolov8n_bdd100k_road8_top100_v1,PFX_EXACT,S_ADAPT,-1,20,8,traffic light,交通灯,5158,5158,1123,172,0.033346258239627766,0.17212841220049388,0.0107216764749327,0.020871436375475,0.012206182450306,0.0169833268708801
bdd100k_road8_dev2k,yolov8n_ultralytics_8.4.77_f59b3d83,yolov8n_bdd100k_road8_top100_v1,PFX_EXACT,S_ADAPT,-1,30,1,person,人,2771,2771,631,701,0.25297726452544206,0.09247146766335179,0.0372119172752221,0.0574237750923903,0.0374841713849664,0.1665102850956333
bdd100k_road8_dev2k,yolov8n_ultralytics_8.4.77_f59b3d83,yolov8n_bdd100k_road8_top100_v1,PFX_EXACT,S_ADAPT,-1,30,2,bicycle,自行车,244,244,125,12,0.04918032786885246,0.008142561569779083,0.0173837437988654,0.0236896403283506,0.0219480076086426,0.0372950819672131
bdd100k_road8_dev2k,yolov8n_ultralytics_8.4.77_f59b3d83,yolov8n_bdd100k_road8_top100_v1,PFX_EXACT,S_ADAPT,-1,30,3,car,轿车,20453,20453,1988,6841,0.3344741602698871,0.6825402122405393,0.0505699728488405,0.0678173393311454,0.0551905483288353,0.2481445264753337
bdd100k_road8_dev2k,yolov8n_ultralytics_8.4.77_f59b3d83,yolov8n_bdd100k_road8_top100_v1,PFX_EXACT,S_ADAPT,-1,30,4,motorcycle,摩托车,95,95,66,11,0.11578947368421053,0.003170259627577922,0.0308473128533888,0.0461042807577461,0.0305678386437954,0.0726315789473684
bdd100k_road8_dev2k,yolov8n_ultralytics_8.4.77_f59b3d83,yolov8n_bdd100k_road8_top100_v1,PFX_EXACT,S_ADAPT,-1,30,5,bus,公交车,350,350,258,92,0.26285714285714284,0.011679903891076553,0.0450738626952336,0.0512502384263203,0.0471433930494497,0.2294285714285714
bdd100k_road8_dev2k,yolov8n_ultralytics_8.4.77_f59b3d83,yolov8n_bdd100k_road8_top100_v1,PFX_EXACT,S_ADAPT,-1,30,6,train,火车,6,6,5,0,0.0,0.00020022692384702662,0.0,0.0,0.0,0.0
bdd100k_road8_dev2k,yolov8n_ultralytics_8.4.77_f59b3d83,yolov8n_bdd100k_road8_top100_v1,PFX_EXACT,S_ADAPT,-1,30,7,truck,卡车,889,889,540,217,0.2440944881889764,0.029666955883334446,0.0355443899690048,0.0420788100790551,0.0391902172812785,0.2061867266591676
bdd100k_road8_dev2k,yolov8n_ultralytics_8.4.77_f59b3d83,yolov8n_bdd100k_road8_top100_v1,PFX_EXACT,S_ADAPT,-1,30,8,traffic light,交通灯,5158,5158,1123,339,0.06572314850717333,0.17212841220049388,0.0140915941683835,0.0286727913646814,0.0146999523505771,0.0326483132997285
bdd100k_road8_dev2k,yolov8n_ultralytics_8.4.77_f59b3d83,yolov8n_bdd100k_road8_top100_v1,PFX_EXACT,S_ADAPT,-1,40,1,person,人,2771,2771,631,775,0.2796824251172862,0.09247146766335179,0.0386808462702121,0.0603659898936339,0.0385189610435865,0.178563695416817
bdd100k_road8_dev2k,yolov8n_ultralytics_8.4.77_f59b3d83,yolov8n_bdd100k_road8_top100_v1,PFX_EXACT,S_ADAPT,-1,40,2,bicycle,自行车,244,244,125,15,0.06147540983606557,0.008142561569779083,0.0183718751545423,0.026890767794221,0.0219480076086426,0.0418032786885245
bdd100k_road8_dev2k,yolov8n_ultralytics_8.4.77_f59b3d83,yolov8n_bdd100k_road8_top100_v1,PFX_EXACT,S_ADAPT,-1,40,3,car,轿车,20453,20453,1988,7993,0.39079841588031095,0.6825402122405393,0.0542215291626772,0.0756563910834909,0.0583461833836322,0.2775974184716178
bdd100k_road8_dev2k,yolov8n_ultralytics_8.4.77_f59b3d83,yolov8n_bdd100k_road8_top100_v1,PFX_EXACT,S_ADAPT,-1,40,4,motorcycle,摩托车,95,95,66,12,0.12631578947368421,0.003170259627577922,0.0315213156013824,0.0473598893430428,0.0318608783955318,0.0799999999999999
bdd100k_road8_dev2k,yolov8n_ultralytics_8.4.77_f59b3d83,yolov8n_bdd100k_road8_top100_v1,PFX_EXACT,S_ADAPT,-1,40,5,bus,公交车,350,350,258,108,0.30857142857142855,0.011679903891076553,0.0474745497931031,0.0543022909155123,0.0492374465878265,0.2654285714285714
bdd100k_road8_dev2k,yolov8n_ultralytics_8.4.77_f59b3d83,yolov8n_bdd100k_road8_top100_v1,PFX_EXACT,S_ADAPT,-1,40,6,train,火车,6,6,5,0,0.0,0.00020022692384702662,0.0,0.0,0.0,0.0
bdd100k_road8_dev2k,yolov8n_ultralytics_8.4.77_f59b3d83,yolov8n_bdd100k_road8_top100_v1,PFX_EXACT,S_ADAPT,-1,40,7,truck,卡车,889,889,540,251,0.2823397075365579,0.029666955883334446,0.0371330864011157,0.0444373688044608,0.0407668211887845,0.2350956130483689
bdd100k_road8_dev2k,yolov8n_ultralytics_8.4.77_f59b3d83,yolov8n_bdd100k_road8_top100_v1,PFX_EXACT,S_ADAPT,-1,40,8,traffic light,交通灯,5158,5158,1123,536,0.1039162466072121,0.17212841220049388,0.0161188518818948,0.0358898557726503,0.0145600713925242,0.046839860411012
bdd100k_road8_dev2k,yolov8n_ultralytics_8.4.77_f59b3d83,yolov8n_bdd100k_road8_top100_v1,PFX_EXACT,S_FIXED,-1,10,1,person,人,2771,2771,631,188,0.06784554312522555,0.09247146766335179,0.0200641172643097,0.0257230851728209,0.0214836800153264,0.0491880187657885
bdd100k_road8_dev2k,yolov8n_ultralytics_8.4.77_f59b3d83,yolov8n_bdd100k_road8_top100_v1,PFX_EXACT,S_FIXED,-1,10,2,bicycle,自行车,244,244,125,4,0.01639344262295082,0.008142561569779083,0.0096316249271986,0.0123762376237623,0.0116482236458939,0.0118852459016393
bdd100k_road8_dev2k,yolov8n_ultralytics_8.4.77_f59b3d83,yolov8n_bdd100k_road8_top100_v1,PFX_EXACT,S_FIXED,-1,10,3,car,轿车,20453,20453,1988,3261,0.15943871314721555,0.6825402122405393,0.0368694293381047,0.0453321049240231,0.0406251824414102,0.1262846526181978
bdd100k_road8_dev2k,yolov8n_ultralytics_8.4.77_f59b3d83,yolov8n_bdd100k_road8_top100_v1,PFX_EXACT,S_FIXED,-1,10,4,motorcycle,摩托车,95,95,66,4,0.042105263157894736,0.003170259627577922,0.0237623762376237,0.029042904290429,0.0264026402640263,0.0305263157894736
bdd100k_road8_dev2k,yolov8n_ultralytics_8.4.77_f59b3d83,yolov8n_bdd100k_road8_top100_v1,PFX_EXACT,S_FIXED,-1,10,5,bus,公交车,350,350,258,53,0.15142857142857144,0.011679903891076553,0.0370527128789156,0.0414450274616012,0.0377986941625469,0.1351428571428571
bdd100k_road8_dev2k,yolov8n_ultralytics_8.4.77_f59b3d83,yolov8n_bdd100k_road8_top100_v1,PFX_EXACT,S_FIXED,-1,10,6,train,火车,6,6,5,0,0.0,0.00020022692384702662,0.0,0.0,0.0,0.0
bdd100k_road8_dev2k,yolov8n_ultralytics_8.4.77_f59b3d83,yolov8n_bdd100k_road8_top100_v1,PFX_EXACT,S_FIXED,-1,10,7,truck,卡车,889,889,540,107,0.1203599550056243,0.029666955883334446,0.0282050144095218,0.0332834259245806,0.0300830984640593,0.1038245219347581
bdd100k_road8_dev2k,yolov8n_ultralytics_8.4.77_f59b3d83,yolov8n_bdd100k_road8_top100_v1,PFX_EXACT,S_FIXED,-1,10,8,traffic light,交通灯,5158,5158,1123,103,0.01996898022489337,0.17212841220049388,0.0081030674864975,0.0132848727910765,0.0099009900990099,0.0101202016285381
bdd100k_road8_dev2k,yolov8n_ultralytics_8.4.77_f59b3d83,yolov8n_bdd100k_road8_top100_v1,PFX_EXACT,S_FIXED,-1,15,1,person,人,2771,2771,631,301,0.10862504511006857,0.09247146766335179,0.0250317002810787,0.0342405305528477,0.0268535020947136,0.0756766510285095
bdd100k_road8_dev2k,yolov8n_ultralytics_8.4.77_f59b3d83,yolov8n_bdd100k_road8_top100_v1,PFX_EXACT,S_FIXED,-1,15,2,bicycle,自行车,244,244,125,6,0.02459016393442623,0.008142561569779083,0.0118115795095993,0.0156477186180156,0.0153015301530152,0.0180327868852459
bdd100k_road8_dev2k,yolov8n_ultralytics_8.4.77_f59b3d83,yolov8n_bdd100k_road8_top100_v1,PFX_EXACT,S_FIXED,-1,15,3,car,轿车,20453,20453,1988,4228,0.20671784090353493,0.6825402122405393,0.0411462196996242,0.0522159914107472,0.0456178993010667,0.1596049479293991
bdd100k_road8_dev2k,yolov8n_ultralytics_8.4.77_f59b3d83,yolov8n_bdd100k_road8_top100_v1,PFX_EXACT,S_FIXED,-1,15,4,motorcycle,摩托车,95,95,66,6,0.06315789473684211,0.003170259627577922,0.0261197858916326,0.0351535153515351,0.0264743865690916,0.0399999999999999
bdd100k_road8_dev2k,yolov8n_ultralytics_8.4.77_f59b3d83,yolov8n_bdd100k_road8_top100_v1,PFX_EXACT,S_FIXED,-1,15,5,bus,公交车,350,350,258,62,0.17714285714285713,0.011679903891076553,0.039155246326452,0.0434261948675651,0.0396153848338695,0.1577142857142857
bdd100k_road8_dev2k,yolov8n_ultralytics_8.4.77_f59b3d83,yolov8n_bdd100k_road8_top100_v1,PFX_EXACT,S_FIXED,-1,15,6,train,火车,6,6,5,0,0.0,0.00020022692384702662,0.0,0.0,0.0,0.0
bdd100k_road8_dev2k,yolov8n_ultralytics_8.4.77_f59b3d83,yolov8n_bdd100k_road8_top100_v1,PFX_EXACT,S_FIXED,-1,15,7,truck,卡车,889,889,540,125,0.140607424071991,0.029666955883334446,0.0289133651291152,0.0339755088051128,0.0312183637462567,0.121259842519685
bdd100k_road8_dev2k,yolov8n_ultralytics_8.4.77_f59b3d83,yolov8n_bdd100k_road8_top100_v1,PFX_EXACT,S_FIXED,-1,15,8,traffic light,交通灯,5158,5158,1123,164,0.031795269484296236,0.17212841220049388,0.009936496749669,0.0190318683815384,0.0118511851185118,0.0154711128344319
bdd100k_road8_dev2k,yolov8n_ultralytics_8.4.77_f59b3d83,yolov8n_bdd100k_road8_top100_v1,PFX_EXACT,S_FIXED,-1,20,1,person,人,2771,2771,631,387,0.13966077228437387,0.09247146766335179,0.027832994189907,0.0394380906502054,0.0294785493446418,0.0950198484301696
bdd100k_road8_dev2k,yolov8n_ultralytics_8.4.77_f59b3d83,yolov8n_bdd100k_road8_top100_v1,PFX_EXACT,S_FIXED,-1,20,2,bicycle,自行车,244,244,125,7,0.028688524590163935,0.008142561569779083,0.0123046456118262,0.016089108910891,0.0159276797244941,0.021311475409836
bdd100k_road8_dev2k,yolov8n_ultralytics_8.4.77_f59b3d83,yolov8n_bdd100k_road8_top100_v1,PFX_EXACT,S_FIXED,-1,20,3,car,轿车,20453,20453,1988,5065,0.24764093287048355,0.6825402122405393,0.044300302500334,0.0572703815898213,0.0490506860115597,0.1876741798269202
bdd100k_road8_dev2k,yolov8n_ultralytics_8.4.77_f59b3d83,yolov8n_bdd100k_road8_top100_v1,PFX_EXACT,S_FIXED,-1,20,4,motorcycle,摩托车,95,95,66,8,0.08421052631578947,0.003170259627577922,0.0278075664709328,0.0408743255277908,0.0271484291286271,0.0494736842105263
bdd100k_road8_dev2k,yolov8n_ultralytics_8.4.77_f59b3d83,yolov8n_bdd100k_road8_top100_v1,PFX_EXACT,S_FIXED,-1,20,5,bus,公交车,350,350,258,69,0.19714285714285715,0.011679903891076553,0.0404387463879537,0.0450764497793002,0.0411984955794336,0.1748571428571428
bdd100k_road8_dev2k,yolov8n_ultralytics_8.4.77_f59b3d83,yolov8n_bdd100k_road8_top100_v1,PFX_EXACT,S_FIXED,-1,20,6,train,火车,6,6,5,0,0.0,0.00020022692384702662,0.0,0.0,0.0,0.0
bdd100k_road8_dev2k,yolov8n_ultralytics_8.4.77_f59b3d83,yolov8n_bdd100k_road8_top100_v1,PFX_EXACT,S_FIXED,-1,20,7,truck,卡车,889,889,540,157,0.1766029246344207,0.029666955883334446,0.0315568890070083,0.036981750316426,0.0341458853671964,0.1479190101237345
bdd100k_road8_dev2k,yolov8n_ultralytics_8.4.77_f59b3d83,yolov8n_bdd100k_road8_top100_v1,PFX_EXACT,S_FIXED,-1,20,8,traffic light,交通灯,5158,5158,1123,226,0.04381543233811555,0.17212841220049388,0.0109142480233389,0.0220832175049729,0.0121892189218921,0.0203761147731679
bdd100k_road8_dev2k,yolov8n_ultralytics_8.4.77_f59b3d83,yolov8n_bdd100k_road8_top100_v1,PFX_EXACT,S_FIXED,-1,30,1,person,人,2771,2771,631,544,0.19631901840490798,0.09247146766335179,0.032727990659885,0.0490232559617794,0.0330990385605002,0.1292313244316131
bdd100k_road8_dev2k,yolov8n_ultralytics_8.4.77_f59b3d83,yolov8n_bdd100k_road8_top100_v1,PFX_EXACT,S_FIXED,-1,30,2,bicycle,自行车,244,244,125,10,0.040983606557377046,0.008142561569779083,0.016784662633919,0.0234693735853248,0.019040365575019,0.0299180327868852
bdd100k_road8_dev2k,yolov8n_ultralytics_8.4.77_f59b3d83,yolov8n_bdd100k_road8_top100_v1,PFX_EXACT,S_FIXED,-1,30,3,car,轿车,20453,20453,1988,6441,0.3149171270718232,0.6825402122405393,0.0490115293272504,0.0658667271078734,0.0531081695961194,0.2295017845792793
bdd100k_road8_dev2k,yolov8n_ultralytics_8.4.77_f59b3d83,yolov8n_bdd100k_road8_top100_v1,PFX_EXACT,S_FIXED,-1,30,4,motorcycle,摩托车,95,95,66,10,0.10526315789473684,0.003170259627577922,0.0298605834685191,0.0427466829886878,0.0302440553819057,0.0652631578947368
bdd100k_road8_dev2k,yolov8n_ultralytics_8.4.77_f59b3d83,yolov8n_bdd100k_road8_top100_v1,PFX_EXACT,S_FIXED,-1,30,5,bus,公交车,350,350,258,84,0.24,0.011679903891076553,0.0430811518408532,0.0489780341418016,0.0442355732608552,0.2091428571428571
bdd100k_road8_dev2k,yolov8n_ultralytics_8.4.77_f59b3d83,yolov8n_bdd100k_road8_top100_v1,PFX_EXACT,S_FIXED,-1,30,6,train,火车,6,6,5,0,0.0,0.00020022692384702662,0.0,0.0,0.0,0.0
bdd100k_road8_dev2k,yolov8n_ultralytics_8.4.77_f59b3d83,yolov8n_bdd100k_road8_top100_v1,PFX_EXACT,S_FIXED,-1,30,7,truck,卡车,889,889,540,194,0.21822272215973004,0.029666955883334446,0.0337881879193165,0.0397873607511276,0.0370513976704349,0.1825646794150731
bdd100k_road8_dev2k,yolov8n_ultralytics_8.4.77_f59b3d83,yolov8n_bdd100k_road8_top100_v1,PFX_EXACT,S_FIXED,-1,30,8,traffic light,交通灯,5158,5158,1123,344,0.06669251647925553,0.17212841220049388,0.0128862819609005,0.0267918626061442,0.0132347213737353,0.0305932531989143
bdd100k_road8_dev2k,yolov8n_ultralytics_8.4.77_f59b3d83,yolov8n_bdd100k_road8_top100_v1,PFX_EXACT,S_FIXED,-1,40,1,person,人,2771,2771,631,683,0.24648141465175027,0.09247146766335179,0.0364121008239449,0.0560536932196914,0.0365281883885615,0.1597618188379646
bdd100k_road8_dev2k,yolov8n_ultralytics_8.4.77_f59b3d83,yolov8n_bdd100k_road8_top100_v1,PFX_EXACT,S_FIXED,-1,40,2,bicycle,自行车,244,244,125,13,0.05327868852459016,0.008142561569779083,0.0175993858957202,0.0254773190962274,0.0219852293759321,0.0381147540983606
bdd100k_road8_dev2k,yolov8n_ultralytics_8.4.77_f59b3d83,yolov8n_bdd100k_road8_top100_v1,PFX_EXACT,S_FIXED,-1,40,3,car,轿车,20453,20453,1988,7618,0.3724636972571261,0.6825402122405393,0.0526538182421392,0.0733988973873743,0.0563609268563066,0.2635505793771084
bdd100k_road8_dev2k,yolov8n_ultralytics_8.4.77_f59b3d83,yolov8n_bdd100k_road8_top100_v1,PFX_EXACT,S_FIXED,-1,40,4,motorcycle,摩托车,95,95,66,12,0.12631578947368421,0.003170259627577922,0.0327028470700475,0.0501890987279042,0.0329175774720329,0.0778947368421052
bdd100k_road8_dev2k,yolov8n_ultralytics_8.4.77_f59b3d83,yolov8n_bdd100k_road8_top100_v1,PFX_EXACT,S_FIXED,-1,40,5,bus,公交车,350,350,258,94,0.26857142857142857,0.011679903891076553,0.0448739676886501,0.050842387191519,0.0460141653996549,0.2328571428571428
bdd100k_road8_dev2k,yolov8n_ultralytics_8.4.77_f59b3d83,yolov8n_bdd100k_road8_top100_v1,PFX_EXACT,S_FIXED,-1,40,6,train,火车,6,6,5,0,0.0,0.00020022692384702662,0.0,0.0,0.0,0.0
bdd100k_road8_dev2k,yolov8n_ultralytics_8.4.77_f59b3d83,yolov8n_bdd100k_road8_top100_v1,PFX_EXACT,S_FIXED,-1,40,7,truck,卡车,889,889,540,238,0.2677165354330709,0.029666955883334446,0.0361989289235625,0.0431064783062165,0.0396037874574772,0.220697412823397
bdd100k_road8_dev2k,yolov8n_ultralytics_8.4.77_f59b3d83,yolov8n_bdd100k_road8_top100_v1,PFX_EXACT,S_FIXED,-1,40,8,traffic light,交通灯,5158,5158,1123,491,0.09519193485847227,0.17212841220049388,0.0151877914536228,0.0333000565025696,0.0143926621556377,0.0428848390849166
