seed,budget,m11_coverage_per_image,s_adapt_coverage_per_image,coverage_diff,coverage_ci95_low,coverage_ci95_high,quality_diff,quality_ci95_low,quality_ci95_high
830101,10,2.458,1.7994999999999999,0.6585000000000001,0.6269875,0.6905,0.49285449187211816,0.46435846214755655,0.5214675796321646
830101,15,3.2030000000000003,2.392,0.8110000000000003,0.7760000000000001,0.846,0.5268067439658438,0.49354231018989214,0.5600357727358543
830101,20,3.7760000000000002,3.02,0.7559999999999999,0.7105000000000001,0.8035,0.4369895595327662,0.400905144197181,0.4745812722592181
830101,30,4.604,4.1065000000000005,0.49749999999999994,0.45849999999999996,0.5369999999999999,0.21539500189850444,0.1895496770895243,0.24151568457497247
830101,40,5.0355,4.845,0.19049999999999997,0.16800000000000004,0.21399999999999994,0.06413881537899352,0.052648310856149134,0.07648920998963035
830102,10,2.457,1.7994999999999999,0.6575,0.6255000000000001,0.69,0.4888325677168083,0.4606995394368125,0.5167062342413858
830102,15,3.1984999999999997,2.392,0.8065000000000002,0.7695000000000001,0.843,0.5263461319498487,0.49400245773189866,0.5586656192892071
830102,20,3.7680000000000002,3.02,0.748,0.7025000000000001,0.7929999999999999,0.44115397714830706,0.4050860913106509,0.47816105856182795
830102,30,4.596,4.1065000000000005,0.48950000000000005,0.452,0.527,0.21243286911275733,0.18788533377599062,0.23695962021480843
830102,40,5.038,4.845,0.19300000000000003,0.17000000000000004,0.21699999999999997,0.06612935071924009,0.05482073342652351,0.07856705240587092
830103,10,2.453,1.7994999999999999,0.6535,0.6214999999999999,0.685,0.49225657802159717,0.4643452964689975,0.5196078163023644
830103,15,3.1835000000000004,2.392,0.7915000000000001,0.7535,0.8295,0.5222015028208429,0.48847957007861076,0.556461052434547
830103,20,3.7704999999999997,3.02,0.7505000000000002,0.7044875,0.7975000000000001,0.4373918068550757,0.4009894488433325,0.4747702726120929
830103,30,4.590999999999999,4.1065000000000005,0.48450000000000004,0.4475,0.523,0.2125651254382072,0.1866995536699867,0.23879396073745024
830103,40,5.0355,4.845,0.19050000000000003,0.1685,0.21299999999999997,0.06474680061561394,0.05309170959299579,0.07738410380922389
