method,seed,budget,group_id,images,n_before_total,n_after_total,removed_total
M11,830101,10,0,40,400,112,288
M11,830101,10,1,40,400,116,284
M11,830101,10,2,40,400,119,281
M11,830101,10,3,40,400,116,284
M11,830101,10,4,40,400,116,284
M11,830101,10,5,40,400,119,281
M11,830101,10,6,40,400,133,267
M11,830101,10,7,40,400,123,277
M11,830101,10,8,40,400,118,282
M11,830101,10,9,40,400,117,283
M11,830101,10,10,40,400,113,287
M11,830101,10,11,40,400,122,278
M11,830101,10,12,40,400,119,281
M11,830101,10,13,40,400,122,278
M11,830101,10,14,40,400,127,273
M11,830101,10,15,40,400,139,261
M11,830101,10,16,40,400,116,284
M11,830101,10,17,40,400,121,279
M11,830101,10,18,40,400,125,275
M11,830101,10,19,40,400,115,285
M11,830101,10,20,40,400,125,275
M11,830101,10,21,40,400,118,282
M11,830101,10,22,40,400,119,281
M11,830101,10,23,40,400,125,275
M11,830101,10,24,40,400,124,276
M11,830101,10,25,40,400,122,278
M11,830101,10,26,40,400,117,283
M11,830101,10,27,40,400,119,281
M11,830101,10,28,40,400,116,284
M11,830101,10,29,40,400,112,288
M11,830101,10,30,40,400,112,288
M11,830101,10,31,40,400,127,273
M11,830101,10,32,40,400,117,283
M11,830101,10,33,40,400,115,285
M11,830101,10,34,40,400,112,288
M11,830101,10,35,40,400,119,281
M11,830101,10,36,40,400,114,286
M11,830101,10,37,40,400,123,277
M11,830101,10,38,40,400,114,286
M11,830101,10,39,40,400,117,283
M11,830101,10,40,40,400,125,275
M11,830101,10,41,40,400,118,282
M11,830101,10,42,40,400,127,273
M11,830101,10,43,40,400,121,279
M11,830101,10,44,40,400,120,280
M11,830101,10,45,40,400,122,278
M11,830101,10,46,40,400,121,279
M11,830101,10,47,40,400,116,284
M11,830101,10,48,40,400,119,281
M11,830101,10,49,40,400,126,274
M11,830101,15,0,40,600,148,452
M11,830101,15,1,40,600,157,443
M11,830101,15,2,40,600,156,444
M11,830101,15,3,40,600,154,446
M11,830101,15,4,40,600,157,443
M11,830101,15,5,40,600,159,441
M11,830101,15,6,40,600,175,425
M11,830101,15,7,40,600,165,435
M11,830101,15,8,40,600,158,442
M11,830101,15,9,40,600,160,440
M11,830101,15,10,40,600,159,441
M11,830101,15,11,40,600,160,440
M11,830101,15,12,40,600,157,443
M11,830101,15,13,40,600,165,435
M11,830101,15,14,40,600,176,424
M11,830101,15,15,40,600,176,424
M11,830101,15,16,40,600,156,444
M11,830101,15,17,40,600,162,438
M11,830101,15,18,40,600,168,432
M11,830101,15,19,40,600,155,445
M11,830101,15,20,40,600,163,437
M11,830101,15,21,40,600,156,444
M11,830101,15,22,40,600,160,440
M11,830101,15,23,40,600,158,442
M11,830101,15,24,40,600,158,442
M11,830101,15,25,40,600,161,439
M11,830101,15,26,40,600,170,430
M11,830101,15,27,40,600,156,444
M11,830101,15,28,40,600,158,442
M11,830101,15,29,40,600,152,448
M11,830101,15,30,40,600,153,447
M11,830101,15,31,40,600,161,439
M11,830101,15,32,40,600,162,438
M11,830101,15,33,40,600,153,447
M11,830101,15,34,40,600,148,452
M11,830101,15,35,40,600,161,439
M11,830101,15,36,40,600,155,445
M11,830101,15,37,40,600,158,442
M11,830101,15,38,40,600,157,443
M11,830101,15,39,40,600,153,447
M11,830101,15,40,40,600,157,443
M11,830101,15,41,40,600,151,449
M11,830101,15,42,40,600,170,430
M11,830101,15,43,40,600,159,441
M11,830101,15,44,40,600,150,450
M11,830101,15,45,40,600,163,437
M11,830101,15,46,40,600,163,437
M11,830101,15,47,40,600,154,446
M11,830101,15,48,40,600,157,443
M11,830101,15,49,40,600,164,436
M11,830101,20,0,40,800,189,611
M11,830101,20,1,40,800,202,598
M11,830101,20,2,40,800,191,609
M11,830101,20,3,40,800,185,615
M11,830101,20,4,40,800,192,608
M11,830101,20,5,40,800,196,604
M11,830101,20,6,40,800,204,596
M11,830101,20,7,40,800,204,596
M11,830101,20,8,40,800,194,606
M11,830101,20,9,40,800,198,602
M11,830101,20,10,40,800,201,599
M11,830101,20,11,40,800,188,612
M11,830101,20,12,40,800,188,612
M11,830101,20,13,40,800,207,593
M11,830101,20,14,40,800,208,592
M11,830101,20,15,40,800,226,574
M11,830101,20,16,40,800,195,605
M11,830101,20,17,40,800,196,604
M11,830101,20,18,40,800,205,595
M11,830101,20,19,40,800,192,608
M11,830101,20,20,40,800,203,597
M11,830101,20,21,40,800,199,601
M11,830101,20,22,40,800,197,603
M11,830101,20,23,40,800,195,605
M11,830101,20,24,40,800,197,603
M11,830101,20,25,40,800,204,596
M11,830101,20,26,40,800,212,588
M11,830101,20,27,40,800,193,607
M11,830101,20,28,40,800,191,609
M11,830101,20,29,40,800,198,602
M11,830101,20,30,40,800,185,615
M11,830101,20,31,40,800,204,596
M11,830101,20,32,40,800,207,593
M11,830101,20,33,40,800,193,607
M11,830101,20,34,40,800,191,609
M11,830101,20,35,40,800,206,594
M11,830101,20,36,40,800,196,604
M11,830101,20,37,40,800,191,609
M11,830101,20,38,40,800,188,612
M11,830101,20,39,40,800,195,605
M11,830101,20,40,40,800,190,610
M11,830101,20,41,40,800,194,606
M11,830101,20,42,40,800,208,592
M11,830101,20,43,40,800,200,600
M11,830101,20,44,40,800,190,610
M11,830101,20,45,40,800,195,605
M11,830101,20,46,40,800,193,607
M11,830101,20,47,40,800,201,599
M11,830101,20,48,40,800,194,606
M11,830101,20,49,40,800,208,592
M11,830101,30,0,40,1200,269,931
M11,830101,30,1,40,1200,293,907
M11,830101,30,2,40,1200,254,946
M11,830101,30,3,40,1200,265,935
M11,830101,30,4,40,1200,284,916
M11,830101,30,5,40,1200,256,944
M11,830101,30,6,40,1200,262,938
M11,830101,30,7,40,1200,313,887
M11,830101,30,8,40,1200,294,906
M11,830101,30,9,40,1200,275,925
M11,830101,30,10,40,1200,269,931
M11,830101,30,11,40,1200,267,933
M11,830101,30,12,40,1200,258,942
M11,830101,30,13,40,1200,276,924
M11,830101,30,14,40,1200,282,918
M11,830101,30,15,40,1200,327,873
M11,830101,30,16,40,1200,255,945
M11,830101,30,17,40,1200,271,929
M11,830101,30,18,40,1200,287,913
M11,830101,30,19,40,1200,291,909
M11,830101,30,20,40,1200,277,923
M11,830101,30,21,40,1200,277,923
M11,830101,30,22,40,1200,282,918
M11,830101,30,23,40,1200,288,912
M11,830101,30,24,40,1200,276,924
M11,830101,30,25,40,1200,275,925
M11,830101,30,26,40,1200,299,901
M11,830101,30,27,40,1200,267,933
M11,830101,30,28,40,1200,261,939
M11,830101,30,29,40,1200,292,908
M11,830101,30,30,40,1200,266,934
M11,830101,30,31,40,1200,299,901
M11,830101,30,32,40,1200,298,902
M11,830101,30,33,40,1200,280,920
M11,830101,30,34,40,1200,273,927
M11,830101,30,35,40,1200,297,903
M11,830101,30,36,40,1200,278,922
M11,830101,30,37,40,1200,270,930
M11,830101,30,38,40,1200,275,925
M11,830101,30,39,40,1200,300,900
M11,830101,30,40,40,1200,259,941
M11,830101,30,41,40,1200,275,925
M11,830101,30,42,40,1200,295,905
M11,830101,30,43,40,1200,273,927
M11,830101,30,44,40,1200,286,914
M11,830101,30,45,40,1200,271,929
M11,830101,30,46,40,1200,280,920
M11,830101,30,47,40,1200,271,929
M11,830101,30,48,40,1200,263,937
M11,830101,30,49,40,1200,291,909
M11,830101,40,0,40,1600,389,1211
M11,830101,40,1,40,1600,396,1204
M11,830101,40,2,40,1600,348,1252
M11,830101,40,3,40,1600,373,1227
M11,830101,40,4,40,1600,387,1213
M11,830101,40,5,40,1600,362,1238
M11,830101,40,6,40,1600,345,1255
M11,830101,40,7,40,1600,447,1153
M11,830101,40,8,40,1600,382,1218
M11,830101,40,9,40,1600,362,1238
M11,830101,40,10,40,1600,363,1237
M11,830101,40,11,40,1600,348,1252
M11,830101,40,12,40,1600,352,1248
M11,830101,40,13,40,1600,377,1223
M11,830101,40,14,40,1600,364,1236
M11,830101,40,15,40,1600,421,1179
M11,830101,40,16,40,1600,331,1269
M11,830101,40,17,40,1600,343,1257
M11,830101,40,18,40,1600,377,1223
M11,830101,40,19,40,1600,401,1199
M11,830101,40,20,40,1600,371,1229
M11,830101,40,21,40,1600,387,1213
M11,830101,40,22,40,1600,368,1232
M11,830101,40,23,40,1600,401,1199
M11,830101,40,24,40,1600,369,1231
M11,830101,40,25,40,1600,383,1217
M11,830101,40,26,40,1600,418,1182
M11,830101,40,27,40,1600,376,1224
M11,830101,40,28,40,1600,373,1227
M11,830101,40,29,40,1600,407,1193
M11,830101,40,30,40,1600,368,1232
M11,830101,40,31,40,1600,408,1192
M11,830101,40,32,40,1600,379,1221
M11,830101,40,33,40,1600,357,1243
M11,830101,40,34,40,1600,345,1255
M11,830101,40,35,40,1600,400,1200
M11,830101,40,36,40,1600,402,1198
M11,830101,40,37,40,1600,391,1209
M11,830101,40,38,40,1600,361,1239
M11,830101,40,39,40,1600,416,1184
M11,830101,40,40,40,1600,359,1241
M11,830101,40,41,40,1600,385,1215
M11,830101,40,42,40,1600,422,1178
M11,830101,40,43,40,1600,353,1247
M11,830101,40,44,40,1600,396,1204
M11,830101,40,45,40,1600,365,1235
M11,830101,40,46,40,1600,385,1215
M11,830101,40,47,40,1600,368,1232
M11,830101,40,48,40,1600,344,1256
M11,830101,40,49,40,1600,378,1222
M11,830102,10,0,40,400,112,288
M11,830102,10,1,40,400,116,284
M11,830102,10,2,40,400,118,282
M11,830102,10,3,40,400,116,284
M11,830102,10,4,40,400,116,284
M11,830102,10,5,40,400,124,276
M11,830102,10,6,40,400,134,266
M11,830102,10,7,40,400,122,278
M11,830102,10,8,40,400,116,284
M11,830102,10,9,40,400,117,283
M11,830102,10,10,40,400,113,287
M11,830102,10,11,40,400,122,278
M11,830102,10,12,40,400,121,279
M11,830102,10,13,40,400,122,278
M11,830102,10,14,40,400,126,274
M11,830102,10,15,40,400,129,271
M11,830102,10,16,40,400,115,285
M11,830102,10,17,40,400,118,282
M11,830102,10,18,40,400,127,273
M11,830102,10,19,40,400,115,285
M11,830102,10,20,40,400,122,278
M11,830102,10,21,40,400,118,282
M11,830102,10,22,40,400,119,281
M11,830102,10,23,40,400,125,275
M11,830102,10,24,40,400,120,280
M11,830102,10,25,40,400,121,279
M11,830102,10,26,40,400,117,283
M11,830102,10,27,40,400,119,281
M11,830102,10,28,40,400,115,285
M11,830102,10,29,40,400,112,288
M11,830102,10,30,40,400,112,288
M11,830102,10,31,40,400,127,273
M11,830102,10,32,40,400,114,286
M11,830102,10,33,40,400,115,285
M11,830102,10,34,40,400,111,289
M11,830102,10,35,40,400,119,281
M11,830102,10,36,40,400,114,286
M11,830102,10,37,40,400,117,283
M11,830102,10,38,40,400,115,285
M11,830102,10,39,40,400,117,283
M11,830102,10,40,40,400,125,275
M11,830102,10,41,40,400,117,283
M11,830102,10,42,40,400,127,273
M11,830102,10,43,40,400,117,283
M11,830102,10,44,40,400,119,281
M11,830102,10,45,40,400,124,276
M11,830102,10,46,40,400,121,279
M11,830102,10,47,40,400,113,287
M11,830102,10,48,40,400,121,279
M11,830102,10,49,40,400,123,277
M11,830102,15,0,40,600,147,453
M11,830102,15,1,40,600,157,443
M11,830102,15,2,40,600,157,443
M11,830102,15,3,40,600,153,447
M11,830102,15,4,40,600,156,444
M11,830102,15,5,40,600,159,441
M11,830102,15,6,40,600,177,423
M11,830102,15,7,40,600,163,437
M11,830102,15,8,40,600,155,445
M11,830102,15,9,40,600,160,440
M11,830102,15,10,40,600,162,438
M11,830102,15,11,40,600,159,441
M11,830102,15,12,40,600,157,443
M11,830102,15,13,40,600,165,435
M11,830102,15,14,40,600,175,425
M11,830102,15,15,40,600,177,423
M11,830102,15,16,40,600,158,442
M11,830102,15,17,40,600,160,440
M11,830102,15,18,40,600,164,436
M11,830102,15,19,40,600,154,446
M11,830102,15,20,40,600,161,439
M11,830102,15,21,40,600,157,443
M11,830102,15,22,40,600,163,437
M11,830102,15,23,40,600,157,443
M11,830102,15,24,40,600,158,442
M11,830102,15,25,40,600,159,441
M11,830102,15,26,40,600,170,430
M11,830102,15,27,40,600,157,443
M11,830102,15,28,40,600,157,443
M11,830102,15,29,40,600,152,448
M11,830102,15,30,40,600,152,448
M11,830102,15,31,40,600,161,439
M11,830102,15,32,40,600,161,439
M11,830102,15,33,40,600,153,447
M11,830102,15,34,40,600,148,452
M11,830102,15,35,40,600,161,439
M11,830102,15,36,40,600,152,448
M11,830102,15,37,40,600,158,442
M11,830102,15,38,40,600,156,444
M11,830102,15,39,40,600,157,443
M11,830102,15,40,40,600,155,445
M11,830102,15,41,40,600,153,447
M11,830102,15,42,40,600,167,433
M11,830102,15,43,40,600,157,443
M11,830102,15,44,40,600,151,449
M11,830102,15,45,40,600,160,440
M11,830102,15,46,40,600,163,437
M11,830102,15,47,40,600,155,445
M11,830102,15,48,40,600,156,444
M11,830102,15,49,40,600,164,436
M11,830102,20,0,40,800,194,606
M11,830102,20,1,40,800,200,600
M11,830102,20,2,40,800,197,603
M11,830102,20,3,40,800,187,613
M11,830102,20,4,40,800,187,613
M11,830102,20,5,40,800,190,610
M11,830102,20,6,40,800,204,596
M11,830102,20,7,40,800,210,590
M11,830102,20,8,40,800,193,607
M11,830102,20,9,40,800,197,603
M11,830102,20,10,40,800,201,599
M11,830102,20,11,40,800,181,619
M11,830102,20,12,40,800,186,614
M11,830102,20,13,40,800,206,594
M11,830102,20,14,40,800,206,594
M11,830102,20,15,40,800,221,579
M11,830102,20,16,40,800,196,604
M11,830102,20,17,40,800,195,605
M11,830102,20,18,40,800,206,594
M11,830102,20,19,40,800,188,612
M11,830102,20,20,40,800,197,603
M11,830102,20,21,40,800,199,601
M11,830102,20,22,40,800,199,601
M11,830102,20,23,40,800,192,608
M11,830102,20,24,40,800,198,602
M11,830102,20,25,40,800,200,600
M11,830102,20,26,40,800,214,586
M11,830102,20,27,40,800,193,607
M11,830102,20,28,40,800,196,604
M11,830102,20,29,40,800,191,609
M11,830102,20,30,40,800,185,615
M11,830102,20,31,40,800,202,598
M11,830102,20,32,40,800,202,598
M11,830102,20,33,40,800,192,608
M11,830102,20,34,40,800,188,612
M11,830102,20,35,40,800,201,599
M11,830102,20,36,40,800,196,604
M11,830102,20,37,40,800,190,610
M11,830102,20,38,40,800,188,612
M11,830102,20,39,40,800,196,604
M11,830102,20,40,40,800,189,611
M11,830102,20,41,40,800,191,609
M11,830102,20,42,40,800,207,593
M11,830102,20,43,40,800,198,602
M11,830102,20,44,40,800,188,612
M11,830102,20,45,40,800,194,606
M11,830102,20,46,40,800,193,607
M11,830102,20,47,40,800,201,599
M11,830102,20,48,40,800,189,611
M11,830102,20,49,40,800,208,592
M11,830102,30,0,40,1200,269,931
M11,830102,30,1,40,1200,278,922
M11,830102,30,2,40,1200,256,944
M11,830102,30,3,40,1200,260,940
M11,830102,30,4,40,1200,289,911
M11,830102,30,5,40,1200,265,935
M11,830102,30,6,40,1200,261,939
M11,830102,30,7,40,1200,324,876
M11,830102,30,8,40,1200,287,913
M11,830102,30,9,40,1200,275,925
M11,830102,30,10,40,1200,268,932
M11,830102,30,11,40,1200,269,931
M11,830102,30,12,40,1200,257,943
M11,830102,30,13,40,1200,277,923
M11,830102,30,14,40,1200,276,924
M11,830102,30,15,40,1200,332,868
M11,830102,30,16,40,1200,255,945
M11,830102,30,17,40,1200,272,928
M11,830102,30,18,40,1200,286,914
M11,830102,30,19,40,1200,293,907
M11,830102,30,20,40,1200,275,925
M11,830102,30,21,40,1200,281,919
M11,830102,30,22,40,1200,284,916
M11,830102,30,23,40,1200,293,907
M11,830102,30,24,40,1200,267,933
M11,830102,30,25,40,1200,279,921
M11,830102,30,26,40,1200,300,900
M11,830102,30,27,40,1200,272,928
M11,830102,30,28,40,1200,262,938
M11,830102,30,29,40,1200,291,909
M11,830102,30,30,40,1200,267,933
M11,830102,30,31,40,1200,298,902
M11,830102,30,32,40,1200,297,903
M11,830102,30,33,40,1200,276,924
M11,830102,30,34,40,1200,272,928
M11,830102,30,35,40,1200,285,915
M11,830102,30,36,40,1200,286,914
M11,830102,30,37,40,1200,265,935
M11,830102,30,38,40,1200,276,924
M11,830102,30,39,40,1200,307,893
M11,830102,30,40,40,1200,257,943
M11,830102,30,41,40,1200,268,932
M11,830102,30,42,40,1200,291,909
M11,830102,30,43,40,1200,276,924
M11,830102,30,44,40,1200,290,910
M11,830102,30,45,40,1200,269,931
M11,830102,30,46,40,1200,275,925
M11,830102,30,47,40,1200,269,931
M11,830102,30,48,40,1200,266,934
M11,830102,30,49,40,1200,293,907
M11,830102,40,0,40,1600,378,1222
M11,830102,40,1,40,1600,385,1215
M11,830102,40,2,40,1600,351,1249
M11,830102,40,3,40,1600,370,1230
M11,830102,40,4,40,1600,387,1213
M11,830102,40,5,40,1600,357,1243
M11,830102,40,6,40,1600,339,1261
M11,830102,40,7,40,1600,447,1153
M11,830102,40,8,40,1600,387,1213
M11,830102,40,9,40,1600,369,1231
M11,830102,40,10,40,1600,368,1232
M11,830102,40,11,40,1600,344,1256
M11,830102,40,12,40,1600,350,1250
M11,830102,40,13,40,1600,374,1226
M11,830102,40,14,40,1600,362,1238
M11,830102,40,15,40,1600,418,1182
M11,830102,40,16,40,1600,323,1277
M11,830102,40,17,40,1600,337,1263
M11,830102,40,18,40,1600,376,1224
M11,830102,40,19,40,1600,404,1196
M11,830102,40,20,40,1600,378,1222
M11,830102,40,21,40,1600,385,1215
M11,830102,40,22,40,1600,367,1233
M11,830102,40,23,40,1600,395,1205
M11,830102,40,24,40,1600,368,1232
M11,830102,40,25,40,1600,389,1211
M11,830102,40,26,40,1600,416,1184
M11,830102,40,27,40,1600,376,1224
M11,830102,40,28,40,1600,367,1233
M11,830102,40,29,40,1600,409,1191
M11,830102,40,30,40,1600,370,1230
M11,830102,40,31,40,1600,407,1193
M11,830102,40,32,40,1600,375,1225
M11,830102,40,33,40,1600,360,1240
M11,830102,40,34,40,1600,348,1252
M11,830102,40,35,40,1600,384,1216
M11,830102,40,36,40,1600,404,1196
M11,830102,40,37,40,1600,385,1215
M11,830102,40,38,40,1600,368,1232
M11,830102,40,39,40,1600,413,1187
M11,830102,40,40,40,1600,358,1242
M11,830102,40,41,40,1600,383,1217
M11,830102,40,42,40,1600,412,1188
M11,830102,40,43,40,1600,351,1249
M11,830102,40,44,40,1600,383,1217
M11,830102,40,45,40,1600,367,1233
M11,830102,40,46,40,1600,385,1215
M11,830102,40,47,40,1600,367,1233
M11,830102,40,48,40,1600,336,1264
M11,830102,40,49,40,1600,377,1223
M11,830103,10,0,40,400,111,289
M11,830103,10,1,40,400,116,284
M11,830103,10,2,40,400,120,280
M11,830103,10,3,40,400,116,284
M11,830103,10,4,40,400,116,284
M11,830103,10,5,40,400,119,281
M11,830103,10,6,40,400,135,265
M11,830103,10,7,40,400,123,277
M11,830103,10,8,40,400,114,286
M11,830103,10,9,40,400,117,283
M11,830103,10,10,40,400,116,284
M11,830103,10,11,40,400,121,279
M11,830103,10,12,40,400,120,280
M11,830103,10,13,40,400,115,285
M11,830103,10,14,40,400,127,273
M11,830103,10,15,40,400,130,270
M11,830103,10,16,40,400,116,284
M11,830103,10,17,40,400,121,279
M11,830103,10,18,40,400,126,274
M11,830103,10,19,40,400,115,285
M11,830103,10,20,40,400,125,275
M11,830103,10,21,40,400,115,285
M11,830103,10,22,40,400,119,281
M11,830103,10,23,40,400,125,275
M11,830103,10,24,40,400,125,275
M11,830103,10,25,40,400,122,278
M11,830103,10,26,40,400,118,282
M11,830103,10,27,40,400,119,281
M11,830103,10,28,40,400,116,284
M11,830103,10,29,40,400,113,287
M11,830103,10,30,40,400,111,289
M11,830103,10,31,40,400,126,274
M11,830103,10,32,40,400,114,286
M11,830103,10,33,40,400,115,285
M11,830103,10,34,40,400,111,289
M11,830103,10,35,40,400,119,281
M11,830103,10,36,40,400,112,288
M11,830103,10,37,40,400,118,282
M11,830103,10,38,40,400,110,290
M11,830103,10,39,40,400,113,287
M11,830103,10,40,40,400,117,283
M11,830103,10,41,40,400,117,283
M11,830103,10,42,40,400,127,273
M11,830103,10,43,40,400,118,282
M11,830103,10,44,40,400,114,286
M11,830103,10,45,40,400,121,279
M11,830103,10,46,40,400,122,278
M11,830103,10,47,40,400,114,286
M11,830103,10,48,40,400,119,281
M11,830103,10,49,40,400,125,275
M11,830103,15,0,40,600,149,451
M11,830103,15,1,40,600,158,442
M11,830103,15,2,40,600,157,443
M11,830103,15,3,40,600,152,448
M11,830103,15,4,40,600,156,444
M11,830103,15,5,40,600,159,441
M11,830103,15,6,40,600,174,426
M11,830103,15,7,40,600,165,435
M11,830103,15,8,40,600,156,444
M11,830103,15,9,40,600,159,441
M11,830103,15,10,40,600,157,443
M11,830103,15,11,40,600,158,442
M11,830103,15,12,40,600,158,442
M11,830103,15,13,40,600,163,437
M11,830103,15,14,40,600,175,425
M11,830103,15,15,40,600,176,424
M11,830103,15,16,40,600,156,444
M11,830103,15,17,40,600,162,438
M11,830103,15,18,40,600,165,435
M11,830103,15,19,40,600,155,445
M11,830103,15,20,40,600,161,439
M11,830103,15,21,40,600,158,442
M11,830103,15,22,40,600,162,438
M11,830103,15,23,40,600,159,441
M11,830103,15,24,40,600,156,444
M11,830103,15,25,40,600,161,439
M11,830103,15,26,40,600,171,429
M11,830103,15,27,40,600,156,444
M11,830103,15,28,40,600,159,441
M11,830103,15,29,40,600,152,448
M11,830103,15,30,40,600,153,447
M11,830103,15,31,40,600,165,435
M11,830103,15,32,40,600,162,438
M11,830103,15,33,40,600,153,447
M11,830103,15,34,40,600,147,453
M11,830103,15,35,40,600,161,439
M11,830103,15,36,40,600,153,447
M11,830103,15,37,40,600,158,442
M11,830103,15,38,40,600,156,444
M11,830103,15,39,40,600,153,447
M11,830103,15,40,40,600,156,444
M11,830103,15,41,40,600,152,448
M11,830103,15,42,40,600,171,429
M11,830103,15,43,40,600,154,446
M11,830103,15,44,40,600,150,450
M11,830103,15,45,40,600,161,439
M11,830103,15,46,40,600,166,434
M11,830103,15,47,40,600,154,446
M11,830103,15,48,40,600,157,443
M11,830103,15,49,40,600,169,431
M11,830103,20,0,40,800,193,607
M11,830103,20,1,40,800,197,603
M11,830103,20,2,40,800,197,603
M11,830103,20,3,40,800,185,615
M11,830103,20,4,40,800,193,607
M11,830103,20,5,40,800,197,603
M11,830103,20,6,40,800,205,595
M11,830103,20,7,40,800,209,591
M11,830103,20,8,40,800,193,607
M11,830103,20,9,40,800,198,602
M11,830103,20,10,40,800,200,600
M11,830103,20,11,40,800,187,613
M11,830103,20,12,40,800,187,613
M11,830103,20,13,40,800,206,594
M11,830103,20,14,40,800,203,597
M11,830103,20,15,40,800,220,580
M11,830103,20,16,40,800,191,609
M11,830103,20,17,40,800,195,605
M11,830103,20,18,40,800,206,594
M11,830103,20,19,40,800,190,610
M11,830103,20,20,40,800,200,600
M11,830103,20,21,40,800,199,601
M11,830103,20,22,40,800,196,604
M11,830103,20,23,40,800,192,608
M11,830103,20,24,40,800,198,602
M11,830103,20,25,40,800,203,597
M11,830103,20,26,40,800,205,595
M11,830103,20,27,40,800,193,607
M11,830103,20,28,40,800,193,607
M11,830103,20,29,40,800,188,612
M11,830103,20,30,40,800,185,615
M11,830103,20,31,40,800,204,596
M11,830103,20,32,40,800,206,594
M11,830103,20,33,40,800,193,607
M11,830103,20,34,40,800,188,612
M11,830103,20,35,40,800,199,601
M11,830103,20,36,40,800,196,604
M11,830103,20,37,40,800,188,612
M11,830103,20,38,40,800,188,612
M11,830103,20,39,40,800,194,606
M11,830103,20,40,40,800,190,610
M11,830103,20,41,40,800,192,608
M11,830103,20,42,40,800,216,584
M11,830103,20,43,40,800,191,609
M11,830103,20,44,40,800,187,613
M11,830103,20,45,40,800,194,606
M11,830103,20,46,40,800,196,604
M11,830103,20,47,40,800,194,606
M11,830103,20,48,40,800,193,607
M11,830103,20,49,40,800,206,594
M11,830103,30,0,40,1200,277,923
M11,830103,30,1,40,1200,282,918
M11,830103,30,2,40,1200,262,938
M11,830103,30,3,40,1200,264,936
M11,830103,30,4,40,1200,281,919
M11,830103,30,5,40,1200,261,939
M11,830103,30,6,40,1200,260,940
M11,830103,30,7,40,1200,319,881
M11,830103,30,8,40,1200,286,914
M11,830103,30,9,40,1200,273,927
M11,830103,30,10,40,1200,270,930
M11,830103,30,11,40,1200,273,927
M11,830103,30,12,40,1200,256,944
M11,830103,30,13,40,1200,276,924
M11,830103,30,14,40,1200,281,919
M11,830103,30,15,40,1200,325,875
M11,830103,30,16,40,1200,253,947
M11,830103,30,17,40,1200,273,927
M11,830103,30,18,40,1200,284,916
M11,830103,30,19,40,1200,292,908
M11,830103,30,20,40,1200,271,929
M11,830103,30,21,40,1200,281,919
M11,830103,30,22,40,1200,285,915
M11,830103,30,23,40,1200,287,913
M11,830103,30,24,40,1200,277,923
M11,830103,30,25,40,1200,276,924
M11,830103,30,26,40,1200,298,902
M11,830103,30,27,40,1200,272,928
M11,830103,30,28,40,1200,261,939
M11,830103,30,29,40,1200,289,911
M11,830103,30,30,40,1200,264,936
M11,830103,30,31,40,1200,299,901
M11,830103,30,32,40,1200,298,902
M11,830103,30,33,40,1200,276,924
M11,830103,30,34,40,1200,273,927
M11,830103,30,35,40,1200,296,904
M11,830103,30,36,40,1200,281,919
M11,830103,30,37,40,1200,271,929
M11,830103,30,38,40,1200,277,923
M11,830103,30,39,40,1200,307,893
M11,830103,30,40,40,1200,259,941
M11,830103,30,41,40,1200,273,927
M11,830103,30,42,40,1200,294,906
M11,830103,30,43,40,1200,276,924
M11,830103,30,44,40,1200,283,917
M11,830103,30,45,40,1200,270,930
M11,830103,30,46,40,1200,273,927
M11,830103,30,47,40,1200,263,937
M11,830103,30,48,40,1200,268,932
M11,830103,30,49,40,1200,292,908
M11,830103,40,0,40,1600,383,1217
M11,830103,40,1,40,1600,390,1210
M11,830103,40,2,40,1600,349,1251
M11,830103,40,3,40,1600,373,1227
M11,830103,40,4,40,1600,382,1218
M11,830103,40,5,40,1600,351,1249
M11,830103,40,6,40,1600,341,1259
M11,830103,40,7,40,1600,447,1153
M11,830103,40,8,40,1600,382,1218
M11,830103,40,9,40,1600,359,1241
M11,830103,40,10,40,1600,361,1239
M11,830103,40,11,40,1600,345,1255
M11,830103,40,12,40,1600,354,1246
M11,830103,40,13,40,1600,373,1227
M11,830103,40,14,40,1600,357,1243
M11,830103,40,15,40,1600,420,1180
M11,830103,40,16,40,1600,328,1272
M11,830103,40,17,40,1600,336,1264
M11,830103,40,18,40,1600,375,1225
M11,830103,40,19,40,1600,404,1196
M11,830103,40,20,40,1600,376,1224
M11,830103,40,21,40,1600,385,1215
M11,830103,40,22,40,1600,362,1238
M11,830103,40,23,40,1600,398,1202
M11,830103,40,24,40,1600,367,1233
M11,830103,40,25,40,1600,378,1222
M11,830103,40,26,40,1600,416,1184
M11,830103,40,27,40,1600,380,1220
M11,830103,40,28,40,1600,364,1236
M11,830103,40,29,40,1600,401,1199
M11,830103,40,30,40,1600,369,1231
M11,830103,40,31,40,1600,404,1196
M11,830103,40,32,40,1600,377,1223
M11,830103,40,33,40,1600,360,1240
M11,830103,40,34,40,1600,343,1257
M11,830103,40,35,40,1600,384,1216
M11,830103,40,36,40,1600,404,1196
M11,830103,40,37,40,1600,389,1211
M11,830103,40,38,40,1600,357,1243
M11,830103,40,39,40,1600,412,1188
M11,830103,40,40,40,1600,362,1238
M11,830103,40,41,40,1600,386,1214
M11,830103,40,42,40,1600,423,1177
M11,830103,40,43,40,1600,352,1248
M11,830103,40,44,40,1600,381,1219
M11,830103,40,45,40,1600,365,1235
M11,830103,40,46,40,1600,386,1214
M11,830103,40,47,40,1600,368,1232
M11,830103,40,48,40,1600,340,1260
M11,830103,40,49,40,1600,378,1222
S_ADAPT,-1,10,0,40,400,87,313
S_ADAPT,-1,10,1,40,400,76,324
S_ADAPT,-1,10,2,40,400,83,317
S_ADAPT,-1,10,3,40,400,80,320
S_ADAPT,-1,10,4,40,400,78,322
S_ADAPT,-1,10,5,40,400,81,319
S_ADAPT,-1,10,6,40,400,86,314
S_ADAPT,-1,10,7,40,400,97,303
S_ADAPT,-1,10,8,40,400,85,315
S_ADAPT,-1,10,9,40,400,86,314
S_ADAPT,-1,10,10,40,400,82,318
S_ADAPT,-1,10,11,40,400,83,317
S_ADAPT,-1,10,12,40,400,83,317
S_ADAPT,-1,10,13,40,400,81,319
S_ADAPT,-1,10,14,40,400,96,304
S_ADAPT,-1,10,15,40,400,96,304
S_ADAPT,-1,10,16,40,400,77,323
S_ADAPT,-1,10,17,40,400,79,321
S_ADAPT,-1,10,18,40,400,83,317
S_ADAPT,-1,10,19,40,400,86,314
S_ADAPT,-1,10,20,40,400,89,311
S_ADAPT,-1,10,21,40,400,88,312
S_ADAPT,-1,10,22,40,400,82,318
S_ADAPT,-1,10,23,40,400,89,311
S_ADAPT,-1,10,24,40,400,81,319
S_ADAPT,-1,10,25,40,400,82,318
S_ADAPT,-1,10,26,40,400,89,311
S_ADAPT,-1,10,27,40,400,79,321
S_ADAPT,-1,10,28,40,400,82,318
S_ADAPT,-1,10,29,40,400,83,317
S_ADAPT,-1,10,30,40,400,82,318
S_ADAPT,-1,10,31,40,400,94,306
S_ADAPT,-1,10,32,40,400,82,318
S_ADAPT,-1,10,33,40,400,79,321
S_ADAPT,-1,10,34,40,400,82,318
S_ADAPT,-1,10,35,40,400,86,314
S_ADAPT,-1,10,36,40,400,77,323
S_ADAPT,-1,10,37,40,400,80,320
S_ADAPT,-1,10,38,40,400,78,322
S_ADAPT,-1,10,39,40,400,84,316
S_ADAPT,-1,10,40,40,400,80,320
S_ADAPT,-1,10,41,40,400,86,314
S_ADAPT,-1,10,42,40,400,91,309
S_ADAPT,-1,10,43,40,400,89,311
S_ADAPT,-1,10,44,40,400,83,317
S_ADAPT,-1,10,45,40,400,85,315
S_ADAPT,-1,10,46,40,400,88,312
S_ADAPT,-1,10,47,40,400,83,317
S_ADAPT,-1,10,48,40,400,81,319
S_ADAPT,-1,10,49,40,400,92,308
S_ADAPT,-1,15,0,40,600,111,489
S_ADAPT,-1,15,1,40,600,101,499
S_ADAPT,-1,15,2,40,600,112,488
S_ADAPT,-1,15,3,40,600,106,494
S_ADAPT,-1,15,4,40,600,109,491
S_ADAPT,-1,15,5,40,600,106,494
S_ADAPT,-1,15,6,40,600,113,487
S_ADAPT,-1,15,7,40,600,123,477
S_ADAPT,-1,15,8,40,600,112,488
S_ADAPT,-1,15,9,40,600,114,486
S_ADAPT,-1,15,10,40,600,108,492
S_ADAPT,-1,15,11,40,600,104,496
S_ADAPT,-1,15,12,40,600,108,492
S_ADAPT,-1,15,13,40,600,113,487
S_ADAPT,-1,15,14,40,600,119,481
S_ADAPT,-1,15,15,40,600,120,480
S_ADAPT,-1,15,16,40,600,101,499
S_ADAPT,-1,15,17,40,600,111,489
S_ADAPT,-1,15,18,40,600,107,493
S_ADAPT,-1,15,19,40,600,118,482
S_ADAPT,-1,15,20,40,600,104,496
S_ADAPT,-1,15,21,40,600,112,488
S_ADAPT,-1,15,22,40,600,110,490
S_ADAPT,-1,15,23,40,600,116,484
S_ADAPT,-1,15,24,40,600,106,494
S_ADAPT,-1,15,25,40,600,106,494
S_ADAPT,-1,15,26,40,600,116,484
S_ADAPT,-1,15,27,40,600,102,498
S_ADAPT,-1,15,28,40,600,108,492
S_ADAPT,-1,15,29,40,600,104,496
S_ADAPT,-1,15,30,40,600,108,492
S_ADAPT,-1,15,31,40,600,116,484
S_ADAPT,-1,15,32,40,600,103,497
S_ADAPT,-1,15,33,40,600,108,492
S_ADAPT,-1,15,34,40,600,109,491
S_ADAPT,-1,15,35,40,600,119,481
S_ADAPT,-1,15,36,40,600,111,489
S_ADAPT,-1,15,37,40,600,101,499
S_ADAPT,-1,15,38,40,600,110,490
S_ADAPT,-1,15,39,40,600,109,491
S_ADAPT,-1,15,40,40,600,106,494
S_ADAPT,-1,15,41,40,600,109,491
S_ADAPT,-1,15,42,40,600,109,491
S_ADAPT,-1,15,43,40,600,110,490
S_ADAPT,-1,15,44,40,600,99,501
S_ADAPT,-1,15,45,40,600,109,491
S_ADAPT,-1,15,46,40,600,112,488
S_ADAPT,-1,15,47,40,600,102,498
S_ADAPT,-1,15,48,40,600,115,485
S_ADAPT,-1,15,49,40,600,118,482
S_ADAPT,-1,20,0,40,800,141,659
S_ADAPT,-1,20,1,40,800,130,670
S_ADAPT,-1,20,2,40,800,142,658
S_ADAPT,-1,20,3,40,800,138,662
S_ADAPT,-1,20,4,40,800,146,654
S_ADAPT,-1,20,5,40,800,129,671
S_ADAPT,-1,20,6,40,800,133,667
S_ADAPT,-1,20,7,40,800,150,650
S_ADAPT,-1,20,8,40,800,135,665
S_ADAPT,-1,20,9,40,800,140,660
S_ADAPT,-1,20,10,40,800,135,665
S_ADAPT,-1,20,11,40,800,131,669
S_ADAPT,-1,20,12,40,800,143,657
S_ADAPT,-1,20,13,40,800,143,657
S_ADAPT,-1,20,14,40,800,150,650
S_ADAPT,-1,20,15,40,800,146,654
S_ADAPT,-1,20,16,40,800,130,670
S_ADAPT,-1,20,17,40,800,149,651
S_ADAPT,-1,20,18,40,800,139,661
S_ADAPT,-1,20,19,40,800,145,655
S_ADAPT,-1,20,20,40,800,135,665
S_ADAPT,-1,20,21,40,800,144,656
S_ADAPT,-1,20,22,40,800,146,654
S_ADAPT,-1,20,23,40,800,144,656
S_ADAPT,-1,20,24,40,800,133,667
S_ADAPT,-1,20,25,40,800,138,662
S_ADAPT,-1,20,26,40,800,140,660
S_ADAPT,-1,20,27,40,800,139,661
S_ADAPT,-1,20,28,40,800,133,667
S_ADAPT,-1,20,29,40,800,142,658
S_ADAPT,-1,20,30,40,800,139,661
S_ADAPT,-1,20,31,40,800,145,655
S_ADAPT,-1,20,32,40,800,132,668
S_ADAPT,-1,20,33,40,800,129,671
S_ADAPT,-1,20,34,40,800,137,663
S_ADAPT,-1,20,35,40,800,145,655
S_ADAPT,-1,20,36,40,800,147,653
S_ADAPT,-1,20,37,40,800,133,667
S_ADAPT,-1,20,38,40,800,134,666
S_ADAPT,-1,20,39,40,800,135,665
S_ADAPT,-1,20,40,40,800,138,662
S_ADAPT,-1,20,41,40,800,137,663
S_ADAPT,-1,20,42,40,800,147,653
S_ADAPT,-1,20,43,40,800,144,656
S_ADAPT,-1,20,44,40,800,136,664
S_ADAPT,-1,20,45,40,800,142,658
S_ADAPT,-1,20,46,40,800,138,662
S_ADAPT,-1,20,47,40,800,127,673
S_ADAPT,-1,20,48,40,800,146,654
S_ADAPT,-1,20,49,40,800,145,655
S_ADAPT,-1,30,0,40,1200,209,991
S_ADAPT,-1,30,1,40,1200,200,1000
S_ADAPT,-1,30,2,40,1200,209,991
S_ADAPT,-1,30,3,40,1200,203,997
S_ADAPT,-1,30,4,40,1200,222,978
S_ADAPT,-1,30,5,40,1200,194,1006
S_ADAPT,-1,30,6,40,1200,212,988
S_ADAPT,-1,30,7,40,1200,238,962
S_ADAPT,-1,30,8,40,1200,211,989
S_ADAPT,-1,30,9,40,1200,202,998
S_ADAPT,-1,30,10,40,1200,217,983
S_ADAPT,-1,30,11,40,1200,183,1017
S_ADAPT,-1,30,12,40,1200,202,998
S_ADAPT,-1,30,13,40,1200,215,985
S_ADAPT,-1,30,14,40,1200,209,991
S_ADAPT,-1,30,15,40,1200,228,972
S_ADAPT,-1,30,16,40,1200,190,1010
S_ADAPT,-1,30,17,40,1200,210,990
S_ADAPT,-1,30,18,40,1200,214,986
S_ADAPT,-1,30,19,40,1200,229,971
S_ADAPT,-1,30,20,40,1200,196,1004
S_ADAPT,-1,30,21,40,1200,209,991
S_ADAPT,-1,30,22,40,1200,212,988
S_ADAPT,-1,30,23,40,1200,219,981
S_ADAPT,-1,30,24,40,1200,222,978
S_ADAPT,-1,30,25,40,1200,209,991
S_ADAPT,-1,30,26,40,1200,228,972
S_ADAPT,-1,30,27,40,1200,204,996
S_ADAPT,-1,30,28,40,1200,207,993
S_ADAPT,-1,30,29,40,1200,210,990
S_ADAPT,-1,30,30,40,1200,204,996
S_ADAPT,-1,30,31,40,1200,209,991
S_ADAPT,-1,30,32,40,1200,186,1014
S_ADAPT,-1,30,33,40,1200,212,988
S_ADAPT,-1,30,34,40,1200,198,1002
S_ADAPT,-1,30,35,40,1200,219,981
S_ADAPT,-1,30,36,40,1200,224,976
S_ADAPT,-1,30,37,40,1200,203,997
S_ADAPT,-1,30,38,40,1200,204,996
S_ADAPT,-1,30,39,40,1200,210,990
S_ADAPT,-1,30,40,40,1200,204,996
S_ADAPT,-1,30,41,40,1200,203,997
S_ADAPT,-1,30,42,40,1200,231,969
S_ADAPT,-1,30,43,40,1200,210,990
S_ADAPT,-1,30,44,40,1200,206,994
S_ADAPT,-1,30,45,40,1200,208,992
S_ADAPT,-1,30,46,40,1200,203,997
S_ADAPT,-1,30,47,40,1200,204,996
S_ADAPT,-1,30,48,40,1200,198,1002
S_ADAPT,-1,30,49,40,1200,223,977
S_ADAPT,-1,40,0,40,1600,304,1296
S_ADAPT,-1,40,1,40,1600,314,1286
S_ADAPT,-1,40,2,40,1600,291,1309
S_ADAPT,-1,40,3,40,1600,301,1299
S_ADAPT,-1,40,4,40,1600,343,1257
S_ADAPT,-1,40,5,40,1600,287,1313
S_ADAPT,-1,40,6,40,1600,279,1321
S_ADAPT,-1,40,7,40,1600,375,1225
S_ADAPT,-1,40,8,40,1600,325,1275
S_ADAPT,-1,40,9,40,1600,295,1305
S_ADAPT,-1,40,10,40,1600,314,1286
S_ADAPT,-1,40,11,40,1600,255,1345
S_ADAPT,-1,40,12,40,1600,296,1304
S_ADAPT,-1,40,13,40,1600,326,1274
S_ADAPT,-1,40,14,40,1600,304,1296
S_ADAPT,-1,40,15,40,1600,365,1235
S_ADAPT,-1,40,16,40,1600,274,1326
S_ADAPT,-1,40,17,40,1600,288,1312
S_ADAPT,-1,40,18,40,1600,307,1293
S_ADAPT,-1,40,19,40,1600,353,1247
S_ADAPT,-1,40,20,40,1600,307,1293
S_ADAPT,-1,40,21,40,1600,318,1282
S_ADAPT,-1,40,22,40,1600,317,1283
S_ADAPT,-1,40,23,40,1600,328,1272
S_ADAPT,-1,40,24,40,1600,303,1297
S_ADAPT,-1,40,25,40,1600,314,1286
S_ADAPT,-1,40,26,40,1600,341,1259
S_ADAPT,-1,40,27,40,1600,287,1313
S_ADAPT,-1,40,28,40,1600,301,1299
S_ADAPT,-1,40,29,40,1600,327,1273
S_ADAPT,-1,40,30,40,1600,300,1300
S_ADAPT,-1,40,31,40,1600,338,1262
S_ADAPT,-1,40,32,40,1600,304,1296
S_ADAPT,-1,40,33,40,1600,311,1289
S_ADAPT,-1,40,34,40,1600,294,1306
S_ADAPT,-1,40,35,40,1600,318,1282
S_ADAPT,-1,40,36,40,1600,334,1266
S_ADAPT,-1,40,37,40,1600,328,1272
S_ADAPT,-1,40,38,40,1600,307,1293
S_ADAPT,-1,40,39,40,1600,321,1279
S_ADAPT,-1,40,40,40,1600,302,1298
S_ADAPT,-1,40,41,40,1600,306,1294
S_ADAPT,-1,40,42,40,1600,330,1270
S_ADAPT,-1,40,43,40,1600,301,1299
S_ADAPT,-1,40,44,40,1600,324,1276
S_ADAPT,-1,40,45,40,1600,300,1300
S_ADAPT,-1,40,46,40,1600,306,1294
S_ADAPT,-1,40,47,40,1600,305,1295
S_ADAPT,-1,40,48,40,1600,289,1311
S_ADAPT,-1,40,49,40,1600,320,1280
S_FIXED,-1,10,0,40,400,89,311
S_FIXED,-1,10,1,40,400,86,314
S_FIXED,-1,10,2,40,400,107,293
S_FIXED,-1,10,3,40,400,97,303
S_FIXED,-1,10,4,40,400,96,304
S_FIXED,-1,10,5,40,400,97,303
S_FIXED,-1,10,6,40,400,105,295
S_FIXED,-1,10,7,40,400,112,288
S_FIXED,-1,10,8,40,400,96,304
S_FIXED,-1,10,9,40,400,94,306
S_FIXED,-1,10,10,40,400,90,310
S_FIXED,-1,10,11,40,400,98,302
S_FIXED,-1,10,12,40,400,94,306
S_FIXED,-1,10,13,40,400,103,297
S_FIXED,-1,10,14,40,400,108,292
S_FIXED,-1,10,15,40,400,118,282
S_FIXED,-1,10,16,40,400,92,308
S_FIXED,-1,10,17,40,400,93,307
S_FIXED,-1,10,18,40,400,100,300
S_FIXED,-1,10,19,40,400,99,301
S_FIXED,-1,10,20,40,400,98,302
S_FIXED,-1,10,21,40,400,103,297
S_FIXED,-1,10,22,40,400,99,301
S_FIXED,-1,10,23,40,400,105,295
S_FIXED,-1,10,24,40,400,98,302
S_FIXED,-1,10,25,40,400,99,301
S_FIXED,-1,10,26,40,400,102,298
S_FIXED,-1,10,27,40,400,107,293
S_FIXED,-1,10,28,40,400,88,312
S_FIXED,-1,10,29,40,400,97,303
S_FIXED,-1,10,30,40,400,86,314
S_FIXED,-1,10,31,40,400,103,297
S_FIXED,-1,10,32,40,400,100,300
S_FIXED,-1,10,33,40,400,101,299
S_FIXED,-1,10,34,40,400,82,318
S_FIXED,-1,10,35,40,400,101,299
S_FIXED,-1,10,36,40,400,94,306
S_FIXED,-1,10,37,40,400,95,305
S_FIXED,-1,10,38,40,400,86,314
S_FIXED,-1,10,39,40,400,92,308
S_FIXED,-1,10,40,40,400,102,298
S_FIXED,-1,10,41,40,400,97,303
S_FIXED,-1,10,42,40,400,102,298
S_FIXED,-1,10,43,40,400,99,301
S_FIXED,-1,10,44,40,400,92,308
S_FIXED,-1,10,45,40,400,99,301
S_FIXED,-1,10,46,40,400,98,302
S_FIXED,-1,10,47,40,400,92,308
S_FIXED,-1,10,48,40,400,92,308
S_FIXED,-1,10,49,40,400,97,303
S_FIXED,-1,15,0,40,600,149,451
S_FIXED,-1,15,1,40,600,140,460
S_FIXED,-1,15,2,40,600,146,454
S_FIXED,-1,15,3,40,600,136,464
S_FIXED,-1,15,4,40,600,137,463
S_FIXED,-1,15,5,40,600,130,470
S_FIXED,-1,15,6,40,600,141,459
S_FIXED,-1,15,7,40,600,169,431
S_FIXED,-1,15,8,40,600,142,458
S_FIXED,-1,15,9,40,600,135,465
S_FIXED,-1,15,10,40,600,132,468
S_FIXED,-1,15,11,40,600,134,466
S_FIXED,-1,15,12,40,600,130,470
S_FIXED,-1,15,13,40,600,143,457
S_FIXED,-1,15,14,40,600,147,453
S_FIXED,-1,15,15,40,600,167,433
S_FIXED,-1,15,16,40,600,131,469
S_FIXED,-1,15,17,40,600,134,466
S_FIXED,-1,15,18,40,600,133,467
S_FIXED,-1,15,19,40,600,135,465
S_FIXED,-1,15,20,40,600,137,463
S_FIXED,-1,15,21,40,600,149,451
S_FIXED,-1,15,22,40,600,137,463
S_FIXED,-1,15,23,40,600,150,450
S_FIXED,-1,15,24,40,600,134,466
S_FIXED,-1,15,25,40,600,145,455
S_FIXED,-1,15,26,40,600,140,460
S_FIXED,-1,15,27,40,600,146,454
S_FIXED,-1,15,28,40,600,132,468
S_FIXED,-1,15,29,40,600,144,456
S_FIXED,-1,15,30,40,600,130,470
S_FIXED,-1,15,31,40,600,141,459
S_FIXED,-1,15,32,40,600,136,464
S_FIXED,-1,15,33,40,600,141,459
S_FIXED,-1,15,34,40,600,112,488
S_FIXED,-1,15,35,40,600,136,464
S_FIXED,-1,15,36,40,600,141,459
S_FIXED,-1,15,37,40,600,136,464
S_FIXED,-1,15,38,40,600,138,462
S_FIXED,-1,15,39,40,600,124,476
S_FIXED,-1,15,40,40,600,143,457
S_FIXED,-1,15,41,40,600,135,465
S_FIXED,-1,15,42,40,600,157,443
S_FIXED,-1,15,43,40,600,137,463
S_FIXED,-1,15,44,40,600,135,465
S_FIXED,-1,15,45,40,600,132,468
S_FIXED,-1,15,46,40,600,146,454
S_FIXED,-1,15,47,40,600,131,469
S_FIXED,-1,15,48,40,600,122,478
S_FIXED,-1,15,49,40,600,156,444
S_FIXED,-1,20,0,40,800,181,619
S_FIXED,-1,20,1,40,800,184,616
S_FIXED,-1,20,2,40,800,187,613
S_FIXED,-1,20,3,40,800,177,623
S_FIXED,-1,20,4,40,800,187,613
S_FIXED,-1,20,5,40,800,165,635
S_FIXED,-1,20,6,40,800,168,632
S_FIXED,-1,20,7,40,800,226,574
S_FIXED,-1,20,8,40,800,184,616
S_FIXED,-1,20,9,40,800,175,625
S_FIXED,-1,20,10,40,800,165,635
S_FIXED,-1,20,11,40,800,159,641
S_FIXED,-1,20,12,40,800,160,640
S_FIXED,-1,20,13,40,800,189,611
S_FIXED,-1,20,14,40,800,189,611
S_FIXED,-1,20,15,40,800,205,595
S_FIXED,-1,20,16,40,800,176,624
S_FIXED,-1,20,17,40,800,189,611
S_FIXED,-1,20,18,40,800,161,639
S_FIXED,-1,20,19,40,800,182,618
S_FIXED,-1,20,20,40,800,179,621
S_FIXED,-1,20,21,40,800,194,606
S_FIXED,-1,20,22,40,800,175,625
S_FIXED,-1,20,23,40,800,183,617
S_FIXED,-1,20,24,40,800,168,632
S_FIXED,-1,20,25,40,800,178,622
S_FIXED,-1,20,26,40,800,190,610
S_FIXED,-1,20,27,40,800,192,608
S_FIXED,-1,20,28,40,800,171,629
S_FIXED,-1,20,29,40,800,184,616
S_FIXED,-1,20,30,40,800,172,628
S_FIXED,-1,20,31,40,800,184,616
S_FIXED,-1,20,32,40,800,175,625
S_FIXED,-1,20,33,40,800,188,612
S_FIXED,-1,20,34,40,800,150,650
S_FIXED,-1,20,35,40,800,175,625
S_FIXED,-1,20,36,40,800,191,609
S_FIXED,-1,20,37,40,800,180,620
S_FIXED,-1,20,38,40,800,188,612
S_FIXED,-1,20,39,40,800,183,617
S_FIXED,-1,20,40,40,800,191,609
S_FIXED,-1,20,41,40,800,177,623
S_FIXED,-1,20,42,40,800,206,594
S_FIXED,-1,20,43,40,800,176,624
S_FIXED,-1,20,44,40,800,167,633
S_FIXED,-1,20,45,40,800,177,623
S_FIXED,-1,20,46,40,800,187,613
S_FIXED,-1,20,47,40,800,169,631
S_FIXED,-1,20,48,40,800,154,646
S_FIXED,-1,20,49,40,800,186,614
S_FIXED,-1,30,0,40,1200,260,940
S_FIXED,-1,30,1,40,1200,277,923
S_FIXED,-1,30,2,40,1200,268,932
S_FIXED,-1,30,3,40,1200,271,929
S_FIXED,-1,30,4,40,1200,280,920
S_FIXED,-1,30,5,40,1200,245,955
S_FIXED,-1,30,6,40,1200,250,950
S_FIXED,-1,30,7,40,1200,319,881
S_FIXED,-1,30,8,40,1200,285,915
S_FIXED,-1,30,9,40,1200,254,946
S_FIXED,-1,30,10,40,1200,255,945
S_FIXED,-1,30,11,40,1200,228,972
S_FIXED,-1,30,12,40,1200,229,971
S_FIXED,-1,30,13,40,1200,278,922
S_FIXED,-1,30,14,40,1200,262,938
S_FIXED,-1,30,15,40,1200,302,898
S_FIXED,-1,30,16,40,1200,257,943
S_FIXED,-1,30,17,40,1200,258,942
S_FIXED,-1,30,18,40,1200,244,956
S_FIXED,-1,30,19,40,1200,287,913
S_FIXED,-1,30,20,40,1200,262,938
S_FIXED,-1,30,21,40,1200,292,908
S_FIXED,-1,30,22,40,1200,261,939
S_FIXED,-1,30,23,40,1200,284,916
S_FIXED,-1,30,24,40,1200,251,949
S_FIXED,-1,30,25,40,1200,268,932
S_FIXED,-1,30,26,40,1200,294,906
S_FIXED,-1,30,27,40,1200,286,914
S_FIXED,-1,30,28,40,1200,262,938
S_FIXED,-1,30,29,40,1200,275,925
S_FIXED,-1,30,30,40,1200,253,947
S_FIXED,-1,30,31,40,1200,268,932
S_FIXED,-1,30,32,40,1200,259,941
S_FIXED,-1,30,33,40,1200,263,937
S_FIXED,-1,30,34,40,1200,233,967
S_FIXED,-1,30,35,40,1200,283,917
S_FIXED,-1,30,36,40,1200,285,915
S_FIXED,-1,30,37,40,1200,280,920
S_FIXED,-1,30,38,40,1200,263,937
S_FIXED,-1,30,39,40,1200,286,914
S_FIXED,-1,30,40,40,1200,276,924
S_FIXED,-1,30,41,40,1200,270,930
S_FIXED,-1,30,42,40,1200,300,900
S_FIXED,-1,30,43,40,1200,261,939
S_FIXED,-1,30,44,40,1200,259,941
S_FIXED,-1,30,45,40,1200,254,946
S_FIXED,-1,30,46,40,1200,277,923
S_FIXED,-1,30,47,40,1200,234,966
S_FIXED,-1,30,48,40,1200,231,969
S_FIXED,-1,30,49,40,1200,263,937
S_FIXED,-1,40,0,40,1600,352,1248
S_FIXED,-1,40,1,40,1600,385,1215
S_FIXED,-1,40,2,40,1600,354,1246
S_FIXED,-1,40,3,40,1600,354,1246
S_FIXED,-1,40,4,40,1600,391,1209
S_FIXED,-1,40,5,40,1600,336,1264
S_FIXED,-1,40,6,40,1600,322,1278
S_FIXED,-1,40,7,40,1600,430,1170
S_FIXED,-1,40,8,40,1600,366,1234
S_FIXED,-1,40,9,40,1600,347,1253
S_FIXED,-1,40,10,40,1600,358,1242
S_FIXED,-1,40,11,40,1600,301,1299
S_FIXED,-1,40,12,40,1600,324,1276
S_FIXED,-1,40,13,40,1600,379,1221
S_FIXED,-1,40,14,40,1600,363,1237
S_FIXED,-1,40,15,40,1600,411,1189
S_FIXED,-1,40,16,40,1600,347,1253
S_FIXED,-1,40,17,40,1600,332,1268
S_FIXED,-1,40,18,40,1600,335,1265
S_FIXED,-1,40,19,40,1600,383,1217
S_FIXED,-1,40,20,40,1600,352,1248
S_FIXED,-1,40,21,40,1600,380,1220
S_FIXED,-1,40,22,40,1600,352,1248
S_FIXED,-1,40,23,40,1600,390,1210
S_FIXED,-1,40,24,40,1600,341,1259
S_FIXED,-1,40,25,40,1600,375,1225
S_FIXED,-1,40,26,40,1600,400,1200
S_FIXED,-1,40,27,40,1600,379,1221
S_FIXED,-1,40,28,40,1600,348,1252
S_FIXED,-1,40,29,40,1600,390,1210
S_FIXED,-1,40,30,40,1600,352,1248
S_FIXED,-1,40,31,40,1600,382,1218
S_FIXED,-1,40,32,40,1600,351,1249
S_FIXED,-1,40,33,40,1600,363,1237
S_FIXED,-1,40,34,40,1600,317,1283
S_FIXED,-1,40,35,40,1600,382,1218
S_FIXED,-1,40,36,40,1600,392,1208
S_FIXED,-1,40,37,40,1600,398,1202
S_FIXED,-1,40,38,40,1600,353,1247
S_FIXED,-1,40,39,40,1600,368,1232
S_FIXED,-1,40,40,40,1600,376,1224
S_FIXED,-1,40,41,40,1600,362,1238
S_FIXED,-1,40,42,40,1600,411,1189
S_FIXED,-1,40,43,40,1600,343,1257
S_FIXED,-1,40,44,40,1600,367,1233
S_FIXED,-1,40,45,40,1600,339,1261
S_FIXED,-1,40,46,40,1600,373,1227
S_FIXED,-1,40,47,40,1600,333,1267
S_FIXED,-1,40,48,40,1600,325,1275
S_FIXED,-1,40,49,40,1600,369,1231
