method,seed,budget,images,n_before_mean,n_before_min,n_before_max,n_after_mean,n_after_min,n_after_max,removed_total,empty_output_images
M11,830101,10,2000,10.0,5,50,2.995,1,17,14010,0
M11,830101,15,2000,15.0,5,50,3.982,1,18,22036,0
M11,830101,20,2000,20.0,5,50,4.9395,1,23,30121,0
M11,830101,30,2000,30.0,5,50,6.971,1,23,46058,0
M11,830101,40,2000,40.0,5,50,9.4515,1,30,61097,0
M11,830102,10,2000,10.0,5,50,2.9775,1,15,14045,0
M11,830102,15,2000,15.0,5,50,3.973,1,18,22054,0
M11,830102,20,2000,20.0,5,50,4.911,1,19,30178,0
M11,830102,30,2000,30.0,5,50,6.968,1,23,46064,0
M11,830102,40,2000,40.0,5,50,9.4045,1,30,61191,0
M11,830103,10,2000,10.0,5,50,2.967,1,13,14066,0
M11,830103,15,2000,15.0,5,50,3.978,1,18,22044,0
M11,830103,20,2000,20.0,5,50,4.9095,1,19,30181,0
M11,830103,30,2000,30.0,5,50,6.969,1,23,46062,0
M11,830103,40,2000,40.0,5,50,9.3885,1,30,61223,0
S_ADAPT,-1,10,2000,10.0,5,47,2.1055,1,9,15789,0
S_ADAPT,-1,15,2000,15.0,5,50,2.7415,1,9,24517,0
S_ADAPT,-1,20,2000,20.0,5,50,3.4825,1,11,33035,0
S_ADAPT,-1,30,2000,30.0,5,50,5.236,1,19,49528,0
S_ADAPT,-1,40,2000,40.0,5,50,7.7885,1,23,64423,0
S_FIXED,-1,10,2000,10.0,10,10,2.44,1,9,15120,0
S_FIXED,-1,15,2000,15.0,15,15,3.477,2,14,23046,0
S_FIXED,-1,20,2000,20.0,20,20,4.4995,2,19,31001,0
S_FIXED,-1,30,2000,30.0,30,30,6.671,3,29,46658,0
S_FIXED,-1,40,2000,40.0,40,40,9.0665,4,35,61867,0
